REGION	POS	REF	ALT	REF_DP	REF_RV	REF_QUAL	ALT_DP	ALT_RV	ALT_QUAL	ALT_FREQ	TOTAL_DP	PVAL	PASS	GFF_FEATURE	REF_CODON	REF_AA	ALT_CODON	ALT_AA
NC_045512.2	14	A	+C	1	0	37	1	0	20	1	1	1	FALSE	NA	NA	NA	NA	NA
NC_045512.2	241	C	T	30	7	40	9503	4376	39	0.996644	9535	0	TRUE	NA	NA	NA	NA	NA
NC_045512.2	1059	C	T	0	0	0	108	38	42	1	108	4.79824e-69	TRUE	cds-YP_009724389.1	ACC	T	ATC	I
NC_045512.2	1059	C	T	0	0	0	108	38	42	1	108	4.79824e-69	TRUE	cds-YP_009725295.1	ACC	T	ATC	I
NC_045512.2	1093	C	T	80	17	44	1	1	37	0.0123457	81	0.45	FALSE	cds-YP_009724389.1	CCC	P	CCT	P
NC_045512.2	1093	C	T	80	17	44	1	1	37	0.0123457	81	0.45	FALSE	cds-YP_009725295.1	CCC	P	CCT	P
NC_045512.2	1123	A	T	88	85	37	1	1	37	0.011236	89	0.486339	FALSE	cds-YP_009724389.1	CCA	P	CCT	P
NC_045512.2	1123	A	T	88	85	37	1	1	37	0.011236	89	0.486339	FALSE	cds-YP_009725295.1	CCA	P	CCT	P
NC_045512.2	1125	G	C	89	86	38	1	1	37	0.0111111	90	0.48913	FALSE	cds-YP_009724389.1	AGG	R	ACG	T
NC_045512.2	1125	G	C	89	86	38	1	1	37	0.0111111	90	0.48913	FALSE	cds-YP_009725295.1	AGG	R	ACG	T
NC_045512.2	1652	A	G	0	0	0	245	179	38	1	245	2.47595e-150	TRUE	cds-YP_009724389.1	ATT	I	GTT	V
NC_045512.2	1652	A	G	0	0	0	245	179	38	1	245	2.47595e-150	TRUE	cds-YP_009725295.1	ATT	I	GTT	V
NC_045512.2	1704	T	G	72	62	38	1	1	25	0.0136986	73	0.483444	FALSE	cds-YP_009724389.1	TTT	F	TGT	C
NC_045512.2	1704	T	G	72	62	38	1	1	25	0.0136986	73	0.483444	FALSE	cds-YP_009725295.1	TTT	F	TGT	C
NC_045512.2	1719	G	A	105	72	38	2	1	37	0.0186916	107	0.233278	FALSE	cds-YP_009724389.1	AGT	S	AAT	N
NC_045512.2	1719	G	A	105	72	38	2	1	37	0.0186916	107	0.233278	FALSE	cds-YP_009725295.1	AGT	S	AAT	N
NC_045512.2	1720	T	A	107	74	38	2	1	37	0.0183486	109	0.237789	FALSE	cds-YP_009724389.1	AGT	S	AGA	R
NC_045512.2	1720	T	A	107	74	38	2	1	37	0.0183486	109	0.237789	FALSE	cds-YP_009725295.1	AGT	S	AGA	R
NC_045512.2	1723	T	A	107	74	38	2	1	37	0.0183486	109	0.237789	FALSE	cds-YP_009724389.1	GCT	A	GCA	A
NC_045512.2	1723	T	A	107	74	38	2	1	37	0.0183486	109	0.237789	FALSE	cds-YP_009725295.1	GCT	A	GCA	A
NC_045512.2	1724	T	C	105	72	38	2	1	37	0.0186916	107	0.233278	FALSE	cds-YP_009724389.1	TTT	F	CTT	L
NC_045512.2	1724	T	C	105	72	38	2	1	37	0.0186916	107	0.233278	FALSE	cds-YP_009725295.1	TTT	F	CTT	L
NC_045512.2	1730	G	A	63	33	40	3	1	37	0.0454545	66	0.109155	FALSE	cds-YP_009724389.1	GAA	E	AAA	K
NC_045512.2	1730	G	A	63	33	40	3	1	37	0.0454545	66	0.109155	FALSE	cds-YP_009725295.1	GAA	E	AAA	K
NC_045512.2	1783	T	-G	70	46	41	4	0	20	0.0506329	79	0.0538328	FALSE	NA	NA	NA	NA	NA
NC_045512.2	1829	A	G	64	26	41	2	1	25	0.030303	66	0.220452	FALSE	cds-YP_009724389.1	AAT	N	GAT	D
NC_045512.2	1829	A	G	64	26	41	2	1	25	0.030303	66	0.220452	FALSE	cds-YP_009725295.1	AAT	N	GAT	D
NC_045512.2	1946	G	+T	170	26	57	3	0	20	0.0112782	266	0.307969	FALSE	NA	NA	NA	NA	NA
NC_045512.2	2300	T	C	198	128	40	2	1	37	0.01	200	0.218799	FALSE	cds-YP_009724389.1	TTT	F	CTT	L
NC_045512.2	2300	T	C	198	128	40	2	1	37	0.01	200	0.218799	FALSE	cds-YP_009725295.1	TTT	F	CTT	L
NC_045512.2	2421	A	G	50	12	44	1	0	37	0.0196078	51	0.455357	FALSE	cds-YP_009724389.1	AAG	K	AGG	R
NC_045512.2	2421	A	G	50	12	44	1	0	37	0.0196078	51	0.455357	FALSE	cds-YP_009725295.1	AAG	K	AGG	R
NC_045512.2	2472	C	-A	101	36	37	2	0	20	0.0194175	103	0.503677	FALSE	NA	NA	NA	NA	NA
NC_045512.2	2540	A	T	51	20	47	1	1	25	0.0192308	52	0.429752	FALSE	cds-YP_009724389.1	AAA	K	TAA	*
NC_045512.2	2540	A	T	51	20	47	1	1	25	0.0192308	52	0.429752	FALSE	cds-YP_009725295.1	AAA	K	TAA	*
NC_045512.2	2819	G	A	121	49	46	2	1	37	0.0162602	123	0.197708	FALSE	cds-YP_009724389.1	GTA	V	ATA	I
NC_045512.2	2819	G	A	121	49	46	2	1	37	0.0162602	123	0.197708	FALSE	cds-YP_009725295.1	GTA	V	ATA	I
NC_045512.2	2863	A	-G	52	44	37	1	0	20	0.0192308	52	0.509615	FALSE	NA	NA	NA	NA	NA
NC_045512.2	2884	T	G	70	62	40	1	1	37	0.0140845	71	0.47973	FALSE	cds-YP_009724389.1	TGT	C	TGG	W
NC_045512.2	2884	T	G	70	62	40	1	1	37	0.0140845	71	0.47973	FALSE	cds-YP_009725295.1	TGT	C	TGG	W
NC_045512.2	2950	T	C	375	112	44	4	3	37	0.0105541	379	0.0399267	FALSE	cds-YP_009724389.1	ATT	I	ATC	I
NC_045512.2	2950	T	C	375	112	44	4	3	37	0.0105541	379	0.0399267	FALSE	cds-YP_009725295.1	ATT	I	ATC	I
NC_045512.2	3037	C	T	0	0	0	405	217	45	1	405	9.75671e-274	TRUE	cds-YP_009724389.1	TTC	F	TTT	F
NC_045512.2	3037	C	T	0	0	0	405	217	45	1	405	9.75671e-274	TRUE	cds-YP_009725295.1	TTC	F	TTT	F
NC_045512.2	3296	C	+A	143	77	38	2	0	20	0.013245	151	0.487246	FALSE	NA	NA	NA	NA	NA
NC_045512.2	3300	T	C	140	76	38	2	1	31	0.0140845	142	0.235631	FALSE	cds-YP_009724389.1	TTA	L	TCA	S
NC_045512.2	3300	T	C	140	76	38	2	1	31	0.0140845	142	0.235631	FALSE	cds-YP_009725295.1	TTA	L	TCA	S
NC_045512.2	3307	G	T	53	14	40	1	0	37	0.0185185	54	0.469565	FALSE	cds-YP_009724389.1	ATG	M	ATT	I
NC_045512.2	3307	G	T	53	14	40	1	0	37	0.0185185	54	0.469565	FALSE	cds-YP_009725295.1	ATG	M	ATT	I
NC_045512.2	3380	T	C	96	70	38	2	1	37	0.0204082	98	0.241257	FALSE	cds-YP_009724389.1	TAC	Y	CAC	H
NC_045512.2	3380	T	C	96	70	38	2	1	37	0.0204082	98	0.241257	FALSE	cds-YP_009725295.1	TAC	Y	CAC	H
NC_045512.2	3452	G	+T	147	62	38	2	0	20	0.012987	154	0.490034	FALSE	NA	NA	NA	NA	NA
NC_045512.2	3524	T	C	66	21	48	1	0	74	0.0149254	67	0.429487	FALSE	cds-YP_009724389.1	TCT	S	CCT	P
NC_045512.2	3524	T	C	66	21	48	1	0	74	0.0149254	67	0.429487	FALSE	cds-YP_009725295.1	TCT	S	CCT	P
NC_045512.2	3591	A	C	95	52	36	1	0	25	0.0104167	96	0.494845	FALSE	cds-YP_009724389.1	AAT	N	ACT	T
NC_045512.2	3591	A	C	95	52	36	1	0	25	0.0104167	96	0.494845	FALSE	cds-YP_009725295.1	AAT	N	ACT	T
NC_045512.2	3624	C	T	107	63	41	2	1	31	0.0183486	109	0.22157	FALSE	cds-YP_009724389.1	CCA	P	CTA	L
NC_045512.2	3624	C	T	107	63	41	2	1	31	0.0183486	109	0.22157	FALSE	cds-YP_009725295.1	CCA	P	CTA	L
NC_045512.2	3832	C	-T	35	10	49	1	0	20	0.0212766	47	0.439024	FALSE	NA	NA	NA	NA	NA
NC_045512.2	3880	G	T	80	49	37	1	1	37	0.0123457	81	0.496933	FALSE	cds-YP_009724389.1	GAG	E	GAT	D
NC_045512.2	3880	G	T	80	49	37	1	1	37	0.0123457	81	0.496933	FALSE	cds-YP_009725295.1	GAG	E	GAT	D
NC_045512.2	3893	G	A	58	28	37	1	0	37	0.0169492	59	0.487603	FALSE	cds-YP_009724389.1	GAA	E	AAA	K
NC_045512.2	3893	G	A	58	28	37	1	0	37	0.0169492	59	0.487603	FALSE	cds-YP_009725295.1	GAA	E	AAA	K
NC_045512.2	3914	G	A	57	31	36	1	1	37	0.0172414	58	0.504348	FALSE	cds-YP_009724389.1	GAA	E	AAA	K
NC_045512.2	3914	G	A	57	31	36	1	1	37	0.0172414	58	0.504348	FALSE	cds-YP_009725295.1	GAA	E	AAA	K
NC_045512.2	3939	G	+A	57	32	37	1	0	20	0.0172414	58	0.504348	FALSE	NA	NA	NA	NA	NA
NC_045512.2	3971	G	A	53	40	40	2	2	37	0.0363636	55	0.230554	FALSE	cds-YP_009724389.1	GTT	V	ATT	I
NC_045512.2	3971	G	A	53	40	40	2	2	37	0.0363636	55	0.230554	FALSE	cds-YP_009725295.1	GTT	V	ATT	I
NC_045512.2	4133	G	-TTGTTCAAGAGGGTGTT	112	28	58	2	0	20	0.011236	178	0.33963	FALSE	NA	NA	NA	NA	NA
NC_045512.2	4158	C	T	311	126	44	20	8	45	0.060423	331	1.03268e-07	TRUE	cds-YP_009724389.1	GCT	A	GTT	V
NC_045512.2	4158	C	T	311	126	44	20	8	45	0.060423	331	1.03268e-07	TRUE	cds-YP_009725295.1	GCT	A	GTT	V
NC_045512.2	4411	A	-G	86	35	46	2	0	20	0.0181818	110	0.419948	FALSE	NA	NA	NA	NA	NA
NC_045512.2	4795	C	G	79	56	37	1	1	37	0.0125	80	0.493827	FALSE	cds-YP_009724389.1	TCC	S	TCG	S
NC_045512.2	4795	C	G	79	56	37	1	1	37	0.0125	80	0.493827	FALSE	cds-YP_009725295.1	TCC	S	TCG	S
NC_045512.2	4810	C	T	79	58	37	1	0	37	0.0125	80	0.493827	FALSE	cds-YP_009724389.1	TCC	S	TCT	S
NC_045512.2	4810	C	T	79	58	37	1	0	37	0.0125	80	0.493827	FALSE	cds-YP_009725295.1	TCC	S	TCT	S
NC_045512.2	4920	C	T	0	0	0	115	11	37	1	115	5.53787e-69	TRUE	cds-YP_009724389.1	ACC	T	ATC	I
NC_045512.2	4920	C	T	0	0	0	115	11	37	1	115	5.53787e-69	TRUE	cds-YP_009725295.1	ACC	T	ATC	I
NC_045512.2	5011	A	T	0	0	0	2	1	37	0.010582	189	3.23876e-05	TRUE	cds-YP_009724389.1	CAA	Q	CAT	H
NC_045512.2	5011	A	T	0	0	0	2	1	37	0.010582	189	3.23876e-05	TRUE	cds-YP_009725295.1	CAA	Q	CAT	H
NC_045512.2	5011	A	C	0	0	0	187	65	48	0.989418	189	3.73987e-128	TRUE	cds-YP_009724389.1	CAA	Q	CAC	H
NC_045512.2	5011	A	C	0	0	0	187	65	48	0.989418	189	3.73987e-128	TRUE	cds-YP_009725295.1	CAA	Q	CAC	H
NC_045512.2	5154	A	-G	43	27	37	1	0	20	0.0227273	44	0.505747	FALSE	NA	NA	NA	NA	NA
NC_045512.2	5195	G	A	44	8	36	2	1	37	0.0434783	46	0.252747	FALSE	cds-YP_009724389.1	GGT	G	AGT	S
NC_045512.2	5195	G	A	44	8	36	2	1	37	0.0434783	46	0.252747	FALSE	cds-YP_009725295.1	GGT	G	AGT	S
NC_045512.2	5239	C	T	52	16	48	1	0	37	0.0188679	53	0.430894	FALSE	cds-YP_009724389.1	TAC	Y	TAT	Y
NC_045512.2	5239	C	T	52	16	48	1	0	37	0.0188679	53	0.430894	FALSE	cds-YP_009725295.1	TAC	Y	TAT	Y
NC_045512.2	5274	C	T	77	21	49	1	0	74	0.0128205	78	0.428571	FALSE	cds-YP_009724389.1	GCA	A	GTA	V
NC_045512.2	5274	C	T	77	21	49	1	0	74	0.0128205	78	0.428571	FALSE	cds-YP_009725295.1	GCA	A	GTA	V
NC_045512.2	5309	A	G	113	59	38	2	1	37	0.0173913	115	0.236387	FALSE	cds-YP_009724389.1	ACA	T	GCA	A
NC_045512.2	5309	A	G	113	59	38	2	1	37	0.0173913	115	0.236387	FALSE	cds-YP_009725295.1	ACA	T	GCA	A
NC_045512.2	5628	C	T	1	0	74	152	88	41	0.993464	153	2.8448e-95	TRUE	cds-YP_009724389.1	ACG	T	ATG	M
NC_045512.2	5628	C	T	1	0	74	152	88	41	0.993464	153	2.8448e-95	TRUE	cds-YP_009725295.1	ACG	T	ATG	M
NC_045512.2	5824	T	C	52	7	39	1	0	37	0.0188679	53	0.486239	FALSE	cds-YP_009724389.1	CTT	L	CTC	L
NC_045512.2	5824	T	C	52	7	39	1	0	37	0.0188679	53	0.486239	FALSE	cds-YP_009725295.1	CTT	L	CTC	L
NC_045512.2	5834	T	A	49	6	41	1	0	37	0.02	50	0.47619	FALSE	cds-YP_009724389.1	TCA	S	ACA	T
NC_045512.2	5834	T	A	49	6	41	1	0	37	0.02	50	0.47619	FALSE	cds-YP_009725295.1	TCA	S	ACA	T
NC_045512.2	5861	G	+T	41	10	38	1	0	20	0.0232558	43	0.5	FALSE	NA	NA	NA	NA	NA
NC_045512.2	6138	C	A	212	100	37	4	2	37	0.0185185	216	0.0616309	FALSE	cds-YP_009724389.1	ACA	T	AAA	K
NC_045512.2	6138	C	A	212	100	37	4	2	37	0.0185185	216	0.0616309	FALSE	cds-YP_009725295.1	ACA	T	AAA	K
NC_045512.2	6211	A	-G	111	39	44	2	0	20	0.0147059	136	0.433374	FALSE	NA	NA	NA	NA	NA
NC_045512.2	6560	T	C	28	4	36	1	0	37	0.0344828	29	0.491525	FALSE	cds-YP_009724389.1	TAT	Y	CAT	H
NC_045512.2	6560	T	C	28	4	36	1	0	37	0.0344828	29	0.491525	FALSE	cds-YP_009725295.1	TAT	Y	CAT	H
NC_045512.2	6607	T	C	26	3	37	2	1	31	0.0714286	28	0.254545	FALSE	cds-YP_009724389.1	TCT	S	TCC	S
NC_045512.2	6607	T	C	26	3	37	2	1	31	0.0714286	28	0.254545	FALSE	cds-YP_009725295.1	TCT	S	TCC	S
NC_045512.2	6670	G	A	123	35	40	2	1	37	0.016	125	0.22324	FALSE	cds-YP_009724389.1	TGG	W	TGA	*
NC_045512.2	6670	G	A	123	35	40	2	1	37	0.016	125	0.22324	FALSE	cds-YP_009725295.1	TGG	W	TGA	*
NC_045512.2	6696	C	+T	116	50	36	4	0	20	0.0338983	118	0.192848	FALSE	NA	NA	NA	NA	NA
NC_045512.2	6744	G	+T	126	59	43	2	0	20	0.0134228	149	0.44555	FALSE	NA	NA	NA	NA	NA
NC_045512.2	6753	G	A	65	13	48	1	0	74	0.0151515	66	0.428571	FALSE	cds-YP_009724389.1	CGT	R	CAT	H
NC_045512.2	6753	G	A	65	13	48	1	0	74	0.0151515	66	0.428571	FALSE	cds-YP_009725295.1	CGT	R	CAT	H
NC_045512.2	6930	A	-T	128	48	39	2	0	20	0.0145985	137	0.483021	FALSE	NA	NA	NA	NA	NA
NC_045512.2	7007	G	A	85	26	44	1	0	74	0.0116279	86	0.445596	FALSE	cds-YP_009724389.1	GCT	A	ACT	T
NC_045512.2	7007	G	A	85	26	44	1	0	74	0.0116279	86	0.445596	FALSE	cds-YP_009725295.1	GCT	A	ACT	T
NC_045512.2	7051	C	T	87	57	38	1	0	62	0.0113636	88	0.486188	FALSE	cds-YP_009724389.1	TAC	Y	TAT	Y
NC_045512.2	7051	C	T	87	57	38	1	0	62	0.0113636	88	0.486188	FALSE	cds-YP_009725295.1	TAC	Y	TAT	Y
NC_045512.2	7246	G	T	15	11	46	1	1	37	0.0625	16	0.457143	FALSE	cds-YP_009724389.1	TGG	W	TGT	C
NC_045512.2	7246	G	T	15	11	46	1	1	37	0.0625	16	0.457143	FALSE	cds-YP_009725295.1	TGG	W	TGT	C
NC_045512.2	7547	A	G	582	483	40	6	3	37	0.0102041	588	0.0105861	FALSE	cds-YP_009724389.1	AAT	N	GAT	D
NC_045512.2	7547	A	G	582	483	40	6	3	37	0.0102041	588	0.0105861	FALSE	cds-YP_009725295.1	AAT	N	GAT	D
NC_045512.2	8230	T	A	156	71	37	2	1	37	0.0126582	158	0.241491	FALSE	cds-YP_009724389.1	CTT	L	CTA	L
NC_045512.2	8230	T	A	156	71	37	2	1	37	0.0126582	158	0.241491	FALSE	cds-YP_009725295.1	CTT	L	CTA	L
NC_045512.2	8447	C	+A	133	42	44	2	0	20	0.0123457	162	0.434068	FALSE	NA	NA	NA	NA	NA
NC_045512.2	8854	T	G	223	120	44	3	2	37	0.0132743	226	0.0900388	FALSE	cds-YP_009724389.1	GGT	G	GGG	G
NC_045512.2	8854	T	G	223	120	44	3	2	37	0.0132743	226	0.0900388	FALSE	cds-YP_009725295.1	GGT	G	GGG	G
NC_045512.2	8905	C	+T	181	64	47	3	0	20	0.0127119	236	0.386478	FALSE	NA	NA	NA	NA	NA
NC_045512.2	8987	T	C	85	22	39	1	0	74	0.0116279	86	0.480447	FALSE	cds-YP_009724389.1	TTT	F	CTT	L
NC_045512.2	8987	T	C	85	22	39	1	0	74	0.0116279	86	0.480447	FALSE	cds-YP_009725295.1	TTT	F	CTT	L
NC_045512.2	9502	C	T	237	65	43	3	0	49	0.0125	240	0.094343	FALSE	cds-YP_009724389.1	GCC	A	GCT	A
NC_045512.2	9502	C	T	237	65	43	3	0	49	0.0125	240	0.094343	FALSE	cds-YP_009725295.1	GCC	A	GCT	A
NC_045512.2	9627	C	+T	158	103	37	5	0	20	0.03125	160	0.113074	FALSE	NA	NA	NA	NA	NA
NC_045512.2	9746	C	+T	37	23	40	1	0	20	0.0243902	41	0.487179	FALSE	NA	NA	NA	NA	NA
NC_045512.2	9792	A	G	197	65	37	2	1	31	0.0100503	199	0.244426	FALSE	cds-YP_009724389.1	GAA	E	GGA	G
NC_045512.2	9792	A	G	197	65	37	2	1	31	0.0100503	199	0.244426	FALSE	cds-YP_009725295.1	GAA	E	GGA	G
NC_045512.2	10177	T	C	438	315	38	5	3	37	0.0112867	443	0.0276275	FALSE	cds-YP_009724389.1	CAT	H	CAC	H
NC_045512.2	10177	T	C	438	315	38	5	3	37	0.0112867	443	0.0276275	FALSE	cds-YP_009725295.1	CAT	H	CAC	H
NC_045512.2	10605	C	+T	378	276	37	8	0	20	0.0207792	385	0.113275	FALSE	NA	NA	NA	NA	NA
NC_045512.2	10619	C	A	153	72	38	2	0	37	0.0129032	155	0.23829	FALSE	cds-YP_009724389.1	CAA	Q	AAA	K
NC_045512.2	10619	C	A	153	72	38	2	0	37	0.0129032	155	0.23829	FALSE	cds-YP_009725295.1	CAA	Q	AAA	K
NC_045512.2	11028	T	G	41	17	37	1	1	37	0.0238095	42	0.5	FALSE	cds-YP_009724389.1	TTG	L	TGG	W
NC_045512.2	11028	T	G	41	17	37	1	1	37	0.0238095	42	0.5	FALSE	cds-YP_009725295.1	TTG	L	TGG	W
NC_045512.2	11074	C	+T	224	84	39	4	0	20	0.0164609	243	0.315137	FALSE	NA	NA	NA	NA	NA
NC_045512.2	11093	G	A	193	61	39	2	1	37	0.0102564	195	0.230068	FALSE	cds-YP_009724389.1	GCC	A	ACC	T
NC_045512.2	11093	G	A	193	61	39	2	1	37	0.0102564	195	0.230068	FALSE	cds-YP_009725295.1	GCC	A	ACC	T
NC_045512.2	11095	C	+T	194	62	39	6	0	20	0.0283019	212	0.125307	FALSE	NA	NA	NA	NA	NA
NC_045512.2	11246	A	G	179	35	46	2	1	37	0.0110497	181	0.195239	FALSE	cds-YP_009724389.1	ATG	M	GTG	V
NC_045512.2	11246	A	G	179	35	46	2	1	37	0.0110497	181	0.195239	FALSE	cds-YP_009725295.1	ATG	M	GTG	V
NC_045512.2	12425	G	A	106	0	36	2	0	37	0.0185185	108	0.248837	FALSE	cds-YP_009724389.1	GAT	D	AAT	N
NC_045512.2	12425	G	A	106	0	36	2	0	37	0.0185185	108	0.248837	FALSE	cds-YP_009725295.1	GAT	D	AAT	N
NC_045512.2	12468	C	T	0	0	0	121	39	48	1	121	4.62289e-83	TRUE	cds-YP_009724389.1	GCC	A	GTC	V
NC_045512.2	12468	C	T	0	0	0	121	39	48	1	121	4.62289e-83	TRUE	cds-YP_009725295.1	GCC	A	GTC	V
NC_045512.2	12525	C	T	0	0	0	120	39	49	1	120	1.0774e-82	TRUE	cds-YP_009724389.1	ACA	T	ATA	I
NC_045512.2	12525	C	T	0	0	0	120	39	49	1	120	1.0774e-82	TRUE	cds-YP_009725295.1	ACA	T	ATA	I
NC_045512.2	13459	G	T	0	0	0	1100	569	36	1	1100	0	TRUE	cds-YP_009724389.1	TCG	S	TCT	S
NC_045512.2	13459	G	T	0	0	0	1100	569	36	1	1100	0	TRUE	cds-YP_009725295.1	TCG	S	TCT	S
NC_045512.2	13840	T	C	99	95	36	1	1	37	0.01	100	0.502513	FALSE	cds-YP_009724389.1	TTT	F	CTT	L
NC_045512.2	13996	T	C	244	102	38	3	2	33	0.0121457	247	0.110915	FALSE	cds-YP_009724389.1	TTG	L	CTG	L
NC_045512.2	14118	G	T	0	0	0	103	51	42	1	103	9.19107e-66	TRUE	cds-YP_009724389.1	ACG	T	ACT	T
NC_045512.2	14162	T	G	42	37	37	1	1	37	0.0232558	43	0.505882	FALSE	cds-YP_009724389.1	TTA	L	TGA	*
NC_045512.2	14282	A	G	83	28	43	1	0	74	0.0119048	84	0.456522	FALSE	cds-YP_009724389.1	AAA	K	AGA	R
NC_045512.2	14408	C	T	0	0	0	96	56	36	1	96	5.54047e-57	TRUE	cds-YP_009724389.1	CCT	P	CTT	L
NC_045512.2	14478	C	A	35	0	37	1	0	37	0.0277778	36	0.493151	FALSE	cds-YP_009724389.1	TAC	Y	TAA	*
NC_045512.2	15763	C	T	99	62	39	1	0	37	0.01	100	0.47619	FALSE	cds-YP_009724389.1	CTA	L	TTA	L
NC_045512.2	15965	G	+T	334	49	44	15	0	20	0.036855	407	0.00344825	TRUE	NA	NA	NA	NA	NA
NC_045512.2	16270	A	G	169	123	36	2	1	37	0.0116959	171	0.250733	FALSE	cds-YP_009724389.1	ACT	T	GCT	A
NC_045512.2	16283	G	C	178	132	42	2	1	37	0.0111111	180	0.217938	FALSE	cds-YP_009724389.1	TGT	C	TCT	S
NC_045512.2	16324	T	G	398	230	39	6	3	37	0.0148515	404	0.0126742	FALSE	cds-YP_009724389.1	TGT	C	GGT	G
NC_045512.2	16417	A	G	45	7	46	1	0	74	0.0217391	46	0.442308	FALSE	cds-YP_009724389.1	ACT	T	GCT	A
NC_045512.2	16960	C	A	149	11	37	2	0	37	0.013245	151	0.244284	FALSE	cds-YP_009724389.1	CCA	P	ACA	T
NC_045512.2	16973	A	G	147	13	36	2	0	37	0.0134228	149	0.245842	FALSE	cds-YP_009724389.1	TAT	Y	TGT	C
NC_045512.2	17157	A	G	117	57	37	2	1	37	0.0168067	119	0.251055	FALSE	cds-YP_009724389.1	ACA	T	ACG	T
NC_045512.2	17853	A	-G	53	45	36	1	0	20	0.0188679	53	0.509434	FALSE	NA	NA	NA	NA	NA
NC_045512.2	18368	G	+T	2197	1002	40	36	0	20	0.014742	2442	0.0376103	FALSE	NA	NA	NA	NA	NA
NC_045512.2	18687	C	T	1	0	37	349	139	42	0.997143	350	1.35355e-224	TRUE	cds-YP_009724389.1	TGC	C	TGT	C
NC_045512.2	19335	T	-A	80	32	37	1	0	20	0.0125	80	0.50625	FALSE	NA	NA	NA	NA	NA
NC_045512.2	19406	G	A	63	14	51	1	0	37	0.015625	64	0.423841	FALSE	cds-YP_009724389.1	GGA	G	GAA	E
NC_045512.2	19477	G	C	60	37	40	1	1	37	0.0163934	61	0.480315	FALSE	cds-YP_009724389.1	GGT	G	CGT	R
NC_045512.2	19489	T	C	181	51	38	2	1	37	0.010929	183	0.242631	FALSE	cds-YP_009724389.1	TGT	C	CGT	R
NC_045512.2	19554	C	T	183	66	46	2	0	74	0.0108108	185	0.1916	FALSE	cds-YP_009724389.1	GGC	G	GGT	G
NC_045512.2	19796	C	T	108	51	36	2	1	37	0.0181818	110	0.246606	FALSE	cds-YP_009724389.1	GCT	A	GTT	V
NC_045512.2	19827	G	A	116	59	43	2	1	37	0.0169492	118	0.213154	FALSE	cds-YP_009724389.1	GTG	V	GTA	V
NC_045512.2	19852	G	A	95	23	44	1	0	37	0.0104167	96	0.450704	FALSE	cds-YP_009724389.1	GAC	D	AAC	N
NC_045512.2	19865	A	T	93	22	44	1	0	22	0.0106383	94	0.693703	FALSE	cds-YP_009724389.1	AAT	N	ATT	I
NC_045512.2	19983	C	T	653	256	36	9	3	37	0.0135952	662	0.00188749	TRUE	cds-YP_009724389.1	GTC	V	GTT	V
NC_045512.2	19983	C	+T	653	256	36	7	0	20	0.0105422	664	0.49666	FALSE	NA	NA	NA	NA	NA
NC_045512.2	20326	G	+T	38	27	37	1	0	20	0.0263158	38	0.513158	FALSE	NA	NA	NA	NA	NA
NC_045512.2	20389	C	A	99	43	37	1	0	37	0.01	100	0.5	FALSE	cds-YP_009724389.1	CGT	R	AGT	S
NC_045512.2	20397	G	T	99	43	37	1	0	37	0.01	100	0.5	FALSE	cds-YP_009724389.1	AAG	K	AAT	N
NC_045512.2	20417	A	G	99	44	36	1	0	37	0.01	100	0.502513	FALSE	cds-YP_009724389.1	GAA	E	GGA	G
NC_045512.2	20451	C	-TA	100	44	36	1	0	20	0.01	100	0.753731	FALSE	NA	NA	NA	NA	NA
NC_045512.2	20479	T	A	26	0	36	1	0	37	0.037037	27	0.509434	FALSE	cds-YP_009724389.1	TCA	S	ACA	T
NC_045512.2	20856	A	-G	88	66	36	1	0	20	0.0113636	88	0.505682	FALSE	NA	NA	NA	NA	NA
NC_045512.2	20975	A	G	66	28	42	2	1	37	0.0294118	68	0.221251	FALSE	cds-YP_009724389.1	GAT	D	GGT	G
NC_045512.2	21101	G	+T	140	47	37	6	0	20	0.0416667	144	0.0636392	FALSE	NA	NA	NA	NA	NA
NC_045512.2	21440	C	T	43	15	47	1	0	74	0.0227273	44	0.44	FALSE	cds-YP_009724389.1	TCT	S	TTT	F
NC_045512.2	21543	T	C	14	9	37	1	1	37	0.0666667	15	0.517241	FALSE	cds-YP_009724389.1	CTT	L	CTC	L
NC_045512.2	21912	T	G	36	25	41	1	1	37	0.027027	37	0.474359	FALSE	cds-YP_009724390.1	CTA	L	CGA	R
NC_045512.2	21973	T	C	47	43	39	1	1	25	0.0208333	48	0.489796	FALSE	cds-YP_009724390.1	AAT	N	AAC	N
NC_045512.2	22218	G	-T	150	62	46	2	0	20	0.0106383	188	0.422614	FALSE	NA	NA	NA	NA	NA
NC_045512.2	22225	G	C	148	61	46	2	1	37	0.0133333	150	0.197382	FALSE	cds-YP_009724390.1	TCG	S	TCC	S
NC_045512.2	22458	C	A	112	52	45	2	1	37	0.0175439	114	0.202052	FALSE	cds-YP_009724390.1	ACA	T	AAA	K
NC_045512.2	22569	G	+C	45	26	36	2	0	20	0.0444444	45	0.26398	FALSE	NA	NA	NA	NA	NA
NC_045512.2	22583	G	-TT	45	26	36	1	0	20	0.0222222	45	0.511111	FALSE	NA	NA	NA	NA	NA
NC_045512.2	22642	C	T	96	24	36	2	1	37	0.0204082	98	0.248718	FALSE	cds-YP_009724390.1	AAC	N	AAT	N
NC_045512.2	22752	C	T	95	68	36	1	1	37	0.0104167	96	0.502618	FALSE	cds-YP_009724390.1	GCA	A	GTA	V
NC_045512.2	22754	G	T	98	71	38	1	1	37	0.010101	99	0.492537	FALSE	cds-YP_009724390.1	GAT	D	TAT	Y
NC_045512.2	22777	T	C	98	71	38	1	1	25	0.010101	99	0.743731	FALSE	cds-YP_009724390.1	GAT	D	GAC	D
NC_045512.2	22811	A	C	77	25	38	1	0	25	0.0128205	78	0.484472	FALSE	cds-YP_009724390.1	AAG	K	CAG	Q
NC_045512.2	22837	A	G	0	0	0	71	29	37	1	71	5.3671e-42	TRUE	cds-YP_009724390.1	TTA	L	TTG	L
NC_045512.2	22894	G	A	116	52	42	2	1	31	0.0169492	118	0.216544	FALSE	cds-YP_009724390.1	AAG	K	AAA	K
NC_045512.2	23098	A	-CTTT	86	28	36	1	0	20	0.0114943	87	0.50289	FALSE	NA	NA	NA	NA	NA
NC_045512.2	23403	A	G	0	0	0	329	174	36	1	329	5.37812e-197	TRUE	cds-YP_009724390.1	GAT	D	GGT	G
NC_045512.2	23858	G	A	64	57	36	1	1	37	0.0153846	65	0.503876	FALSE	cds-YP_009724390.1	GCT	A	ACT	T
NC_045512.2	24022	T	C	44	24	47	1	0	62	0.0222222	45	0.441176	FALSE	cds-YP_009724390.1	GAT	D	GAC	D
NC_045512.2	24123	A	G	184	96	38	2	1	37	0.0107527	186	0.229162	FALSE	cds-YP_009724390.1	AAG	K	AGG	R
NC_045512.2	24159	C	T	89	29	42	1	0	37	0.0111111	90	0.463918	FALSE	cds-YP_009724390.1	ACA	T	ATA	I
NC_045512.2	24196	A	G	89	44	39	2	1	25	0.021978	91	0.230496	FALSE	cds-YP_009724390.1	TTA	L	TTG	L
NC_045512.2	24230	G	A	135	66	38	2	1	37	0.0145985	137	0.236807	FALSE	cds-YP_009724390.1	GCA	A	ACA	T
NC_045512.2	24418	C	A	82	25	37	1	0	37	0.0120482	83	0.5	FALSE	cds-YP_009724390.1	GTC	V	GTA	V
NC_045512.2	24435	C	T	82	24	36	2	1	37	0.0238095	84	0.251497	FALSE	cds-YP_009724390.1	GCT	A	GTT	V
NC_045512.2	24481	T	C	81	25	42	1	0	37	0.0121951	82	0.458101	FALSE	cds-YP_009724390.1	ATT	I	ATC	I
NC_045512.2	24566	C	-A	78	31	37	2	0	20	0.0253165	79	0.254777	FALSE	NA	NA	NA	NA	NA
NC_045512.2	24590	C	A	96	50	41	1	0	74	0.0103093	97	0.466346	FALSE	cds-YP_009724390.1	CAA	Q	AAA	K
NC_045512.2	24862	A	T	71	33	41	1	0	74	0.0138889	72	0.473684	FALSE	cds-YP_009724390.1	ACA	T	ACT	T
NC_045512.2	24871	T	C	71	32	41	1	1	37	0.0138889	72	0.473684	FALSE	cds-YP_009724390.1	TTT	F	TTC	F
NC_045512.2	24892	T	C	70	41	36	1	1	37	0.0140845	71	0.5	FALSE	cds-YP_009724390.1	TAT	Y	TAC	Y
NC_045512.2	25132	C	G	28	9	40	1	0	48	0.0344828	29	0.47541	FALSE	cds-YP_009724390.1	GCC	A	GCG	A
NC_045512.2	25149	C	T	72	7	39	1	0	37	0.0136986	73	0.489933	FALSE	cds-YP_009724390.1	TCT	S	TTT	F
NC_045512.2	25204	G	T	74	25	43	1	0	37	0.0133333	75	0.460123	FALSE	cds-YP_009724390.1	TGG	W	TGT	C
NC_045512.2	25563	G	T	0	0	0	1274	461	36	1	1274	0	TRUE	cds-YP_009724391.1	CAG	Q	CAT	H
NC_045512.2	25750	T	C	123	77	36	2	1	31	0.016	125	0.248996	FALSE	cds-YP_009724391.1	TTT	F	CTT	L
NC_045512.2	25784	G	A	125	79	39	2	1	37	0.015748	127	0.232229	FALSE	cds-YP_009724391.1	TGG	W	TAG	*
NC_045512.2	25791	C	G	94	31	40	1	0	37	0.0105263	95	0.470297	FALSE	cds-YP_009724391.1	TGC	C	TGG	W
NC_045512.2	25795	T	A	97	34	40	1	0	37	0.0102041	98	0.478049	FALSE	cds-YP_009724391.1	TCC	S	ACC	T
NC_045512.2	26058	C	G	33	11	37	1	0	37	0.0294118	34	0.507463	FALSE	cds-YP_009724391.1	GAC	D	GAG	E
NC_045512.2	26104	G	T	0	0	0	297	114	38	1	297	2.37709e-183	TRUE	cds-YP_009724391.1	GAT	D	TAT	Y
NC_045512.2	26419	T	C	67	42	38	1	1	37	0.0147059	68	0.492754	FALSE	cds-YP_009724392.1	TAC	Y	CAC	H
NC_045512.2	26440	A	G	82	47	38	1	0	37	0.0120482	83	0.494048	FALSE	cds-YP_009724392.1	AAT	N	GAT	D
NC_045512.2	27254	T	C	57	0	36	1	0	37	0.0172414	58	0.5	FALSE	cds-YP_009724394.1	ATT	I	ACT	T
NC_045512.2	27309	A	T	70	50	45	1	1	37	0.0140845	71	0.449367	FALSE	cds-YP_009724394.1	ATA	I	ATT	I
NC_045512.2	27316	A	C	70	50	44	1	1	37	0.0140845	71	0.449367	FALSE	cds-YP_009724394.1	AAT	N	CAT	H
NC_045512.2	27323	C	A	70	51	45	1	1	37	0.0140845	71	0.452229	FALSE	cds-YP_009724394.1	TCT	S	TAT	Y
NC_045512.2	27369	A	C	68	68	37	1	1	37	0.0144928	69	0.50365	FALSE	cds-YP_009724394.1	CAA	Q	CAC	H
NC_045512.2	27377	A	T	67	67	36	1	1	37	0.0147059	68	0.5	FALSE	cds-YP_009724394.1	GAG	E	GTG	V
NC_045512.2	27379	A	G	68	68	36	1	1	37	0.0144928	69	0.50365	FALSE	cds-YP_009724394.1	ATT	I	GTT	V
NC_045512.2	27740	T	-C	151	45	44	2	0	20	0.0108108	185	0.430999	FALSE	NA	NA	NA	NA	NA
NC_045512.2	27741	C	T	0	0	0	148	45	45	0.993289	149	1.83553e-98	TRUE	cds-YP_009724395.1	CTC	L	CTT	L
NC_045512.2	27867	A	G	369	133	36	4	2	37	0.0107239	373	0.061665	FALSE	cds-YP_009725318.1	AAT	N	GAT	D
NC_045512.2	27920	C	T	0	0	0	973	353	39	1	973	0	TRUE	cds-YP_009724396.1	ATC	I	ATT	I
NC_045512.2	28344	C	T	1	0	37	9864	3915	38	0.999797	9866	0	TRUE	cds-YP_009724397.2	ACT	T	ATT	I
NC_045512.2	28677	C	T	4	2	37	4306	1766	36	0.999072	4310	0	TRUE	cds-YP_009724397.2	ACT	T	ATT	I
NC_045512.2	28893	C	T	0	0	0	9386	4873	36	0.999787	9388	0	TRUE	cds-YP_009724397.2	CCT	P	CTT	L
NC_045512.2	29051	C	+A	3451	2118	36	137	0	20	0.0396068	3459	1.18232e-15	TRUE	NA	NA	NA	NA	NA
NC_045512.2	29187	C	T	1718	936	38	41	26	37	0.0233087	1759	3.05083e-12	TRUE	cds-YP_009724397.2	GCA	A	GTA	V
NC_045512.2	29188	A	G	1713	935	38	43	27	37	0.0244875	1756	7.16447e-13	TRUE	cds-YP_009724397.2	GCA	A	GCG	A
NC_045512.2	29445	C	T	0	0	0	1787	1221	36	1	1787	0	TRUE	cds-YP_009724397.2	ACT	T	ATT	I
NC_045512.2	29760	T	C	12	1	70	1	0	48	0.0769231	13	0.351351	FALSE	NA	NA	NA	NA	NA
