"","CA8376C","A11567AT","G27598C"
"SNP","CA8376C","A11567AT","G27598C"
"freq_1","0.0102424","0.0431373 (low dp)","0.0182155"
"freq_2","0.01","0.0406504 (low dp)","0.0131926 (low dp)"
"freq_3","0.010000","0.043200","0.277004"
"freq_4","0.0117868","0.0471004","0.4403880"
"freq_5","0.0100000","0.0503673","0.0354731"
"freq_6","0.0100000","0.0401026","0.2000480"
"freq_7","0.0378029","0.0146223","0.2009270"
"freq_8","0.01","0.01","0.01"
"freq_9","0.031796","0.043215","0.010000"
"freq_10","0.0230557","0.0624170","0.0100000"
