CHROM	POS	REF	ALT	ANN[*].GENE	ANN[*].GENEID	ANN[*].IMPACT	ANN[*].EFFECT	ANN[*].FEATURE	ANN[*].FEATUREID	ANN[*].BIOTYPE	ANN[*].RANK	ANN[*].HGVS_C	ANN[*].HGVS_P	ANN[*].CDNA_POS	ANN[*].CDNA_LEN	ANN[*].CDS_POS	ANN[*].CDS_LEN	ANN[*].AA_POS	ANN[*].AA_LEN	ANN[*].DISTANCE	EFF[*].EFFECT	EFF[*].FUNCLASS	EFF[*].CODON	EFF[*].AA	EFF[*].AA_LEN
NC_045512.2	241	C	T	ORF1ab	gene-GU280_gp01	MODIFIER	upstream_gene_variant	transcript	TRANSCRIPT_gene-GU280_gp01	protein_coding	-1	c.-25C>T	.	-1	-1	-1	-1	-1	-1	25	upstream_gene_variant	NONE	c.-25C>T	.	-1
NC_045512.2	241	C	T	CHR_START-ORF1ab	CHR_START-gene-GU280_gp01	MODIFIER	intergenic_region	intergenic_region	CHR_START-gene-GU280_gp01	.	-1	n.241C>T	.	-1	-1	-1	-1	-1	-1	0	intergenic_region	NONE	n.241C>T	.	-1
NC_045512.2	395	C	T	ORF1ab	gene-GU280_gp01	HIGH	stop_gained	transcript	TRANSCRIPT_gene-GU280_gp01	protein_coding	1	c.130C>T	p.Gln44*	130	21290	130	21290	44	7095	0	stop_gained	NONE	c.130C>T	p.Gln44*	7095
NC_045512.2	635	C	T	ORF1ab	gene-GU280_gp01	MODERATE	missense_variant	transcript	TRANSCRIPT_gene-GU280_gp01	protein_coding	1	c.370C>T	p.Arg124Cys	370	21290	370	21290	124	7095	0	missense_variant	NONE	c.370C>T	p.Arg124Cys	7095
NC_045512.2	1059	C	T	ORF1ab	gene-GU280_gp01	MODERATE	missense_variant	transcript	TRANSCRIPT_gene-GU280_gp01	protein_coding	1	c.794C>T	p.Thr265Ile	794	21290	794	21290	265	7095	0	missense_variant	NONE	c.794C>T	p.Thr265Ile	7095
NC_045512.2	1288	C	T	ORF1ab	gene-GU280_gp01	LOW	synonymous_variant	transcript	TRANSCRIPT_gene-GU280_gp01	protein_coding	1	c.1023C>T	p.Cys341Cys	1023	21290	1023	21290	341	7095	0	synonymous_variant	NONE	c.1023C>T	p.Cys341Cys	7095
NC_045512.2	1367	AT	A	ORF1ab	gene-GU280_gp01	HIGH	frameshift_variant	transcript	TRANSCRIPT_gene-GU280_gp01	protein_coding	1	c.1105delT	p.Tyr369fs	1105	21290	1105	21290	369	7095	0	frameshift_variant	NONE	c.1105delT	p.Tyr369fs	7095
NC_045512.2	1387	C	A	ORF1ab	gene-GU280_gp01	MODERATE	missense_variant	transcript	TRANSCRIPT_gene-GU280_gp01	protein_coding	1	c.1122C>A	p.His374Gln	1122	21290	1122	21290	374	7095	0	missense_variant	NONE	c.1122C>A	p.His374Gln	7095
NC_045512.2	1469	C	T	ORF1ab	gene-GU280_gp01	MODERATE	missense_variant	transcript	TRANSCRIPT_gene-GU280_gp01	protein_coding	1	c.1204C>T	p.Arg402Cys	1204	21290	1204	21290	402	7095	0	missense_variant	NONE	c.1204C>T	p.Arg402Cys	7095
NC_045512.2	1636	GA	G	ORF1ab	gene-GU280_gp01	HIGH	frameshift_variant	transcript	TRANSCRIPT_gene-GU280_gp01	protein_coding	1	c.1374delA	p.Val459fs	1374	21290	1374	21290	458	7095	0	frameshift_variant	NONE	c.1374delA	p.Val459fs	7095
NC_045512.2	1701	CT	C	ORF1ab	gene-GU280_gp01	HIGH	frameshift_variant	transcript	TRANSCRIPT_gene-GU280_gp01	protein_coding	1	c.1441delT	p.Ser481fs	1441	21290	1441	21290	481	7095	0	frameshift_variant	NONE	c.1441delT	p.Ser481fs	7095
NC_045512.2	1904	A	AT	ORF1ab	gene-GU280_gp01	HIGH	frameshift_variant	transcript	TRANSCRIPT_gene-GU280_gp01	protein_coding	1	c.1643dupT	p.Ser549fs	1644	21290	1644	21290	548	7095	0	frameshift_variant	NONE	c.1643dupT	p.Ser549fs	7095
NC_045512.2	1946	G	GT	ORF1ab	gene-GU280_gp01	HIGH	frameshift_variant	transcript	TRANSCRIPT_gene-GU280_gp01	protein_coding	1	c.1685dupT	p.Leu562fs	1686	21290	1686	21290	562	7095	0	frameshift_variant	NONE	c.1685dupT	p.Leu562fs	7095
NC_045512.2	2726	A	G	ORF1ab	gene-GU280_gp01	MODERATE	missense_variant	transcript	TRANSCRIPT_gene-GU280_gp01	protein_coding	1	c.2461A>G	p.Thr821Ala	2461	21290	2461	21290	821	7095	0	missense_variant	NONE	c.2461A>G	p.Thr821Ala	7095
NC_045512.2	3037	C	T	ORF1ab	gene-GU280_gp01	LOW	synonymous_variant	transcript	TRANSCRIPT_gene-GU280_gp01	protein_coding	1	c.2772C>T	p.Phe924Phe	2772	21290	2772	21290	924	7095	0	synonymous_variant	NONE	c.2772C>T	p.Phe924Phe	7095
NC_045512.2	3796	CT	C	ORF1ab	gene-GU280_gp01	HIGH	frameshift_variant	transcript	TRANSCRIPT_gene-GU280_gp01	protein_coding	1	c.3534delT	p.Phe1178fs	3534	21290	3534	21290	1178	7095	0	frameshift_variant	NONE	c.3534delT	p.Phe1178fs	7095
NC_045512.2	3824	GT	G	ORF1ab	gene-GU280_gp01	HIGH	frameshift_variant	transcript	TRANSCRIPT_gene-GU280_gp01	protein_coding	1	c.3562delT	p.Ser1188fs	3562	21290	3562	21290	1188	7095	0	frameshift_variant	NONE	c.3562delT	p.Ser1188fs	7095
NC_045512.2	4183	T	C	ORF1ab	gene-GU280_gp01	LOW	synonymous_variant	transcript	TRANSCRIPT_gene-GU280_gp01	protein_coding	1	c.3918T>C	p.Ala1306Ala	3918	21290	3918	21290	1306	7095	0	synonymous_variant	NONE	c.3918T>C	p.Ala1306Ala	7095
NC_045512.2	4290	CA	C	ORF1ab	gene-GU280_gp01	HIGH	frameshift_variant	transcript	TRANSCRIPT_gene-GU280_gp01	protein_coding	1	c.4028delA	p.Lys1343fs	4028	21290	4028	21290	1343	7095	0	frameshift_variant	NONE	c.4028delA	p.Lys1343fs	7095
NC_045512.2	4409	G	C	ORF1ab	gene-GU280_gp01	MODERATE	missense_variant	transcript	TRANSCRIPT_gene-GU280_gp01	protein_coding	1	c.4144G>C	p.Ala1382Pro	4144	21290	4144	21290	1382	7095	0	missense_variant	NONE	c.4144G>C	p.Ala1382Pro	7095
NC_045512.2	4419	C	A	ORF1ab	gene-GU280_gp01	MODERATE	missense_variant	transcript	TRANSCRIPT_gene-GU280_gp01	protein_coding	1	c.4154C>A	p.Thr1385Lys	4154	21290	4154	21290	1385	7095	0	missense_variant	NONE	c.4154C>A	p.Thr1385Lys	7095
NC_045512.2	4507	TG	T	ORF1ab	gene-GU280_gp01	HIGH	frameshift_variant	transcript	TRANSCRIPT_gene-GU280_gp01	protein_coding	1	c.4243delG	p.Val1415fs	4243	21290	4243	21290	1415	7095	0	frameshift_variant	NONE	c.4243delG	p.Val1415fs	7095
NC_045512.2	4528	ATTTTACTT	A	ORF1ab	gene-GU280_gp01	HIGH	frameshift_variant	transcript	TRANSCRIPT_gene-GU280_gp01	protein_coding	1	c.4266_4273delTTACTTTT	p.Phe1422fs	4266	21290	4266	21290	1422	7095	0	frameshift_variant	NONE	c.4266_4273delTTACTTTT	p.Phe1422fs	7095
NC_045512.2	6025	T	C	ORF1ab	gene-GU280_gp01	LOW	synonymous_variant	transcript	TRANSCRIPT_gene-GU280_gp01	protein_coding	1	c.5760T>C	p.Tyr1920Tyr	5760	21290	5760	21290	1920	7095	0	synonymous_variant	NONE	c.5760T>C	p.Tyr1920Tyr	7095
NC_045512.2	6033	CA	C	ORF1ab	gene-GU280_gp01	HIGH	frameshift_variant	transcript	TRANSCRIPT_gene-GU280_gp01	protein_coding	1	c.5770delA	p.Ser1924fs	5770	21290	5770	21290	1924	7095	0	frameshift_variant	NONE	c.5770delA	p.Ser1924fs	7095
NC_045512.2	6196	CT	C	ORF1ab	gene-GU280_gp01	HIGH	frameshift_variant	transcript	TRANSCRIPT_gene-GU280_gp01	protein_coding	1	c.5932delT	p.Ser1978fs	5932	21290	5932	21290	1978	7095	0	frameshift_variant	NONE	c.5932delT	p.Ser1978fs	7095
NC_045512.2	6696	C	CT	ORF1ab	gene-GU280_gp01	HIGH	frameshift_variant	transcript	TRANSCRIPT_gene-GU280_gp01	protein_coding	1	c.6435dupT	p.Leu2146fs	6436	21290	6436	21290	2146	7095	0	frameshift_variant	NONE	c.6435dupT	p.Leu2146fs	7095
NC_045512.2	6772	G	C	ORF1ab	gene-GU280_gp01	MODERATE	missense_variant	transcript	TRANSCRIPT_gene-GU280_gp01	protein_coding	1	c.6507G>C	p.Met2169Ile	6507	21290	6507	21290	2169	7095	0	missense_variant	NONE	c.6507G>C	p.Met2169Ile	7095
NC_045512.2	6861	CA	C	ORF1ab	gene-GU280_gp01	HIGH	frameshift_variant	transcript	TRANSCRIPT_gene-GU280_gp01	protein_coding	1	c.6599delA	p.Lys2200fs	6599	21290	6599	21290	2200	7095	0	frameshift_variant	NONE	c.6599delA	p.Lys2200fs	7095
NC_045512.2	6930	ATT	A	ORF1ab	gene-GU280_gp01	HIGH	frameshift_variant	transcript	TRANSCRIPT_gene-GU280_gp01	protein_coding	1	c.6669_6670delTT	p.Ser2224fs	6669	21290	6669	21290	2223	7095	0	frameshift_variant	NONE	c.6669_6670delTT	p.Ser2224fs	7095
NC_045512.2	7224	CT	C	ORF1ab	gene-GU280_gp01	HIGH	frameshift_variant	transcript	TRANSCRIPT_gene-GU280_gp01	protein_coding	1	c.6963delT	p.Phe2321fs	6963	21290	6963	21290	2321	7095	0	frameshift_variant	NONE	c.6963delT	p.Phe2321fs	7095
NC_045512.2	7389	C	T	ORF1ab	gene-GU280_gp01	MODERATE	missense_variant	transcript	TRANSCRIPT_gene-GU280_gp01	protein_coding	1	c.7124C>T	p.Ala2375Val	7124	21290	7124	21290	2375	7095	0	missense_variant	NONE	c.7124C>T	p.Ala2375Val	7095
NC_045512.2	8606	C	T	ORF1ab	gene-GU280_gp01	MODERATE	missense_variant	transcript	TRANSCRIPT_gene-GU280_gp01	protein_coding	1	c.8341C>T	p.Leu2781Phe	8341	21290	8341	21290	2781	7095	0	missense_variant	NONE	c.8341C>T	p.Leu2781Phe	7095
NC_045512.2	8905	CTT	C	ORF1ab	gene-GU280_gp01	HIGH	frameshift_variant	transcript	TRANSCRIPT_gene-GU280_gp01	protein_coding	1	c.8644_8645delTT	p.Leu2882fs	8644	21290	8644	21290	2882	7095	0	frameshift_variant	NONE	c.8644_8645delTT	p.Leu2882fs	7095
NC_045512.2	8986	CT	C	ORF1ab	gene-GU280_gp01	HIGH	frameshift_variant	transcript	TRANSCRIPT_gene-GU280_gp01	protein_coding	1	c.8724delT	p.Phe2908fs	8724	21290	8724	21290	2908	7095	0	frameshift_variant	NONE	c.8724delT	p.Phe2908fs	7095
NC_045512.2	9206	T	C	ORF1ab	gene-GU280_gp01	MODERATE	missense_variant	transcript	TRANSCRIPT_gene-GU280_gp01	protein_coding	1	c.8941T>C	p.Ser2981Pro	8941	21290	8941	21290	2981	7095	0	missense_variant	NONE	c.8941T>C	p.Ser2981Pro	7095
NC_045512.2	9226	C	T	ORF1ab	gene-GU280_gp01	LOW	synonymous_variant	transcript	TRANSCRIPT_gene-GU280_gp01	protein_coding	1	c.8961C>T	p.Gly2987Gly	8961	21290	8961	21290	2987	7095	0	synonymous_variant	NONE	c.8961C>T	p.Gly2987Gly	7095
NC_045512.2	9502	C	T	ORF1ab	gene-GU280_gp01	LOW	synonymous_variant	transcript	TRANSCRIPT_gene-GU280_gp01	protein_coding	1	c.9237C>T	p.Ala3079Ala	9237	21290	9237	21290	3079	7095	0	synonymous_variant	NONE	c.9237C>T	p.Ala3079Ala	7095
NC_045512.2	9772	TG	T	ORF1ab	gene-GU280_gp01	HIGH	frameshift_variant	transcript	TRANSCRIPT_gene-GU280_gp01	protein_coding	1	c.9508delG	p.Val3170fs	9508	21290	9508	21290	3170	7095	0	frameshift_variant	NONE	c.9508delG	p.Val3170fs	7095
NC_045512.2	9812	T	C	ORF1ab	gene-GU280_gp01	MODERATE	missense_variant	transcript	TRANSCRIPT_gene-GU280_gp01	protein_coding	1	c.9547T>C	p.Phe3183Leu	9547	21290	9547	21290	3183	7095	0	missense_variant	NONE	c.9547T>C	p.Phe3183Leu	7095
NC_045512.2	9859	A	G	ORF1ab	gene-GU280_gp01	LOW	synonymous_variant	transcript	TRANSCRIPT_gene-GU280_gp01	protein_coding	1	c.9594A>G	p.Leu3198Leu	9594	21290	9594	21290	3198	7095	0	synonymous_variant	NONE	c.9594A>G	p.Leu3198Leu	7095
NC_045512.2	10319	C	T	ORF1ab	gene-GU280_gp01	MODERATE	missense_variant	transcript	TRANSCRIPT_gene-GU280_gp01	protein_coding	1	c.10054C>T	p.Leu3352Phe	10054	21290	10054	21290	3352	7095	0	missense_variant	NONE	c.10054C>T	p.Leu3352Phe	7095
NC_045512.2	11074	CT	C	ORF1ab	gene-GU280_gp01	HIGH	frameshift_variant	transcript	TRANSCRIPT_gene-GU280_gp01	protein_coding	1	c.10817delT	p.Leu3606fs	10817	21290	10817	21290	3606	7095	0	frameshift_variant	NONE	c.10817delT	p.Leu3606fs	7095
NC_045512.2	11074	C	CT	ORF1ab	gene-GU280_gp01	HIGH	frameshift_variant	transcript	TRANSCRIPT_gene-GU280_gp01	protein_coding	1	c.10817dupT	p.Leu3606fs	10818	21290	10818	21290	3606	7095	0	frameshift_variant	NONE	c.10817dupT	p.Leu3606fs	7095
NC_045512.2	14121	A	G	ORF1ab	gene-GU280_gp01	MODERATE	missense_variant	transcript	TRANSCRIPT_gene-GU280_gp01	protein_coding	1	c.13856A>G	p.Gln4619Arg	13856	21290	13856	21290	4619	7095	0	missense_variant	NONE	c.13856A>G	p.Gln4619Arg	7095
NC_045512.2	14189	CT	C	ORF1ab	gene-GU280_gp01	HIGH	frameshift_variant&stop_lost	transcript	TRANSCRIPT_gene-GU280_gp01	protein_coding	1	c.13927delT	p.Ter4643fs	13927	21290	13927	21290	4643	7095	0	frameshift_variant&stop_lost	NONE	c.13927delT	p.Ter4643fs	7095
NC_045512.2	14408	C	T	ORF1ab	gene-GU280_gp01	LOW	synonymous_variant	transcript	TRANSCRIPT_gene-GU280_gp01	protein_coding	1	c.14143C>T	p.Leu4715Leu	14143	21290	14143	21290	4715	7095	0	synonymous_variant	NONE	c.14143C>T	p.Leu4715Leu	7095
NC_045512.2	14497	G	C	ORF1ab	gene-GU280_gp01	LOW	synonymous_variant	transcript	TRANSCRIPT_gene-GU280_gp01	protein_coding	1	c.14232G>C	p.Val4744Val	14232	21290	14232	21290	4744	7095	0	synonymous_variant	NONE	c.14232G>C	p.Val4744Val	7095
NC_045512.2	14516	TA	T	ORF1ab	gene-GU280_gp01	HIGH	frameshift_variant	transcript	TRANSCRIPT_gene-GU280_gp01	protein_coding	1	c.14254delA	p.Thr4752fs	14254	21290	14254	21290	4752	7095	0	frameshift_variant	NONE	c.14254delA	p.Thr4752fs	7095
NC_045512.2	14624	G	C	ORF1ab	gene-GU280_gp01	MODERATE	missense_variant	transcript	TRANSCRIPT_gene-GU280_gp01	protein_coding	1	c.14359G>C	p.Ala4787Pro	14359	21290	14359	21290	4787	7095	0	missense_variant	NONE	c.14359G>C	p.Ala4787Pro	7095
NC_045512.2	14658	T	C	ORF1ab	gene-GU280_gp01	MODERATE	missense_variant	transcript	TRANSCRIPT_gene-GU280_gp01	protein_coding	1	c.14393T>C	p.Leu4798Pro	14393	21290	14393	21290	4798	7095	0	missense_variant	NONE	c.14393T>C	p.Leu4798Pro	7095
NC_045512.2	14703	CT	C	ORF1ab	gene-GU280_gp01	HIGH	frameshift_variant	transcript	TRANSCRIPT_gene-GU280_gp01	protein_coding	1	c.14441delT	p.Leu4814fs	14441	21290	14441	21290	4814	7095	0	frameshift_variant	NONE	c.14441delT	p.Leu4814fs	7095
NC_045512.2	14933	T	A	ORF1ab	gene-GU280_gp01	HIGH	stop_lost	transcript	TRANSCRIPT_gene-GU280_gp01	protein_coding	1	c.14668T>A	p.Ter4890Lysext*?	14668	21290	14668	21290	4890	7095	0	stop_lost	NONE	c.14668T>A	p.Ter4890Lysext*?	7095
NC_045512.2	15157	CA	C	ORF1ab	gene-GU280_gp01	HIGH	frameshift_variant	transcript	TRANSCRIPT_gene-GU280_gp01	protein_coding	1	c.14897delA	p.Asn4966fs	14897	21290	14897	21290	4966	7095	0	frameshift_variant	NONE	c.14897delA	p.Asn4966fs	7095
NC_045512.2	15349	G	A	ORF1ab	gene-GU280_gp01	LOW	synonymous_variant	transcript	TRANSCRIPT_gene-GU280_gp01	protein_coding	1	c.15084G>A	p.Leu5028Leu	15084	21290	15084	21290	5028	7095	0	synonymous_variant	NONE	c.15084G>A	p.Leu5028Leu	7095
NC_045512.2	15965	G	GT	ORF1ab	gene-GU280_gp01	HIGH	frameshift_variant	transcript	TRANSCRIPT_gene-GU280_gp01	protein_coding	1	c.15704dupT	p.Leu5235fs	15705	21290	15705	21290	5235	7095	0	frameshift_variant	NONE	c.15704dupT	p.Leu5235fs	7095
NC_045512.2	16854	TGA	T	ORF1ab	gene-GU280_gp01	HIGH	frameshift_variant	transcript	TRANSCRIPT_gene-GU280_gp01	protein_coding	1	c.16590_16591delGA	p.Met5531fs	16590	21290	16590	21290	5530	7095	0	frameshift_variant	NONE	c.16590_16591delGA	p.Met5531fs	7095
NC_045512.2	16854	TGA	T	S	gene-GU280_gp02	MODIFIER	upstream_gene_variant	transcript	TRANSCRIPT_gene-GU280_gp02	protein_coding	-1	c.-4708_-4707delGA	.	-1	-1	-1	-1	-1	-1	4708	upstream_gene_variant	NONE	c.-4708_-4707delGA	.	-1
NC_045512.2	18368	G	GT	ORF1ab	gene-GU280_gp01	HIGH	frameshift_variant	transcript	TRANSCRIPT_gene-GU280_gp01	protein_coding	1	c.18108dupT	p.Leu6037fs	18109	21290	18109	21290	6037	7095	0	frameshift_variant	NONE	c.18108dupT	p.Leu6037fs	7095
NC_045512.2	18368	G	GT	S	gene-GU280_gp02	MODIFIER	upstream_gene_variant	transcript	TRANSCRIPT_gene-GU280_gp02	protein_coding	-1	c.-3195_-3194insT	.	-1	-1	-1	-1	-1	-1	3194	upstream_gene_variant	NONE	c.-3195_-3194insT	.	-1
NC_045512.2	18424	A	G	ORF1ab	gene-GU280_gp01	LOW	synonymous_variant	transcript	TRANSCRIPT_gene-GU280_gp01	protein_coding	1	c.18159A>G	p.Leu6053Leu	18159	21290	18159	21290	6053	7095	0	synonymous_variant	NONE	c.18159A>G	p.Leu6053Leu	7095
NC_045512.2	18424	A	G	S	gene-GU280_gp02	MODIFIER	upstream_gene_variant	transcript	TRANSCRIPT_gene-GU280_gp02	protein_coding	-1	c.-3139A>G	.	-1	-1	-1	-1	-1	-1	3139	upstream_gene_variant	NONE	c.-3139A>G	.	-1
NC_045512.2	18688	T	C	ORF1ab	gene-GU280_gp01	LOW	synonymous_variant	transcript	TRANSCRIPT_gene-GU280_gp01	protein_coding	1	c.18423T>C	p.Ala6141Ala	18423	21290	18423	21290	6141	7095	0	synonymous_variant	NONE	c.18423T>C	p.Ala6141Ala	7095
NC_045512.2	18688	T	C	S	gene-GU280_gp02	MODIFIER	upstream_gene_variant	transcript	TRANSCRIPT_gene-GU280_gp02	protein_coding	-1	c.-2875T>C	.	-1	-1	-1	-1	-1	-1	2875	upstream_gene_variant	NONE	c.-2875T>C	.	-1
NC_045512.2	19291	A	T	ORF1ab	gene-GU280_gp01	LOW	synonymous_variant	transcript	TRANSCRIPT_gene-GU280_gp01	protein_coding	1	c.19026A>T	p.Ala6342Ala	19026	21290	19026	21290	6342	7095	0	synonymous_variant	NONE	c.19026A>T	p.Ala6342Ala	7095
NC_045512.2	19291	A	T	S	gene-GU280_gp02	MODIFIER	upstream_gene_variant	transcript	TRANSCRIPT_gene-GU280_gp02	protein_coding	-1	c.-2272A>T	.	-1	-1	-1	-1	-1	-1	2272	upstream_gene_variant	NONE	c.-2272A>T	.	-1
NC_045512.2	19983	CT	C	ORF1ab	gene-GU280_gp01	HIGH	frameshift_variant	transcript	TRANSCRIPT_gene-GU280_gp01	protein_coding	1	c.19724delT	p.Leu6575fs	19724	21290	19724	21290	6575	7095	0	frameshift_variant	NONE	c.19724delT	p.Leu6575fs	7095
NC_045512.2	19983	CT	C	S	gene-GU280_gp02	MODIFIER	upstream_gene_variant	transcript	TRANSCRIPT_gene-GU280_gp02	protein_coding	-1	c.-1579delT	.	-1	-1	-1	-1	-1	-1	1579	upstream_gene_variant	NONE	c.-1579delT	.	-1
NC_045512.2	20178	C	T	ORF1ab	gene-GU280_gp01	MODERATE	missense_variant	transcript	TRANSCRIPT_gene-GU280_gp01	protein_coding	1	c.19913C>T	p.Ser6638Phe	19913	21290	19913	21290	6638	7095	0	missense_variant	NONE	c.19913C>T	p.Ser6638Phe	7095
NC_045512.2	20178	C	T	S	gene-GU280_gp02	MODIFIER	upstream_gene_variant	transcript	TRANSCRIPT_gene-GU280_gp02	protein_coding	-1	c.-1385C>T	.	-1	-1	-1	-1	-1	-1	1385	upstream_gene_variant	NONE	c.-1385C>T	.	-1
NC_045512.2	20271	TATGG	T	ORF1ab	gene-GU280_gp01	HIGH	frameshift_variant	transcript	TRANSCRIPT_gene-GU280_gp01	protein_coding	1	c.20010_20013delGATG	p.Trp6670fs	20010	21290	20010	21290	6670	7095	0	frameshift_variant	NONE	c.20010_20013delGATG	p.Trp6670fs	7095
NC_045512.2	20271	TATGG	T	S	gene-GU280_gp02	MODIFIER	upstream_gene_variant	transcript	TRANSCRIPT_gene-GU280_gp02	protein_coding	-1	c.-1291_-1288delATGG	.	-1	-1	-1	-1	-1	-1	1291	upstream_gene_variant	NONE	c.-1291_-1288delATGG	.	-1
NC_045512.2	20326	GT	G	ORF1ab	gene-GU280_gp01	HIGH	frameshift_variant	transcript	TRANSCRIPT_gene-GU280_gp01	protein_coding	1	c.20064delT	p.Phe6688fs	20064	21290	20064	21290	6688	7095	0	frameshift_variant	NONE	c.20064delT	p.Phe6688fs	7095
NC_045512.2	20326	GT	G	S	gene-GU280_gp02	MODIFIER	upstream_gene_variant	transcript	TRANSCRIPT_gene-GU280_gp02	protein_coding	-1	c.-1236delT	.	-1	-1	-1	-1	-1	-1	1236	upstream_gene_variant	NONE	c.-1236delT	.	-1
NC_045512.2	20507	AT	A	ORF1ab	gene-GU280_gp01	HIGH	frameshift_variant	transcript	TRANSCRIPT_gene-GU280_gp01	protein_coding	1	c.20245delT	p.Tyr6749fs	20245	21290	20245	21290	6749	7095	0	frameshift_variant	NONE	c.20245delT	p.Tyr6749fs	7095
NC_045512.2	20507	AT	A	S	gene-GU280_gp02	MODIFIER	upstream_gene_variant	transcript	TRANSCRIPT_gene-GU280_gp02	protein_coding	-1	c.-1055delT	.	-1	-1	-1	-1	-1	-1	1055	upstream_gene_variant	NONE	c.-1055delT	.	-1
NC_045512.2	20507	AT	A	ORF3a	gene-GU280_gp03	MODIFIER	upstream_gene_variant	transcript	TRANSCRIPT_gene-GU280_gp03	protein_coding	-1	c.-4885delT	.	-1	-1	-1	-1	-1	-1	4885	upstream_gene_variant	NONE	c.-4885delT	.	-1
NC_045512.2	21102	T	C	ORF1ab	gene-GU280_gp01	MODERATE	missense_variant	transcript	TRANSCRIPT_gene-GU280_gp01	protein_coding	1	c.20837T>C	p.Val6946Ala	20837	21290	20837	21290	6946	7095	0	missense_variant	NONE	c.20837T>C	p.Val6946Ala	7095
NC_045512.2	21102	T	C	S	gene-GU280_gp02	MODIFIER	upstream_gene_variant	transcript	TRANSCRIPT_gene-GU280_gp02	protein_coding	-1	c.-461T>C	.	-1	-1	-1	-1	-1	-1	461	upstream_gene_variant	NONE	c.-461T>C	.	-1
NC_045512.2	21102	T	C	ORF3a	gene-GU280_gp03	MODIFIER	upstream_gene_variant	transcript	TRANSCRIPT_gene-GU280_gp03	protein_coding	-1	c.-4291T>C	.	-1	-1	-1	-1	-1	-1	4291	upstream_gene_variant	NONE	c.-4291T>C	.	-1
NC_045512.2	21304	C	T	ORF1ab	gene-GU280_gp01	LOW	synonymous_variant	transcript	TRANSCRIPT_gene-GU280_gp01	protein_coding	1	c.21039C>T	p.His7013His	21039	21290	21039	21290	7013	7095	0	synonymous_variant	NONE	c.21039C>T	p.His7013His	7095
NC_045512.2	21304	C	T	S	gene-GU280_gp02	MODIFIER	upstream_gene_variant	transcript	TRANSCRIPT_gene-GU280_gp02	protein_coding	-1	c.-259C>T	.	-1	-1	-1	-1	-1	-1	259	upstream_gene_variant	NONE	c.-259C>T	.	-1
NC_045512.2	21304	C	T	ORF3a	gene-GU280_gp03	MODIFIER	upstream_gene_variant	transcript	TRANSCRIPT_gene-GU280_gp03	protein_coding	-1	c.-4089C>T	.	-1	-1	-1	-1	-1	-1	4089	upstream_gene_variant	NONE	c.-4089C>T	.	-1
NC_045512.2	21304	C	T	E	gene-GU280_gp04	MODIFIER	upstream_gene_variant	transcript	TRANSCRIPT_gene-GU280_gp04	protein_coding	-1	c.-4941C>T	.	-1	-1	-1	-1	-1	-1	4941	upstream_gene_variant	NONE	c.-4941C>T	.	-1
NC_045512.2	21654	C	T	S	gene-GU280_gp02	MODERATE	missense_variant	transcript	TRANSCRIPT_gene-GU280_gp02	protein_coding	1	c.92C>T	p.Ser31Phe	92	3822	92	3822	31	1273	0	missense_variant	NONE	c.92C>T	p.Ser31Phe	1273
NC_045512.2	21654	C	T	ORF3a	gene-GU280_gp03	MODIFIER	upstream_gene_variant	transcript	TRANSCRIPT_gene-GU280_gp03	protein_coding	-1	c.-3739C>T	.	-1	-1	-1	-1	-1	-1	3739	upstream_gene_variant	NONE	c.-3739C>T	.	-1
NC_045512.2	21654	C	T	E	gene-GU280_gp04	MODIFIER	upstream_gene_variant	transcript	TRANSCRIPT_gene-GU280_gp04	protein_coding	-1	c.-4591C>T	.	-1	-1	-1	-1	-1	-1	4591	upstream_gene_variant	NONE	c.-4591C>T	.	-1
NC_045512.2	21654	C	T	M	gene-GU280_gp05	MODIFIER	upstream_gene_variant	transcript	TRANSCRIPT_gene-GU280_gp05	protein_coding	-1	c.-4869C>T	.	-1	-1	-1	-1	-1	-1	4869	upstream_gene_variant	NONE	c.-4869C>T	.	-1
NC_045512.2	21654	C	T	ORF1ab	gene-GU280_gp01	MODIFIER	downstream_gene_variant	transcript	TRANSCRIPT_gene-GU280_gp01	protein_coding	-1	c.*99C>T	.	-1	-1	-1	-1	-1	-1	99	downstream_gene_variant	NONE	c.*99C>T	.	-1
NC_045512.2	22077	C	T	S	gene-GU280_gp02	MODERATE	missense_variant	transcript	TRANSCRIPT_gene-GU280_gp02	protein_coding	1	c.515C>T	p.Ser172Phe	515	3822	515	3822	172	1273	0	missense_variant	NONE	c.515C>T	p.Ser172Phe	1273
NC_045512.2	22077	C	T	ORF3a	gene-GU280_gp03	MODIFIER	upstream_gene_variant	transcript	TRANSCRIPT_gene-GU280_gp03	protein_coding	-1	c.-3316C>T	.	-1	-1	-1	-1	-1	-1	3316	upstream_gene_variant	NONE	c.-3316C>T	.	-1
NC_045512.2	22077	C	T	E	gene-GU280_gp04	MODIFIER	upstream_gene_variant	transcript	TRANSCRIPT_gene-GU280_gp04	protein_coding	-1	c.-4168C>T	.	-1	-1	-1	-1	-1	-1	4168	upstream_gene_variant	NONE	c.-4168C>T	.	-1
NC_045512.2	22077	C	T	M	gene-GU280_gp05	MODIFIER	upstream_gene_variant	transcript	TRANSCRIPT_gene-GU280_gp05	protein_coding	-1	c.-4446C>T	.	-1	-1	-1	-1	-1	-1	4446	upstream_gene_variant	NONE	c.-4446C>T	.	-1
NC_045512.2	22077	C	T	ORF1ab	gene-GU280_gp01	MODIFIER	downstream_gene_variant	transcript	TRANSCRIPT_gene-GU280_gp01	protein_coding	-1	c.*522C>T	.	-1	-1	-1	-1	-1	-1	522	downstream_gene_variant	NONE	c.*522C>T	.	-1
NC_045512.2	22080	AG	A	S	gene-GU280_gp02	HIGH	frameshift_variant	transcript	TRANSCRIPT_gene-GU280_gp02	protein_coding	1	c.519delG	p.Gln173fs	519	3822	519	3822	173	1273	0	frameshift_variant	NONE	c.519delG	p.Gln173fs	1273
NC_045512.2	22080	AG	A	ORF3a	gene-GU280_gp03	MODIFIER	upstream_gene_variant	transcript	TRANSCRIPT_gene-GU280_gp03	protein_coding	-1	c.-3312delG	.	-1	-1	-1	-1	-1	-1	3312	upstream_gene_variant	NONE	c.-3312delG	.	-1
NC_045512.2	22080	AG	A	E	gene-GU280_gp04	MODIFIER	upstream_gene_variant	transcript	TRANSCRIPT_gene-GU280_gp04	protein_coding	-1	c.-4164delG	.	-1	-1	-1	-1	-1	-1	4164	upstream_gene_variant	NONE	c.-4164delG	.	-1
NC_045512.2	22080	AG	A	M	gene-GU280_gp05	MODIFIER	upstream_gene_variant	transcript	TRANSCRIPT_gene-GU280_gp05	protein_coding	-1	c.-4442delG	.	-1	-1	-1	-1	-1	-1	4442	upstream_gene_variant	NONE	c.-4442delG	.	-1
NC_045512.2	22080	AG	A	ORF1ab	gene-GU280_gp01	MODIFIER	downstream_gene_variant	transcript	TRANSCRIPT_gene-GU280_gp01	protein_coding	-1	c.*526delG	.	-1	-1	-1	-1	-1	-1	526	downstream_gene_variant	NONE	c.*526delG	.	-1
NC_045512.2	22084	T	C	S	gene-GU280_gp02	LOW	synonymous_variant	transcript	TRANSCRIPT_gene-GU280_gp02	protein_coding	1	c.522T>C	p.Pro174Pro	522	3822	522	3822	174	1273	0	synonymous_variant	NONE	c.522T>C	p.Pro174Pro	1273
NC_045512.2	22084	T	C	ORF3a	gene-GU280_gp03	MODIFIER	upstream_gene_variant	transcript	TRANSCRIPT_gene-GU280_gp03	protein_coding	-1	c.-3309T>C	.	-1	-1	-1	-1	-1	-1	3309	upstream_gene_variant	NONE	c.-3309T>C	.	-1
NC_045512.2	22084	T	C	E	gene-GU280_gp04	MODIFIER	upstream_gene_variant	transcript	TRANSCRIPT_gene-GU280_gp04	protein_coding	-1	c.-4161T>C	.	-1	-1	-1	-1	-1	-1	4161	upstream_gene_variant	NONE	c.-4161T>C	.	-1
NC_045512.2	22084	T	C	M	gene-GU280_gp05	MODIFIER	upstream_gene_variant	transcript	TRANSCRIPT_gene-GU280_gp05	protein_coding	-1	c.-4439T>C	.	-1	-1	-1	-1	-1	-1	4439	upstream_gene_variant	NONE	c.-4439T>C	.	-1
NC_045512.2	22084	T	C	ORF1ab	gene-GU280_gp01	MODIFIER	downstream_gene_variant	transcript	TRANSCRIPT_gene-GU280_gp01	protein_coding	-1	c.*529T>C	.	-1	-1	-1	-1	-1	-1	529	downstream_gene_variant	NONE	c.*529T>C	.	-1
NC_045512.2	22102	AGG	A	S	gene-GU280_gp02	HIGH	frameshift_variant	transcript	TRANSCRIPT_gene-GU280_gp02	protein_coding	1	c.541_542delGG	p.Gly181fs	541	3822	541	3822	181	1273	0	frameshift_variant	NONE	c.541_542delGG	p.Gly181fs	1273
NC_045512.2	22102	AGG	A	ORF3a	gene-GU280_gp03	MODIFIER	upstream_gene_variant	transcript	TRANSCRIPT_gene-GU280_gp03	protein_coding	-1	c.-3290_-3289delGG	.	-1	-1	-1	-1	-1	-1	3290	upstream_gene_variant	NONE	c.-3290_-3289delGG	.	-1
NC_045512.2	22102	AGG	A	E	gene-GU280_gp04	MODIFIER	upstream_gene_variant	transcript	TRANSCRIPT_gene-GU280_gp04	protein_coding	-1	c.-4142_-4141delGG	.	-1	-1	-1	-1	-1	-1	4142	upstream_gene_variant	NONE	c.-4142_-4141delGG	.	-1
NC_045512.2	22102	AGG	A	M	gene-GU280_gp05	MODIFIER	upstream_gene_variant	transcript	TRANSCRIPT_gene-GU280_gp05	protein_coding	-1	c.-4420_-4419delGG	.	-1	-1	-1	-1	-1	-1	4420	upstream_gene_variant	NONE	c.-4420_-4419delGG	.	-1
NC_045512.2	22102	AGG	A	ORF1ab	gene-GU280_gp01	MODIFIER	downstream_gene_variant	transcript	TRANSCRIPT_gene-GU280_gp01	protein_coding	-1	c.*548_*549delGG	.	-1	-1	-1	-1	-1	-1	548	downstream_gene_variant	NONE	c.*548_*549delGG	.	-1
NC_045512.2	22104	GA	G	S	gene-GU280_gp02	HIGH	frameshift_variant	transcript	TRANSCRIPT_gene-GU280_gp02	protein_coding	1	c.546delA	p.Lys182fs	546	3822	546	3822	182	1273	0	frameshift_variant	NONE	c.546delA	p.Lys182fs	1273
NC_045512.2	22104	GA	G	ORF3a	gene-GU280_gp03	MODIFIER	upstream_gene_variant	transcript	TRANSCRIPT_gene-GU280_gp03	protein_coding	-1	c.-3288delA	.	-1	-1	-1	-1	-1	-1	3288	upstream_gene_variant	NONE	c.-3288delA	.	-1
NC_045512.2	22104	GA	G	E	gene-GU280_gp04	MODIFIER	upstream_gene_variant	transcript	TRANSCRIPT_gene-GU280_gp04	protein_coding	-1	c.-4140delA	.	-1	-1	-1	-1	-1	-1	4140	upstream_gene_variant	NONE	c.-4140delA	.	-1
NC_045512.2	22104	GA	G	M	gene-GU280_gp05	MODIFIER	upstream_gene_variant	transcript	TRANSCRIPT_gene-GU280_gp05	protein_coding	-1	c.-4418delA	.	-1	-1	-1	-1	-1	-1	4418	upstream_gene_variant	NONE	c.-4418delA	.	-1
NC_045512.2	22104	GA	G	ORF1ab	gene-GU280_gp01	MODIFIER	downstream_gene_variant	transcript	TRANSCRIPT_gene-GU280_gp01	protein_coding	-1	c.*550delA	.	-1	-1	-1	-1	-1	-1	550	downstream_gene_variant	NONE	c.*550delA	.	-1
NC_045512.2	22148	AAT	A	S	gene-GU280_gp02	HIGH	frameshift_variant	transcript	TRANSCRIPT_gene-GU280_gp02	protein_coding	1	c.589_590delAT	p.Ile197fs	589	3822	589	3822	197	1273	0	frameshift_variant	NONE	c.589_590delAT	p.Ile197fs	1273
NC_045512.2	22148	AAT	A	ORF3a	gene-GU280_gp03	MODIFIER	upstream_gene_variant	transcript	TRANSCRIPT_gene-GU280_gp03	protein_coding	-1	c.-3244_-3243delAT	.	-1	-1	-1	-1	-1	-1	3244	upstream_gene_variant	NONE	c.-3244_-3243delAT	.	-1
NC_045512.2	22148	AAT	A	E	gene-GU280_gp04	MODIFIER	upstream_gene_variant	transcript	TRANSCRIPT_gene-GU280_gp04	protein_coding	-1	c.-4096_-4095delAT	.	-1	-1	-1	-1	-1	-1	4096	upstream_gene_variant	NONE	c.-4096_-4095delAT	.	-1
NC_045512.2	22148	AAT	A	M	gene-GU280_gp05	MODIFIER	upstream_gene_variant	transcript	TRANSCRIPT_gene-GU280_gp05	protein_coding	-1	c.-4374_-4373delAT	.	-1	-1	-1	-1	-1	-1	4374	upstream_gene_variant	NONE	c.-4374_-4373delAT	.	-1
NC_045512.2	22148	AAT	A	ORF1ab	gene-GU280_gp01	MODIFIER	downstream_gene_variant	transcript	TRANSCRIPT_gene-GU280_gp01	protein_coding	-1	c.*594_*595delAT	.	-1	-1	-1	-1	-1	-1	594	downstream_gene_variant	NONE	c.*594_*595delAT	.	-1
NC_045512.2	22218	GT	G	S	gene-GU280_gp02	HIGH	frameshift_variant	transcript	TRANSCRIPT_gene-GU280_gp02	protein_coding	1	c.661delT	p.Ser221fs	661	3822	661	3822	221	1273	0	frameshift_variant	NONE	c.661delT	p.Ser221fs	1273
NC_045512.2	22218	GT	G	ORF3a	gene-GU280_gp03	MODIFIER	upstream_gene_variant	transcript	TRANSCRIPT_gene-GU280_gp03	protein_coding	-1	c.-3174delT	.	-1	-1	-1	-1	-1	-1	3174	upstream_gene_variant	NONE	c.-3174delT	.	-1
NC_045512.2	22218	GT	G	E	gene-GU280_gp04	MODIFIER	upstream_gene_variant	transcript	TRANSCRIPT_gene-GU280_gp04	protein_coding	-1	c.-4026delT	.	-1	-1	-1	-1	-1	-1	4026	upstream_gene_variant	NONE	c.-4026delT	.	-1
NC_045512.2	22218	GT	G	M	gene-GU280_gp05	MODIFIER	upstream_gene_variant	transcript	TRANSCRIPT_gene-GU280_gp05	protein_coding	-1	c.-4304delT	.	-1	-1	-1	-1	-1	-1	4304	upstream_gene_variant	NONE	c.-4304delT	.	-1
NC_045512.2	22218	GT	G	ORF6	gene-GU280_gp06	MODIFIER	upstream_gene_variant	transcript	TRANSCRIPT_gene-GU280_gp06	protein_coding	-1	c.-4983delT	.	-1	-1	-1	-1	-1	-1	4983	upstream_gene_variant	NONE	c.-4983delT	.	-1
NC_045512.2	22218	GT	G	ORF1ab	gene-GU280_gp01	MODIFIER	downstream_gene_variant	transcript	TRANSCRIPT_gene-GU280_gp01	protein_coding	-1	c.*664delT	.	-1	-1	-1	-1	-1	-1	664	downstream_gene_variant	NONE	c.*664delT	.	-1
NC_045512.2	22583	G	GT	S	gene-GU280_gp02	HIGH	frameshift_variant&stop_gained	transcript	TRANSCRIPT_gene-GU280_gp02	protein_coding	1	c.1026dupT	p.Asn343fs	1027	3822	1027	3822	343	1273	0	frameshift_variant&stop_gained	NONE	c.1026dupT	p.Asn343fs	1273
NC_045512.2	22583	G	GT	ORF3a	gene-GU280_gp03	MODIFIER	upstream_gene_variant	transcript	TRANSCRIPT_gene-GU280_gp03	protein_coding	-1	c.-2810_-2809insT	.	-1	-1	-1	-1	-1	-1	2809	upstream_gene_variant	NONE	c.-2810_-2809insT	.	-1
NC_045512.2	22583	G	GT	E	gene-GU280_gp04	MODIFIER	upstream_gene_variant	transcript	TRANSCRIPT_gene-GU280_gp04	protein_coding	-1	c.-3662_-3661insT	.	-1	-1	-1	-1	-1	-1	3661	upstream_gene_variant	NONE	c.-3662_-3661insT	.	-1
NC_045512.2	22583	G	GT	M	gene-GU280_gp05	MODIFIER	upstream_gene_variant	transcript	TRANSCRIPT_gene-GU280_gp05	protein_coding	-1	c.-3940_-3939insT	.	-1	-1	-1	-1	-1	-1	3939	upstream_gene_variant	NONE	c.-3940_-3939insT	.	-1
NC_045512.2	22583	G	GT	ORF6	gene-GU280_gp06	MODIFIER	upstream_gene_variant	transcript	TRANSCRIPT_gene-GU280_gp06	protein_coding	-1	c.-4619_-4618insT	.	-1	-1	-1	-1	-1	-1	4618	upstream_gene_variant	NONE	c.-4619_-4618insT	.	-1
NC_045512.2	22583	G	GT	ORF7a	gene-GU280_gp07	MODIFIER	upstream_gene_variant	transcript	TRANSCRIPT_gene-GU280_gp07	protein_coding	-1	c.-4811_-4810insT	.	-1	-1	-1	-1	-1	-1	4810	upstream_gene_variant	NONE	c.-4811_-4810insT	.	-1
NC_045512.2	22583	G	GT	ORF1ab	gene-GU280_gp01	MODIFIER	downstream_gene_variant	transcript	TRANSCRIPT_gene-GU280_gp01	protein_coding	-1	c.*1028_*1029insT	.	-1	-1	-1	-1	-1	-1	1029	downstream_gene_variant	NONE	c.*1028_*1029insT	.	-1
NC_045512.2	22600	AT	A	S	gene-GU280_gp02	HIGH	frameshift_variant	transcript	TRANSCRIPT_gene-GU280_gp02	protein_coding	1	c.1041delT	p.Phe347fs	1041	3822	1041	3822	347	1273	0	frameshift_variant	NONE	c.1041delT	p.Phe347fs	1273
NC_045512.2	22600	AT	A	ORF3a	gene-GU280_gp03	MODIFIER	upstream_gene_variant	transcript	TRANSCRIPT_gene-GU280_gp03	protein_coding	-1	c.-2792delT	.	-1	-1	-1	-1	-1	-1	2792	upstream_gene_variant	NONE	c.-2792delT	.	-1
NC_045512.2	22600	AT	A	E	gene-GU280_gp04	MODIFIER	upstream_gene_variant	transcript	TRANSCRIPT_gene-GU280_gp04	protein_coding	-1	c.-3644delT	.	-1	-1	-1	-1	-1	-1	3644	upstream_gene_variant	NONE	c.-3644delT	.	-1
NC_045512.2	22600	AT	A	M	gene-GU280_gp05	MODIFIER	upstream_gene_variant	transcript	TRANSCRIPT_gene-GU280_gp05	protein_coding	-1	c.-3922delT	.	-1	-1	-1	-1	-1	-1	3922	upstream_gene_variant	NONE	c.-3922delT	.	-1
NC_045512.2	22600	AT	A	ORF6	gene-GU280_gp06	MODIFIER	upstream_gene_variant	transcript	TRANSCRIPT_gene-GU280_gp06	protein_coding	-1	c.-4601delT	.	-1	-1	-1	-1	-1	-1	4601	upstream_gene_variant	NONE	c.-4601delT	.	-1
NC_045512.2	22600	AT	A	ORF7a	gene-GU280_gp07	MODIFIER	upstream_gene_variant	transcript	TRANSCRIPT_gene-GU280_gp07	protein_coding	-1	c.-4793delT	.	-1	-1	-1	-1	-1	-1	4793	upstream_gene_variant	NONE	c.-4793delT	.	-1
NC_045512.2	22600	AT	A	ORF1ab	gene-GU280_gp01	MODIFIER	downstream_gene_variant	transcript	TRANSCRIPT_gene-GU280_gp01	protein_coding	-1	c.*1046delT	.	-1	-1	-1	-1	-1	-1	1046	downstream_gene_variant	NONE	c.*1046delT	.	-1
NC_045512.2	22639	C	T	S	gene-GU280_gp02	LOW	synonymous_variant	transcript	TRANSCRIPT_gene-GU280_gp02	protein_coding	1	c.1077C>T	p.Ser359Ser	1077	3822	1077	3822	359	1273	0	synonymous_variant	NONE	c.1077C>T	p.Ser359Ser	1273
NC_045512.2	22639	C	T	ORF3a	gene-GU280_gp03	MODIFIER	upstream_gene_variant	transcript	TRANSCRIPT_gene-GU280_gp03	protein_coding	-1	c.-2754C>T	.	-1	-1	-1	-1	-1	-1	2754	upstream_gene_variant	NONE	c.-2754C>T	.	-1
NC_045512.2	22639	C	T	E	gene-GU280_gp04	MODIFIER	upstream_gene_variant	transcript	TRANSCRIPT_gene-GU280_gp04	protein_coding	-1	c.-3606C>T	.	-1	-1	-1	-1	-1	-1	3606	upstream_gene_variant	NONE	c.-3606C>T	.	-1
NC_045512.2	22639	C	T	M	gene-GU280_gp05	MODIFIER	upstream_gene_variant	transcript	TRANSCRIPT_gene-GU280_gp05	protein_coding	-1	c.-3884C>T	.	-1	-1	-1	-1	-1	-1	3884	upstream_gene_variant	NONE	c.-3884C>T	.	-1
NC_045512.2	22639	C	T	ORF6	gene-GU280_gp06	MODIFIER	upstream_gene_variant	transcript	TRANSCRIPT_gene-GU280_gp06	protein_coding	-1	c.-4563C>T	.	-1	-1	-1	-1	-1	-1	4563	upstream_gene_variant	NONE	c.-4563C>T	.	-1
NC_045512.2	22639	C	T	ORF7a	gene-GU280_gp07	MODIFIER	upstream_gene_variant	transcript	TRANSCRIPT_gene-GU280_gp07	protein_coding	-1	c.-4755C>T	.	-1	-1	-1	-1	-1	-1	4755	upstream_gene_variant	NONE	c.-4755C>T	.	-1
NC_045512.2	22639	C	T	ORF1ab	gene-GU280_gp01	MODIFIER	downstream_gene_variant	transcript	TRANSCRIPT_gene-GU280_gp01	protein_coding	-1	c.*1084C>T	.	-1	-1	-1	-1	-1	-1	1084	downstream_gene_variant	NONE	c.*1084C>T	.	-1
NC_045512.2	22985	G	C	S	gene-GU280_gp02	MODERATE	missense_variant	transcript	TRANSCRIPT_gene-GU280_gp02	protein_coding	1	c.1423G>C	p.Ala475Pro	1423	3822	1423	3822	475	1273	0	missense_variant	NONE	c.1423G>C	p.Ala475Pro	1273
NC_045512.2	22985	G	C	ORF3a	gene-GU280_gp03	MODIFIER	upstream_gene_variant	transcript	TRANSCRIPT_gene-GU280_gp03	protein_coding	-1	c.-2408G>C	.	-1	-1	-1	-1	-1	-1	2408	upstream_gene_variant	NONE	c.-2408G>C	.	-1
NC_045512.2	22985	G	C	E	gene-GU280_gp04	MODIFIER	upstream_gene_variant	transcript	TRANSCRIPT_gene-GU280_gp04	protein_coding	-1	c.-3260G>C	.	-1	-1	-1	-1	-1	-1	3260	upstream_gene_variant	NONE	c.-3260G>C	.	-1
NC_045512.2	22985	G	C	M	gene-GU280_gp05	MODIFIER	upstream_gene_variant	transcript	TRANSCRIPT_gene-GU280_gp05	protein_coding	-1	c.-3538G>C	.	-1	-1	-1	-1	-1	-1	3538	upstream_gene_variant	NONE	c.-3538G>C	.	-1
NC_045512.2	22985	G	C	ORF6	gene-GU280_gp06	MODIFIER	upstream_gene_variant	transcript	TRANSCRIPT_gene-GU280_gp06	protein_coding	-1	c.-4217G>C	.	-1	-1	-1	-1	-1	-1	4217	upstream_gene_variant	NONE	c.-4217G>C	.	-1
NC_045512.2	22985	G	C	ORF7a	gene-GU280_gp07	MODIFIER	upstream_gene_variant	transcript	TRANSCRIPT_gene-GU280_gp07	protein_coding	-1	c.-4409G>C	.	-1	-1	-1	-1	-1	-1	4409	upstream_gene_variant	NONE	c.-4409G>C	.	-1
NC_045512.2	22985	G	C	ORF7b	gene-GU280_gp08	MODIFIER	upstream_gene_variant	transcript	TRANSCRIPT_gene-GU280_gp08	protein_coding	-1	c.-4771G>C	.	-1	-1	-1	-1	-1	-1	4771	upstream_gene_variant	NONE	c.-4771G>C	.	-1
NC_045512.2	22985	G	C	ORF8	gene-GU280_gp09	MODIFIER	upstream_gene_variant	transcript	TRANSCRIPT_gene-GU280_gp09	protein_coding	-1	c.-4909G>C	.	-1	-1	-1	-1	-1	-1	4909	upstream_gene_variant	NONE	c.-4909G>C	.	-1
NC_045512.2	22985	G	C	ORF1ab	gene-GU280_gp01	MODIFIER	downstream_gene_variant	transcript	TRANSCRIPT_gene-GU280_gp01	protein_coding	-1	c.*1430G>C	.	-1	-1	-1	-1	-1	-1	1430	downstream_gene_variant	NONE	c.*1430G>C	.	-1
NC_045512.2	23271	C	T	S	gene-GU280_gp02	MODERATE	missense_variant	transcript	TRANSCRIPT_gene-GU280_gp02	protein_coding	1	c.1709C>T	p.Ala570Val	1709	3822	1709	3822	570	1273	0	missense_variant	NONE	c.1709C>T	p.Ala570Val	1273
NC_045512.2	23271	C	T	ORF3a	gene-GU280_gp03	MODIFIER	upstream_gene_variant	transcript	TRANSCRIPT_gene-GU280_gp03	protein_coding	-1	c.-2122C>T	.	-1	-1	-1	-1	-1	-1	2122	upstream_gene_variant	NONE	c.-2122C>T	.	-1
NC_045512.2	23271	C	T	E	gene-GU280_gp04	MODIFIER	upstream_gene_variant	transcript	TRANSCRIPT_gene-GU280_gp04	protein_coding	-1	c.-2974C>T	.	-1	-1	-1	-1	-1	-1	2974	upstream_gene_variant	NONE	c.-2974C>T	.	-1
NC_045512.2	23271	C	T	M	gene-GU280_gp05	MODIFIER	upstream_gene_variant	transcript	TRANSCRIPT_gene-GU280_gp05	protein_coding	-1	c.-3252C>T	.	-1	-1	-1	-1	-1	-1	3252	upstream_gene_variant	NONE	c.-3252C>T	.	-1
NC_045512.2	23271	C	T	ORF6	gene-GU280_gp06	MODIFIER	upstream_gene_variant	transcript	TRANSCRIPT_gene-GU280_gp06	protein_coding	-1	c.-3931C>T	.	-1	-1	-1	-1	-1	-1	3931	upstream_gene_variant	NONE	c.-3931C>T	.	-1
NC_045512.2	23271	C	T	ORF7a	gene-GU280_gp07	MODIFIER	upstream_gene_variant	transcript	TRANSCRIPT_gene-GU280_gp07	protein_coding	-1	c.-4123C>T	.	-1	-1	-1	-1	-1	-1	4123	upstream_gene_variant	NONE	c.-4123C>T	.	-1
NC_045512.2	23271	C	T	ORF7b	gene-GU280_gp08	MODIFIER	upstream_gene_variant	transcript	TRANSCRIPT_gene-GU280_gp08	protein_coding	-1	c.-4485C>T	.	-1	-1	-1	-1	-1	-1	4485	upstream_gene_variant	NONE	c.-4485C>T	.	-1
NC_045512.2	23271	C	T	ORF8	gene-GU280_gp09	MODIFIER	upstream_gene_variant	transcript	TRANSCRIPT_gene-GU280_gp09	protein_coding	-1	c.-4623C>T	.	-1	-1	-1	-1	-1	-1	4623	upstream_gene_variant	NONE	c.-4623C>T	.	-1
NC_045512.2	23271	C	T	ORF1ab	gene-GU280_gp01	MODIFIER	downstream_gene_variant	transcript	TRANSCRIPT_gene-GU280_gp01	protein_coding	-1	c.*1716C>T	.	-1	-1	-1	-1	-1	-1	1716	downstream_gene_variant	NONE	c.*1716C>T	.	-1
NC_045512.2	23403	A	G	S	gene-GU280_gp02	MODERATE	missense_variant	transcript	TRANSCRIPT_gene-GU280_gp02	protein_coding	1	c.1841A>G	p.Asp614Gly	1841	3822	1841	3822	614	1273	0	missense_variant	NONE	c.1841A>G	p.Asp614Gly	1273
NC_045512.2	23403	A	G	ORF3a	gene-GU280_gp03	MODIFIER	upstream_gene_variant	transcript	TRANSCRIPT_gene-GU280_gp03	protein_coding	-1	c.-1990A>G	.	-1	-1	-1	-1	-1	-1	1990	upstream_gene_variant	NONE	c.-1990A>G	.	-1
NC_045512.2	23403	A	G	E	gene-GU280_gp04	MODIFIER	upstream_gene_variant	transcript	TRANSCRIPT_gene-GU280_gp04	protein_coding	-1	c.-2842A>G	.	-1	-1	-1	-1	-1	-1	2842	upstream_gene_variant	NONE	c.-2842A>G	.	-1
NC_045512.2	23403	A	G	M	gene-GU280_gp05	MODIFIER	upstream_gene_variant	transcript	TRANSCRIPT_gene-GU280_gp05	protein_coding	-1	c.-3120A>G	.	-1	-1	-1	-1	-1	-1	3120	upstream_gene_variant	NONE	c.-3120A>G	.	-1
NC_045512.2	23403	A	G	ORF6	gene-GU280_gp06	MODIFIER	upstream_gene_variant	transcript	TRANSCRIPT_gene-GU280_gp06	protein_coding	-1	c.-3799A>G	.	-1	-1	-1	-1	-1	-1	3799	upstream_gene_variant	NONE	c.-3799A>G	.	-1
NC_045512.2	23403	A	G	ORF7a	gene-GU280_gp07	MODIFIER	upstream_gene_variant	transcript	TRANSCRIPT_gene-GU280_gp07	protein_coding	-1	c.-3991A>G	.	-1	-1	-1	-1	-1	-1	3991	upstream_gene_variant	NONE	c.-3991A>G	.	-1
NC_045512.2	23403	A	G	ORF7b	gene-GU280_gp08	MODIFIER	upstream_gene_variant	transcript	TRANSCRIPT_gene-GU280_gp08	protein_coding	-1	c.-4353A>G	.	-1	-1	-1	-1	-1	-1	4353	upstream_gene_variant	NONE	c.-4353A>G	.	-1
NC_045512.2	23403	A	G	ORF8	gene-GU280_gp09	MODIFIER	upstream_gene_variant	transcript	TRANSCRIPT_gene-GU280_gp09	protein_coding	-1	c.-4491A>G	.	-1	-1	-1	-1	-1	-1	4491	upstream_gene_variant	NONE	c.-4491A>G	.	-1
NC_045512.2	23403	A	G	N	gene-GU280_gp10	MODIFIER	upstream_gene_variant	transcript	TRANSCRIPT_gene-GU280_gp10	protein_coding	-1	c.-4871A>G	.	-1	-1	-1	-1	-1	-1	4871	upstream_gene_variant	NONE	c.-4871A>G	.	-1
NC_045512.2	23403	A	G	ORF1ab	gene-GU280_gp01	MODIFIER	downstream_gene_variant	transcript	TRANSCRIPT_gene-GU280_gp01	protein_coding	-1	c.*1848A>G	.	-1	-1	-1	-1	-1	-1	1848	downstream_gene_variant	NONE	c.*1848A>G	.	-1
NC_045512.2	23758	C	T	S	gene-GU280_gp02	LOW	synonymous_variant	transcript	TRANSCRIPT_gene-GU280_gp02	protein_coding	1	c.2196C>T	p.Thr732Thr	2196	3822	2196	3822	732	1273	0	synonymous_variant	NONE	c.2196C>T	p.Thr732Thr	1273
NC_045512.2	23758	C	T	ORF3a	gene-GU280_gp03	MODIFIER	upstream_gene_variant	transcript	TRANSCRIPT_gene-GU280_gp03	protein_coding	-1	c.-1635C>T	.	-1	-1	-1	-1	-1	-1	1635	upstream_gene_variant	NONE	c.-1635C>T	.	-1
NC_045512.2	23758	C	T	E	gene-GU280_gp04	MODIFIER	upstream_gene_variant	transcript	TRANSCRIPT_gene-GU280_gp04	protein_coding	-1	c.-2487C>T	.	-1	-1	-1	-1	-1	-1	2487	upstream_gene_variant	NONE	c.-2487C>T	.	-1
NC_045512.2	23758	C	T	M	gene-GU280_gp05	MODIFIER	upstream_gene_variant	transcript	TRANSCRIPT_gene-GU280_gp05	protein_coding	-1	c.-2765C>T	.	-1	-1	-1	-1	-1	-1	2765	upstream_gene_variant	NONE	c.-2765C>T	.	-1
NC_045512.2	23758	C	T	ORF6	gene-GU280_gp06	MODIFIER	upstream_gene_variant	transcript	TRANSCRIPT_gene-GU280_gp06	protein_coding	-1	c.-3444C>T	.	-1	-1	-1	-1	-1	-1	3444	upstream_gene_variant	NONE	c.-3444C>T	.	-1
NC_045512.2	23758	C	T	ORF7a	gene-GU280_gp07	MODIFIER	upstream_gene_variant	transcript	TRANSCRIPT_gene-GU280_gp07	protein_coding	-1	c.-3636C>T	.	-1	-1	-1	-1	-1	-1	3636	upstream_gene_variant	NONE	c.-3636C>T	.	-1
NC_045512.2	23758	C	T	ORF7b	gene-GU280_gp08	MODIFIER	upstream_gene_variant	transcript	TRANSCRIPT_gene-GU280_gp08	protein_coding	-1	c.-3998C>T	.	-1	-1	-1	-1	-1	-1	3998	upstream_gene_variant	NONE	c.-3998C>T	.	-1
NC_045512.2	23758	C	T	ORF8	gene-GU280_gp09	MODIFIER	upstream_gene_variant	transcript	TRANSCRIPT_gene-GU280_gp09	protein_coding	-1	c.-4136C>T	.	-1	-1	-1	-1	-1	-1	4136	upstream_gene_variant	NONE	c.-4136C>T	.	-1
NC_045512.2	23758	C	T	N	gene-GU280_gp10	MODIFIER	upstream_gene_variant	transcript	TRANSCRIPT_gene-GU280_gp10	protein_coding	-1	c.-4516C>T	.	-1	-1	-1	-1	-1	-1	4516	upstream_gene_variant	NONE	c.-4516C>T	.	-1
NC_045512.2	23758	C	T	ORF1ab	gene-GU280_gp01	MODIFIER	downstream_gene_variant	transcript	TRANSCRIPT_gene-GU280_gp01	protein_coding	-1	c.*2203C>T	.	-1	-1	-1	-1	-1	-1	2203	downstream_gene_variant	NONE	c.*2203C>T	.	-1
NC_045512.2	23778	CA	C	S	gene-GU280_gp02	HIGH	frameshift_variant	transcript	TRANSCRIPT_gene-GU280_gp02	protein_coding	1	c.2218delA	p.Met740fs	2218	3822	2218	3822	740	1273	0	frameshift_variant	NONE	c.2218delA	p.Met740fs	1273
NC_045512.2	23778	CA	C	ORF3a	gene-GU280_gp03	MODIFIER	upstream_gene_variant	transcript	TRANSCRIPT_gene-GU280_gp03	protein_coding	-1	c.-1614delA	.	-1	-1	-1	-1	-1	-1	1614	upstream_gene_variant	NONE	c.-1614delA	.	-1
NC_045512.2	23778	CA	C	E	gene-GU280_gp04	MODIFIER	upstream_gene_variant	transcript	TRANSCRIPT_gene-GU280_gp04	protein_coding	-1	c.-2466delA	.	-1	-1	-1	-1	-1	-1	2466	upstream_gene_variant	NONE	c.-2466delA	.	-1
NC_045512.2	23778	CA	C	M	gene-GU280_gp05	MODIFIER	upstream_gene_variant	transcript	TRANSCRIPT_gene-GU280_gp05	protein_coding	-1	c.-2744delA	.	-1	-1	-1	-1	-1	-1	2744	upstream_gene_variant	NONE	c.-2744delA	.	-1
NC_045512.2	23778	CA	C	ORF6	gene-GU280_gp06	MODIFIER	upstream_gene_variant	transcript	TRANSCRIPT_gene-GU280_gp06	protein_coding	-1	c.-3423delA	.	-1	-1	-1	-1	-1	-1	3423	upstream_gene_variant	NONE	c.-3423delA	.	-1
NC_045512.2	23778	CA	C	ORF7a	gene-GU280_gp07	MODIFIER	upstream_gene_variant	transcript	TRANSCRIPT_gene-GU280_gp07	protein_coding	-1	c.-3615delA	.	-1	-1	-1	-1	-1	-1	3615	upstream_gene_variant	NONE	c.-3615delA	.	-1
NC_045512.2	23778	CA	C	ORF7b	gene-GU280_gp08	MODIFIER	upstream_gene_variant	transcript	TRANSCRIPT_gene-GU280_gp08	protein_coding	-1	c.-3977delA	.	-1	-1	-1	-1	-1	-1	3977	upstream_gene_variant	NONE	c.-3977delA	.	-1
NC_045512.2	23778	CA	C	ORF8	gene-GU280_gp09	MODIFIER	upstream_gene_variant	transcript	TRANSCRIPT_gene-GU280_gp09	protein_coding	-1	c.-4115delA	.	-1	-1	-1	-1	-1	-1	4115	upstream_gene_variant	NONE	c.-4115delA	.	-1
NC_045512.2	23778	CA	C	N	gene-GU280_gp10	MODIFIER	upstream_gene_variant	transcript	TRANSCRIPT_gene-GU280_gp10	protein_coding	-1	c.-4495delA	.	-1	-1	-1	-1	-1	-1	4495	upstream_gene_variant	NONE	c.-4495delA	.	-1
NC_045512.2	23778	CA	C	ORF1ab	gene-GU280_gp01	MODIFIER	downstream_gene_variant	transcript	TRANSCRIPT_gene-GU280_gp01	protein_coding	-1	c.*2224delA	.	-1	-1	-1	-1	-1	-1	2224	downstream_gene_variant	NONE	c.*2224delA	.	-1
NC_045512.2	23991	CA	C	S	gene-GU280_gp02	HIGH	frameshift_variant	transcript	TRANSCRIPT_gene-GU280_gp02	protein_coding	1	c.2433delA	p.Lys811fs	2433	3822	2433	3822	811	1273	0	frameshift_variant	NONE	c.2433delA	p.Lys811fs	1273
NC_045512.2	23991	CA	C	ORF3a	gene-GU280_gp03	MODIFIER	upstream_gene_variant	transcript	TRANSCRIPT_gene-GU280_gp03	protein_coding	-1	c.-1401delA	.	-1	-1	-1	-1	-1	-1	1401	upstream_gene_variant	NONE	c.-1401delA	.	-1
NC_045512.2	23991	CA	C	E	gene-GU280_gp04	MODIFIER	upstream_gene_variant	transcript	TRANSCRIPT_gene-GU280_gp04	protein_coding	-1	c.-2253delA	.	-1	-1	-1	-1	-1	-1	2253	upstream_gene_variant	NONE	c.-2253delA	.	-1
NC_045512.2	23991	CA	C	M	gene-GU280_gp05	MODIFIER	upstream_gene_variant	transcript	TRANSCRIPT_gene-GU280_gp05	protein_coding	-1	c.-2531delA	.	-1	-1	-1	-1	-1	-1	2531	upstream_gene_variant	NONE	c.-2531delA	.	-1
NC_045512.2	23991	CA	C	ORF6	gene-GU280_gp06	MODIFIER	upstream_gene_variant	transcript	TRANSCRIPT_gene-GU280_gp06	protein_coding	-1	c.-3210delA	.	-1	-1	-1	-1	-1	-1	3210	upstream_gene_variant	NONE	c.-3210delA	.	-1
NC_045512.2	23991	CA	C	ORF7a	gene-GU280_gp07	MODIFIER	upstream_gene_variant	transcript	TRANSCRIPT_gene-GU280_gp07	protein_coding	-1	c.-3402delA	.	-1	-1	-1	-1	-1	-1	3402	upstream_gene_variant	NONE	c.-3402delA	.	-1
NC_045512.2	23991	CA	C	ORF7b	gene-GU280_gp08	MODIFIER	upstream_gene_variant	transcript	TRANSCRIPT_gene-GU280_gp08	protein_coding	-1	c.-3764delA	.	-1	-1	-1	-1	-1	-1	3764	upstream_gene_variant	NONE	c.-3764delA	.	-1
NC_045512.2	23991	CA	C	ORF8	gene-GU280_gp09	MODIFIER	upstream_gene_variant	transcript	TRANSCRIPT_gene-GU280_gp09	protein_coding	-1	c.-3902delA	.	-1	-1	-1	-1	-1	-1	3902	upstream_gene_variant	NONE	c.-3902delA	.	-1
NC_045512.2	23991	CA	C	N	gene-GU280_gp10	MODIFIER	upstream_gene_variant	transcript	TRANSCRIPT_gene-GU280_gp10	protein_coding	-1	c.-4282delA	.	-1	-1	-1	-1	-1	-1	4282	upstream_gene_variant	NONE	c.-4282delA	.	-1
NC_045512.2	23991	CA	C	ORF1ab	gene-GU280_gp01	MODIFIER	downstream_gene_variant	transcript	TRANSCRIPT_gene-GU280_gp01	protein_coding	-1	c.*2437delA	.	-1	-1	-1	-1	-1	-1	2437	downstream_gene_variant	NONE	c.*2437delA	.	-1
NC_045512.2	24965	AAC	A	S	gene-GU280_gp02	HIGH	frameshift_variant	transcript	TRANSCRIPT_gene-GU280_gp02	protein_coding	1	c.3407_3408delCA	p.Thr1136fs	3407	3822	3407	3822	1136	1273	0	frameshift_variant	NONE	c.3407_3408delCA	p.Thr1136fs	1273
NC_045512.2	24965	AAC	A	ORF3a	gene-GU280_gp03	MODIFIER	upstream_gene_variant	transcript	TRANSCRIPT_gene-GU280_gp03	protein_coding	-1	c.-427_-426delAC	.	-1	-1	-1	-1	-1	-1	427	upstream_gene_variant	NONE	c.-427_-426delAC	.	-1
NC_045512.2	24965	AAC	A	E	gene-GU280_gp04	MODIFIER	upstream_gene_variant	transcript	TRANSCRIPT_gene-GU280_gp04	protein_coding	-1	c.-1279_-1278delAC	.	-1	-1	-1	-1	-1	-1	1279	upstream_gene_variant	NONE	c.-1279_-1278delAC	.	-1
NC_045512.2	24965	AAC	A	M	gene-GU280_gp05	MODIFIER	upstream_gene_variant	transcript	TRANSCRIPT_gene-GU280_gp05	protein_coding	-1	c.-1557_-1556delAC	.	-1	-1	-1	-1	-1	-1	1557	upstream_gene_variant	NONE	c.-1557_-1556delAC	.	-1
NC_045512.2	24965	AAC	A	ORF6	gene-GU280_gp06	MODIFIER	upstream_gene_variant	transcript	TRANSCRIPT_gene-GU280_gp06	protein_coding	-1	c.-2236_-2235delAC	.	-1	-1	-1	-1	-1	-1	2236	upstream_gene_variant	NONE	c.-2236_-2235delAC	.	-1
NC_045512.2	24965	AAC	A	ORF7a	gene-GU280_gp07	MODIFIER	upstream_gene_variant	transcript	TRANSCRIPT_gene-GU280_gp07	protein_coding	-1	c.-2428_-2427delAC	.	-1	-1	-1	-1	-1	-1	2428	upstream_gene_variant	NONE	c.-2428_-2427delAC	.	-1
NC_045512.2	24965	AAC	A	ORF7b	gene-GU280_gp08	MODIFIER	upstream_gene_variant	transcript	TRANSCRIPT_gene-GU280_gp08	protein_coding	-1	c.-2790_-2789delAC	.	-1	-1	-1	-1	-1	-1	2790	upstream_gene_variant	NONE	c.-2790_-2789delAC	.	-1
NC_045512.2	24965	AAC	A	ORF8	gene-GU280_gp09	MODIFIER	upstream_gene_variant	transcript	TRANSCRIPT_gene-GU280_gp09	protein_coding	-1	c.-2928_-2927delAC	.	-1	-1	-1	-1	-1	-1	2928	upstream_gene_variant	NONE	c.-2928_-2927delAC	.	-1
NC_045512.2	24965	AAC	A	N	gene-GU280_gp10	MODIFIER	upstream_gene_variant	transcript	TRANSCRIPT_gene-GU280_gp10	protein_coding	-1	c.-3308_-3307delAC	.	-1	-1	-1	-1	-1	-1	3308	upstream_gene_variant	NONE	c.-3308_-3307delAC	.	-1
NC_045512.2	24965	AAC	A	ORF10	gene-GU280_gp11	MODIFIER	upstream_gene_variant	transcript	TRANSCRIPT_gene-GU280_gp11	protein_coding	-1	c.-4592_-4591delAC	.	-1	-1	-1	-1	-1	-1	4592	upstream_gene_variant	NONE	c.-4592_-4591delAC	.	-1
NC_045512.2	24965	AAC	A	ORF1ab	gene-GU280_gp01	MODIFIER	downstream_gene_variant	transcript	TRANSCRIPT_gene-GU280_gp01	protein_coding	-1	c.*3411_*3412delAC	.	-1	-1	-1	-1	-1	-1	3411	downstream_gene_variant	NONE	c.*3411_*3412delAC	.	-1
NC_045512.2	25221	T	C	S	gene-GU280_gp02	MODERATE	missense_variant	transcript	TRANSCRIPT_gene-GU280_gp02	protein_coding	1	c.3659T>C	p.Phe1220Ser	3659	3822	3659	3822	1220	1273	0	missense_variant	NONE	c.3659T>C	p.Phe1220Ser	1273
NC_045512.2	25221	T	C	ORF3a	gene-GU280_gp03	MODIFIER	upstream_gene_variant	transcript	TRANSCRIPT_gene-GU280_gp03	protein_coding	-1	c.-172T>C	.	-1	-1	-1	-1	-1	-1	172	upstream_gene_variant	NONE	c.-172T>C	.	-1
NC_045512.2	25221	T	C	E	gene-GU280_gp04	MODIFIER	upstream_gene_variant	transcript	TRANSCRIPT_gene-GU280_gp04	protein_coding	-1	c.-1024T>C	.	-1	-1	-1	-1	-1	-1	1024	upstream_gene_variant	NONE	c.-1024T>C	.	-1
NC_045512.2	25221	T	C	M	gene-GU280_gp05	MODIFIER	upstream_gene_variant	transcript	TRANSCRIPT_gene-GU280_gp05	protein_coding	-1	c.-1302T>C	.	-1	-1	-1	-1	-1	-1	1302	upstream_gene_variant	NONE	c.-1302T>C	.	-1
NC_045512.2	25221	T	C	ORF6	gene-GU280_gp06	MODIFIER	upstream_gene_variant	transcript	TRANSCRIPT_gene-GU280_gp06	protein_coding	-1	c.-1981T>C	.	-1	-1	-1	-1	-1	-1	1981	upstream_gene_variant	NONE	c.-1981T>C	.	-1
NC_045512.2	25221	T	C	ORF7a	gene-GU280_gp07	MODIFIER	upstream_gene_variant	transcript	TRANSCRIPT_gene-GU280_gp07	protein_coding	-1	c.-2173T>C	.	-1	-1	-1	-1	-1	-1	2173	upstream_gene_variant	NONE	c.-2173T>C	.	-1
NC_045512.2	25221	T	C	ORF7b	gene-GU280_gp08	MODIFIER	upstream_gene_variant	transcript	TRANSCRIPT_gene-GU280_gp08	protein_coding	-1	c.-2535T>C	.	-1	-1	-1	-1	-1	-1	2535	upstream_gene_variant	NONE	c.-2535T>C	.	-1
NC_045512.2	25221	T	C	ORF8	gene-GU280_gp09	MODIFIER	upstream_gene_variant	transcript	TRANSCRIPT_gene-GU280_gp09	protein_coding	-1	c.-2673T>C	.	-1	-1	-1	-1	-1	-1	2673	upstream_gene_variant	NONE	c.-2673T>C	.	-1
NC_045512.2	25221	T	C	N	gene-GU280_gp10	MODIFIER	upstream_gene_variant	transcript	TRANSCRIPT_gene-GU280_gp10	protein_coding	-1	c.-3053T>C	.	-1	-1	-1	-1	-1	-1	3053	upstream_gene_variant	NONE	c.-3053T>C	.	-1
NC_045512.2	25221	T	C	ORF10	gene-GU280_gp11	MODIFIER	upstream_gene_variant	transcript	TRANSCRIPT_gene-GU280_gp11	protein_coding	-1	c.-4337T>C	.	-1	-1	-1	-1	-1	-1	4337	upstream_gene_variant	NONE	c.-4337T>C	.	-1
NC_045512.2	25221	T	C	ORF1ab	gene-GU280_gp01	MODIFIER	downstream_gene_variant	transcript	TRANSCRIPT_gene-GU280_gp01	protein_coding	-1	c.*3666T>C	.	-1	-1	-1	-1	-1	-1	3666	downstream_gene_variant	NONE	c.*3666T>C	.	-1
NC_045512.2	25517	C	G	ORF3a	gene-GU280_gp03	MODERATE	missense_variant	transcript	TRANSCRIPT_gene-GU280_gp03	protein_coding	1	c.125C>G	p.Pro42Arg	125	828	125	828	42	275	0	missense_variant	NONE	c.125C>G	p.Pro42Arg	275
NC_045512.2	25517	C	G	E	gene-GU280_gp04	MODIFIER	upstream_gene_variant	transcript	TRANSCRIPT_gene-GU280_gp04	protein_coding	-1	c.-728C>G	.	-1	-1	-1	-1	-1	-1	728	upstream_gene_variant	NONE	c.-728C>G	.	-1
NC_045512.2	25517	C	G	M	gene-GU280_gp05	MODIFIER	upstream_gene_variant	transcript	TRANSCRIPT_gene-GU280_gp05	protein_coding	-1	c.-1006C>G	.	-1	-1	-1	-1	-1	-1	1006	upstream_gene_variant	NONE	c.-1006C>G	.	-1
NC_045512.2	25517	C	G	ORF6	gene-GU280_gp06	MODIFIER	upstream_gene_variant	transcript	TRANSCRIPT_gene-GU280_gp06	protein_coding	-1	c.-1685C>G	.	-1	-1	-1	-1	-1	-1	1685	upstream_gene_variant	NONE	c.-1685C>G	.	-1
NC_045512.2	25517	C	G	ORF7a	gene-GU280_gp07	MODIFIER	upstream_gene_variant	transcript	TRANSCRIPT_gene-GU280_gp07	protein_coding	-1	c.-1877C>G	.	-1	-1	-1	-1	-1	-1	1877	upstream_gene_variant	NONE	c.-1877C>G	.	-1
NC_045512.2	25517	C	G	ORF7b	gene-GU280_gp08	MODIFIER	upstream_gene_variant	transcript	TRANSCRIPT_gene-GU280_gp08	protein_coding	-1	c.-2239C>G	.	-1	-1	-1	-1	-1	-1	2239	upstream_gene_variant	NONE	c.-2239C>G	.	-1
NC_045512.2	25517	C	G	ORF8	gene-GU280_gp09	MODIFIER	upstream_gene_variant	transcript	TRANSCRIPT_gene-GU280_gp09	protein_coding	-1	c.-2377C>G	.	-1	-1	-1	-1	-1	-1	2377	upstream_gene_variant	NONE	c.-2377C>G	.	-1
NC_045512.2	25517	C	G	N	gene-GU280_gp10	MODIFIER	upstream_gene_variant	transcript	TRANSCRIPT_gene-GU280_gp10	protein_coding	-1	c.-2757C>G	.	-1	-1	-1	-1	-1	-1	2757	upstream_gene_variant	NONE	c.-2757C>G	.	-1
NC_045512.2	25517	C	G	ORF10	gene-GU280_gp11	MODIFIER	upstream_gene_variant	transcript	TRANSCRIPT_gene-GU280_gp11	protein_coding	-1	c.-4041C>G	.	-1	-1	-1	-1	-1	-1	4041	upstream_gene_variant	NONE	c.-4041C>G	.	-1
NC_045512.2	25517	C	G	ORF1ab	gene-GU280_gp01	MODIFIER	downstream_gene_variant	transcript	TRANSCRIPT_gene-GU280_gp01	protein_coding	-1	c.*3962C>G	.	-1	-1	-1	-1	-1	-1	3962	downstream_gene_variant	NONE	c.*3962C>G	.	-1
NC_045512.2	25517	C	G	S	gene-GU280_gp02	MODIFIER	downstream_gene_variant	transcript	TRANSCRIPT_gene-GU280_gp02	protein_coding	-1	c.*133C>G	.	-1	-1	-1	-1	-1	-1	133	downstream_gene_variant	NONE	c.*133C>G	.	-1
NC_045512.2	25563	G	T	ORF3a	gene-GU280_gp03	MODERATE	missense_variant	transcript	TRANSCRIPT_gene-GU280_gp03	protein_coding	1	c.171G>T	p.Gln57His	171	828	171	828	57	275	0	missense_variant	NONE	c.171G>T	p.Gln57His	275
NC_045512.2	25563	G	T	E	gene-GU280_gp04	MODIFIER	upstream_gene_variant	transcript	TRANSCRIPT_gene-GU280_gp04	protein_coding	-1	c.-682G>T	.	-1	-1	-1	-1	-1	-1	682	upstream_gene_variant	NONE	c.-682G>T	.	-1
NC_045512.2	25563	G	T	M	gene-GU280_gp05	MODIFIER	upstream_gene_variant	transcript	TRANSCRIPT_gene-GU280_gp05	protein_coding	-1	c.-960G>T	.	-1	-1	-1	-1	-1	-1	960	upstream_gene_variant	NONE	c.-960G>T	.	-1
NC_045512.2	25563	G	T	ORF6	gene-GU280_gp06	MODIFIER	upstream_gene_variant	transcript	TRANSCRIPT_gene-GU280_gp06	protein_coding	-1	c.-1639G>T	.	-1	-1	-1	-1	-1	-1	1639	upstream_gene_variant	NONE	c.-1639G>T	.	-1
NC_045512.2	25563	G	T	ORF7a	gene-GU280_gp07	MODIFIER	upstream_gene_variant	transcript	TRANSCRIPT_gene-GU280_gp07	protein_coding	-1	c.-1831G>T	.	-1	-1	-1	-1	-1	-1	1831	upstream_gene_variant	NONE	c.-1831G>T	.	-1
NC_045512.2	25563	G	T	ORF7b	gene-GU280_gp08	MODIFIER	upstream_gene_variant	transcript	TRANSCRIPT_gene-GU280_gp08	protein_coding	-1	c.-2193G>T	.	-1	-1	-1	-1	-1	-1	2193	upstream_gene_variant	NONE	c.-2193G>T	.	-1
NC_045512.2	25563	G	T	ORF8	gene-GU280_gp09	MODIFIER	upstream_gene_variant	transcript	TRANSCRIPT_gene-GU280_gp09	protein_coding	-1	c.-2331G>T	.	-1	-1	-1	-1	-1	-1	2331	upstream_gene_variant	NONE	c.-2331G>T	.	-1
NC_045512.2	25563	G	T	N	gene-GU280_gp10	MODIFIER	upstream_gene_variant	transcript	TRANSCRIPT_gene-GU280_gp10	protein_coding	-1	c.-2711G>T	.	-1	-1	-1	-1	-1	-1	2711	upstream_gene_variant	NONE	c.-2711G>T	.	-1
NC_045512.2	25563	G	T	ORF10	gene-GU280_gp11	MODIFIER	upstream_gene_variant	transcript	TRANSCRIPT_gene-GU280_gp11	protein_coding	-1	c.-3995G>T	.	-1	-1	-1	-1	-1	-1	3995	upstream_gene_variant	NONE	c.-3995G>T	.	-1
NC_045512.2	25563	G	T	ORF1ab	gene-GU280_gp01	MODIFIER	downstream_gene_variant	transcript	TRANSCRIPT_gene-GU280_gp01	protein_coding	-1	c.*4008G>T	.	-1	-1	-1	-1	-1	-1	4008	downstream_gene_variant	NONE	c.*4008G>T	.	-1
NC_045512.2	25563	G	T	S	gene-GU280_gp02	MODIFIER	downstream_gene_variant	transcript	TRANSCRIPT_gene-GU280_gp02	protein_coding	-1	c.*179G>T	.	-1	-1	-1	-1	-1	-1	179	downstream_gene_variant	NONE	c.*179G>T	.	-1
NC_045512.2	25674	T	C	ORF3a	gene-GU280_gp03	LOW	synonymous_variant	transcript	TRANSCRIPT_gene-GU280_gp03	protein_coding	1	c.282T>C	p.Leu94Leu	282	828	282	828	94	275	0	synonymous_variant	NONE	c.282T>C	p.Leu94Leu	275
NC_045512.2	25674	T	C	E	gene-GU280_gp04	MODIFIER	upstream_gene_variant	transcript	TRANSCRIPT_gene-GU280_gp04	protein_coding	-1	c.-571T>C	.	-1	-1	-1	-1	-1	-1	571	upstream_gene_variant	NONE	c.-571T>C	.	-1
NC_045512.2	25674	T	C	M	gene-GU280_gp05	MODIFIER	upstream_gene_variant	transcript	TRANSCRIPT_gene-GU280_gp05	protein_coding	-1	c.-849T>C	.	-1	-1	-1	-1	-1	-1	849	upstream_gene_variant	NONE	c.-849T>C	.	-1
NC_045512.2	25674	T	C	ORF6	gene-GU280_gp06	MODIFIER	upstream_gene_variant	transcript	TRANSCRIPT_gene-GU280_gp06	protein_coding	-1	c.-1528T>C	.	-1	-1	-1	-1	-1	-1	1528	upstream_gene_variant	NONE	c.-1528T>C	.	-1
NC_045512.2	25674	T	C	ORF7a	gene-GU280_gp07	MODIFIER	upstream_gene_variant	transcript	TRANSCRIPT_gene-GU280_gp07	protein_coding	-1	c.-1720T>C	.	-1	-1	-1	-1	-1	-1	1720	upstream_gene_variant	NONE	c.-1720T>C	.	-1
NC_045512.2	25674	T	C	ORF7b	gene-GU280_gp08	MODIFIER	upstream_gene_variant	transcript	TRANSCRIPT_gene-GU280_gp08	protein_coding	-1	c.-2082T>C	.	-1	-1	-1	-1	-1	-1	2082	upstream_gene_variant	NONE	c.-2082T>C	.	-1
NC_045512.2	25674	T	C	ORF8	gene-GU280_gp09	MODIFIER	upstream_gene_variant	transcript	TRANSCRIPT_gene-GU280_gp09	protein_coding	-1	c.-2220T>C	.	-1	-1	-1	-1	-1	-1	2220	upstream_gene_variant	NONE	c.-2220T>C	.	-1
NC_045512.2	25674	T	C	N	gene-GU280_gp10	MODIFIER	upstream_gene_variant	transcript	TRANSCRIPT_gene-GU280_gp10	protein_coding	-1	c.-2600T>C	.	-1	-1	-1	-1	-1	-1	2600	upstream_gene_variant	NONE	c.-2600T>C	.	-1
NC_045512.2	25674	T	C	ORF10	gene-GU280_gp11	MODIFIER	upstream_gene_variant	transcript	TRANSCRIPT_gene-GU280_gp11	protein_coding	-1	c.-3884T>C	.	-1	-1	-1	-1	-1	-1	3884	upstream_gene_variant	NONE	c.-3884T>C	.	-1
NC_045512.2	25674	T	C	ORF1ab	gene-GU280_gp01	MODIFIER	downstream_gene_variant	transcript	TRANSCRIPT_gene-GU280_gp01	protein_coding	-1	c.*4119T>C	.	-1	-1	-1	-1	-1	-1	4119	downstream_gene_variant	NONE	c.*4119T>C	.	-1
NC_045512.2	25674	T	C	S	gene-GU280_gp02	MODIFIER	downstream_gene_variant	transcript	TRANSCRIPT_gene-GU280_gp02	protein_coding	-1	c.*290T>C	.	-1	-1	-1	-1	-1	-1	290	downstream_gene_variant	NONE	c.*290T>C	.	-1
NC_045512.2	25907	G	T	ORF3a	gene-GU280_gp03	MODERATE	missense_variant	transcript	TRANSCRIPT_gene-GU280_gp03	protein_coding	1	c.515G>T	p.Gly172Val	515	828	515	828	172	275	0	missense_variant	NONE	c.515G>T	p.Gly172Val	275
NC_045512.2	25907	G	T	E	gene-GU280_gp04	MODIFIER	upstream_gene_variant	transcript	TRANSCRIPT_gene-GU280_gp04	protein_coding	-1	c.-338G>T	.	-1	-1	-1	-1	-1	-1	338	upstream_gene_variant	NONE	c.-338G>T	.	-1
NC_045512.2	25907	G	T	M	gene-GU280_gp05	MODIFIER	upstream_gene_variant	transcript	TRANSCRIPT_gene-GU280_gp05	protein_coding	-1	c.-616G>T	.	-1	-1	-1	-1	-1	-1	616	upstream_gene_variant	NONE	c.-616G>T	.	-1
NC_045512.2	25907	G	T	ORF6	gene-GU280_gp06	MODIFIER	upstream_gene_variant	transcript	TRANSCRIPT_gene-GU280_gp06	protein_coding	-1	c.-1295G>T	.	-1	-1	-1	-1	-1	-1	1295	upstream_gene_variant	NONE	c.-1295G>T	.	-1
NC_045512.2	25907	G	T	ORF7a	gene-GU280_gp07	MODIFIER	upstream_gene_variant	transcript	TRANSCRIPT_gene-GU280_gp07	protein_coding	-1	c.-1487G>T	.	-1	-1	-1	-1	-1	-1	1487	upstream_gene_variant	NONE	c.-1487G>T	.	-1
NC_045512.2	25907	G	T	ORF7b	gene-GU280_gp08	MODIFIER	upstream_gene_variant	transcript	TRANSCRIPT_gene-GU280_gp08	protein_coding	-1	c.-1849G>T	.	-1	-1	-1	-1	-1	-1	1849	upstream_gene_variant	NONE	c.-1849G>T	.	-1
NC_045512.2	25907	G	T	ORF8	gene-GU280_gp09	MODIFIER	upstream_gene_variant	transcript	TRANSCRIPT_gene-GU280_gp09	protein_coding	-1	c.-1987G>T	.	-1	-1	-1	-1	-1	-1	1987	upstream_gene_variant	NONE	c.-1987G>T	.	-1
NC_045512.2	25907	G	T	N	gene-GU280_gp10	MODIFIER	upstream_gene_variant	transcript	TRANSCRIPT_gene-GU280_gp10	protein_coding	-1	c.-2367G>T	.	-1	-1	-1	-1	-1	-1	2367	upstream_gene_variant	NONE	c.-2367G>T	.	-1
NC_045512.2	25907	G	T	ORF10	gene-GU280_gp11	MODIFIER	upstream_gene_variant	transcript	TRANSCRIPT_gene-GU280_gp11	protein_coding	-1	c.-3651G>T	.	-1	-1	-1	-1	-1	-1	3651	upstream_gene_variant	NONE	c.-3651G>T	.	-1
NC_045512.2	25907	G	T	ORF1ab	gene-GU280_gp01	MODIFIER	downstream_gene_variant	transcript	TRANSCRIPT_gene-GU280_gp01	protein_coding	-1	c.*4352G>T	.	-1	-1	-1	-1	-1	-1	4352	downstream_gene_variant	NONE	c.*4352G>T	.	-1
NC_045512.2	25907	G	T	S	gene-GU280_gp02	MODIFIER	downstream_gene_variant	transcript	TRANSCRIPT_gene-GU280_gp02	protein_coding	-1	c.*523G>T	.	-1	-1	-1	-1	-1	-1	523	downstream_gene_variant	NONE	c.*523G>T	.	-1
NC_045512.2	26580	TG	T	M	gene-GU280_gp05	HIGH	frameshift_variant	transcript	TRANSCRIPT_gene-GU280_gp05	protein_coding	1	c.60delG	p.Trp20fs	60	669	60	669	20	222	0	frameshift_variant	NONE	c.60delG	p.Trp20fs	222
NC_045512.2	26580	TG	T	ORF6	gene-GU280_gp06	MODIFIER	upstream_gene_variant	transcript	TRANSCRIPT_gene-GU280_gp06	protein_coding	-1	c.-621delG	.	-1	-1	-1	-1	-1	-1	621	upstream_gene_variant	NONE	c.-621delG	.	-1
NC_045512.2	26580	TG	T	ORF7a	gene-GU280_gp07	MODIFIER	upstream_gene_variant	transcript	TRANSCRIPT_gene-GU280_gp07	protein_coding	-1	c.-813delG	.	-1	-1	-1	-1	-1	-1	813	upstream_gene_variant	NONE	c.-813delG	.	-1
NC_045512.2	26580	TG	T	ORF7b	gene-GU280_gp08	MODIFIER	upstream_gene_variant	transcript	TRANSCRIPT_gene-GU280_gp08	protein_coding	-1	c.-1175delG	.	-1	-1	-1	-1	-1	-1	1175	upstream_gene_variant	NONE	c.-1175delG	.	-1
NC_045512.2	26580	TG	T	ORF8	gene-GU280_gp09	MODIFIER	upstream_gene_variant	transcript	TRANSCRIPT_gene-GU280_gp09	protein_coding	-1	c.-1313delG	.	-1	-1	-1	-1	-1	-1	1313	upstream_gene_variant	NONE	c.-1313delG	.	-1
NC_045512.2	26580	TG	T	N	gene-GU280_gp10	MODIFIER	upstream_gene_variant	transcript	TRANSCRIPT_gene-GU280_gp10	protein_coding	-1	c.-1693delG	.	-1	-1	-1	-1	-1	-1	1693	upstream_gene_variant	NONE	c.-1693delG	.	-1
NC_045512.2	26580	TG	T	ORF10	gene-GU280_gp11	MODIFIER	upstream_gene_variant	transcript	TRANSCRIPT_gene-GU280_gp11	protein_coding	-1	c.-2977delG	.	-1	-1	-1	-1	-1	-1	2977	upstream_gene_variant	NONE	c.-2977delG	.	-1
NC_045512.2	26580	TG	T	S	gene-GU280_gp02	MODIFIER	downstream_gene_variant	transcript	TRANSCRIPT_gene-GU280_gp02	protein_coding	-1	c.*1197delG	.	-1	-1	-1	-1	-1	-1	1197	downstream_gene_variant	NONE	c.*1197delG	.	-1
NC_045512.2	26580	TG	T	ORF3a	gene-GU280_gp03	MODIFIER	downstream_gene_variant	transcript	TRANSCRIPT_gene-GU280_gp03	protein_coding	-1	c.*361delG	.	-1	-1	-1	-1	-1	-1	361	downstream_gene_variant	NONE	c.*361delG	.	-1
NC_045512.2	26580	TG	T	E	gene-GU280_gp04	MODIFIER	downstream_gene_variant	transcript	TRANSCRIPT_gene-GU280_gp04	protein_coding	-1	c.*109delG	.	-1	-1	-1	-1	-1	-1	109	downstream_gene_variant	NONE	c.*109delG	.	-1
NC_045512.2	26654	G	GT	M	gene-GU280_gp05	HIGH	frameshift_variant	transcript	TRANSCRIPT_gene-GU280_gp05	protein_coding	1	c.137dupT	p.Leu46fs	138	669	138	669	46	222	0	frameshift_variant	NONE	c.137dupT	p.Leu46fs	222
NC_045512.2	26654	G	GT	ORF6	gene-GU280_gp06	MODIFIER	upstream_gene_variant	transcript	TRANSCRIPT_gene-GU280_gp06	protein_coding	-1	c.-548_-547insT	.	-1	-1	-1	-1	-1	-1	547	upstream_gene_variant	NONE	c.-548_-547insT	.	-1
NC_045512.2	26654	G	GT	ORF7a	gene-GU280_gp07	MODIFIER	upstream_gene_variant	transcript	TRANSCRIPT_gene-GU280_gp07	protein_coding	-1	c.-740_-739insT	.	-1	-1	-1	-1	-1	-1	739	upstream_gene_variant	NONE	c.-740_-739insT	.	-1
NC_045512.2	26654	G	GT	ORF7b	gene-GU280_gp08	MODIFIER	upstream_gene_variant	transcript	TRANSCRIPT_gene-GU280_gp08	protein_coding	-1	c.-1102_-1101insT	.	-1	-1	-1	-1	-1	-1	1101	upstream_gene_variant	NONE	c.-1102_-1101insT	.	-1
NC_045512.2	26654	G	GT	ORF8	gene-GU280_gp09	MODIFIER	upstream_gene_variant	transcript	TRANSCRIPT_gene-GU280_gp09	protein_coding	-1	c.-1240_-1239insT	.	-1	-1	-1	-1	-1	-1	1239	upstream_gene_variant	NONE	c.-1240_-1239insT	.	-1
NC_045512.2	26654	G	GT	N	gene-GU280_gp10	MODIFIER	upstream_gene_variant	transcript	TRANSCRIPT_gene-GU280_gp10	protein_coding	-1	c.-1620_-1619insT	.	-1	-1	-1	-1	-1	-1	1619	upstream_gene_variant	NONE	c.-1620_-1619insT	.	-1
NC_045512.2	26654	G	GT	ORF10	gene-GU280_gp11	MODIFIER	upstream_gene_variant	transcript	TRANSCRIPT_gene-GU280_gp11	protein_coding	-1	c.-2904_-2903insT	.	-1	-1	-1	-1	-1	-1	2903	upstream_gene_variant	NONE	c.-2904_-2903insT	.	-1
NC_045512.2	26654	G	GT	S	gene-GU280_gp02	MODIFIER	downstream_gene_variant	transcript	TRANSCRIPT_gene-GU280_gp02	protein_coding	-1	c.*1270_*1271insT	.	-1	-1	-1	-1	-1	-1	1271	downstream_gene_variant	NONE	c.*1270_*1271insT	.	-1
NC_045512.2	26654	G	GT	ORF3a	gene-GU280_gp03	MODIFIER	downstream_gene_variant	transcript	TRANSCRIPT_gene-GU280_gp03	protein_coding	-1	c.*434_*435insT	.	-1	-1	-1	-1	-1	-1	435	downstream_gene_variant	NONE	c.*434_*435insT	.	-1
NC_045512.2	26654	G	GT	E	gene-GU280_gp04	MODIFIER	downstream_gene_variant	transcript	TRANSCRIPT_gene-GU280_gp04	protein_coding	-1	c.*182_*183insT	.	-1	-1	-1	-1	-1	-1	183	downstream_gene_variant	NONE	c.*182_*183insT	.	-1
NC_045512.2	27226	G	T	ORF6	gene-GU280_gp06	MODERATE	missense_variant	transcript	TRANSCRIPT_gene-GU280_gp06	protein_coding	1	c.25G>T	p.Val9Phe	25	186	25	186	9	61	0	missense_variant	NONE	c.25G>T	p.Val9Phe	61
NC_045512.2	27226	G	T	ORF7a	gene-GU280_gp07	MODIFIER	upstream_gene_variant	transcript	TRANSCRIPT_gene-GU280_gp07	protein_coding	-1	c.-168G>T	.	-1	-1	-1	-1	-1	-1	168	upstream_gene_variant	NONE	c.-168G>T	.	-1
NC_045512.2	27226	G	T	ORF7b	gene-GU280_gp08	MODIFIER	upstream_gene_variant	transcript	TRANSCRIPT_gene-GU280_gp08	protein_coding	-1	c.-530G>T	.	-1	-1	-1	-1	-1	-1	530	upstream_gene_variant	NONE	c.-530G>T	.	-1
NC_045512.2	27226	G	T	ORF8	gene-GU280_gp09	MODIFIER	upstream_gene_variant	transcript	TRANSCRIPT_gene-GU280_gp09	protein_coding	-1	c.-668G>T	.	-1	-1	-1	-1	-1	-1	668	upstream_gene_variant	NONE	c.-668G>T	.	-1
NC_045512.2	27226	G	T	N	gene-GU280_gp10	MODIFIER	upstream_gene_variant	transcript	TRANSCRIPT_gene-GU280_gp10	protein_coding	-1	c.-1048G>T	.	-1	-1	-1	-1	-1	-1	1048	upstream_gene_variant	NONE	c.-1048G>T	.	-1
NC_045512.2	27226	G	T	ORF10	gene-GU280_gp11	MODIFIER	upstream_gene_variant	transcript	TRANSCRIPT_gene-GU280_gp11	protein_coding	-1	c.-2332G>T	.	-1	-1	-1	-1	-1	-1	2332	upstream_gene_variant	NONE	c.-2332G>T	.	-1
NC_045512.2	27226	G	T	S	gene-GU280_gp02	MODIFIER	downstream_gene_variant	transcript	TRANSCRIPT_gene-GU280_gp02	protein_coding	-1	c.*1842G>T	.	-1	-1	-1	-1	-1	-1	1842	downstream_gene_variant	NONE	c.*1842G>T	.	-1
NC_045512.2	27226	G	T	ORF3a	gene-GU280_gp03	MODIFIER	downstream_gene_variant	transcript	TRANSCRIPT_gene-GU280_gp03	protein_coding	-1	c.*1006G>T	.	-1	-1	-1	-1	-1	-1	1006	downstream_gene_variant	NONE	c.*1006G>T	.	-1
NC_045512.2	27226	G	T	E	gene-GU280_gp04	MODIFIER	downstream_gene_variant	transcript	TRANSCRIPT_gene-GU280_gp04	protein_coding	-1	c.*754G>T	.	-1	-1	-1	-1	-1	-1	754	downstream_gene_variant	NONE	c.*754G>T	.	-1
NC_045512.2	27226	G	T	M	gene-GU280_gp05	MODIFIER	downstream_gene_variant	transcript	TRANSCRIPT_gene-GU280_gp05	protein_coding	-1	c.*35G>T	.	-1	-1	-1	-1	-1	-1	35	downstream_gene_variant	NONE	c.*35G>T	.	-1
NC_045512.2	27265	T	C	ORF6	gene-GU280_gp06	MODERATE	missense_variant	transcript	TRANSCRIPT_gene-GU280_gp06	protein_coding	1	c.64T>C	p.Phe22Leu	64	186	64	186	22	61	0	missense_variant	NONE	c.64T>C	p.Phe22Leu	61
NC_045512.2	27265	T	C	ORF7a	gene-GU280_gp07	MODIFIER	upstream_gene_variant	transcript	TRANSCRIPT_gene-GU280_gp07	protein_coding	-1	c.-129T>C	.	-1	-1	-1	-1	-1	-1	129	upstream_gene_variant	NONE	c.-129T>C	.	-1
NC_045512.2	27265	T	C	ORF7b	gene-GU280_gp08	MODIFIER	upstream_gene_variant	transcript	TRANSCRIPT_gene-GU280_gp08	protein_coding	-1	c.-491T>C	.	-1	-1	-1	-1	-1	-1	491	upstream_gene_variant	NONE	c.-491T>C	.	-1
NC_045512.2	27265	T	C	ORF8	gene-GU280_gp09	MODIFIER	upstream_gene_variant	transcript	TRANSCRIPT_gene-GU280_gp09	protein_coding	-1	c.-629T>C	.	-1	-1	-1	-1	-1	-1	629	upstream_gene_variant	NONE	c.-629T>C	.	-1
NC_045512.2	27265	T	C	N	gene-GU280_gp10	MODIFIER	upstream_gene_variant	transcript	TRANSCRIPT_gene-GU280_gp10	protein_coding	-1	c.-1009T>C	.	-1	-1	-1	-1	-1	-1	1009	upstream_gene_variant	NONE	c.-1009T>C	.	-1
NC_045512.2	27265	T	C	ORF10	gene-GU280_gp11	MODIFIER	upstream_gene_variant	transcript	TRANSCRIPT_gene-GU280_gp11	protein_coding	-1	c.-2293T>C	.	-1	-1	-1	-1	-1	-1	2293	upstream_gene_variant	NONE	c.-2293T>C	.	-1
NC_045512.2	27265	T	C	S	gene-GU280_gp02	MODIFIER	downstream_gene_variant	transcript	TRANSCRIPT_gene-GU280_gp02	protein_coding	-1	c.*1881T>C	.	-1	-1	-1	-1	-1	-1	1881	downstream_gene_variant	NONE	c.*1881T>C	.	-1
NC_045512.2	27265	T	C	ORF3a	gene-GU280_gp03	MODIFIER	downstream_gene_variant	transcript	TRANSCRIPT_gene-GU280_gp03	protein_coding	-1	c.*1045T>C	.	-1	-1	-1	-1	-1	-1	1045	downstream_gene_variant	NONE	c.*1045T>C	.	-1
NC_045512.2	27265	T	C	E	gene-GU280_gp04	MODIFIER	downstream_gene_variant	transcript	TRANSCRIPT_gene-GU280_gp04	protein_coding	-1	c.*793T>C	.	-1	-1	-1	-1	-1	-1	793	downstream_gene_variant	NONE	c.*793T>C	.	-1
NC_045512.2	27265	T	C	M	gene-GU280_gp05	MODIFIER	downstream_gene_variant	transcript	TRANSCRIPT_gene-GU280_gp05	protein_coding	-1	c.*74T>C	.	-1	-1	-1	-1	-1	-1	74	downstream_gene_variant	NONE	c.*74T>C	.	-1
NC_045512.2	27964	C	T	ORF8	gene-GU280_gp09	MODERATE	missense_variant	transcript	TRANSCRIPT_gene-GU280_gp09	protein_coding	1	c.71C>T	p.Ser24Leu	71	366	71	366	24	121	0	missense_variant	NONE	c.71C>T	p.Ser24Leu	121
NC_045512.2	27964	C	T	N	gene-GU280_gp10	MODIFIER	upstream_gene_variant	transcript	TRANSCRIPT_gene-GU280_gp10	protein_coding	-1	c.-310C>T	.	-1	-1	-1	-1	-1	-1	310	upstream_gene_variant	NONE	c.-310C>T	.	-1
NC_045512.2	27964	C	T	ORF10	gene-GU280_gp11	MODIFIER	upstream_gene_variant	transcript	TRANSCRIPT_gene-GU280_gp11	protein_coding	-1	c.-1594C>T	.	-1	-1	-1	-1	-1	-1	1594	upstream_gene_variant	NONE	c.-1594C>T	.	-1
NC_045512.2	27964	C	T	S	gene-GU280_gp02	MODIFIER	downstream_gene_variant	transcript	TRANSCRIPT_gene-GU280_gp02	protein_coding	-1	c.*2580C>T	.	-1	-1	-1	-1	-1	-1	2580	downstream_gene_variant	NONE	c.*2580C>T	.	-1
NC_045512.2	27964	C	T	ORF3a	gene-GU280_gp03	MODIFIER	downstream_gene_variant	transcript	TRANSCRIPT_gene-GU280_gp03	protein_coding	-1	c.*1744C>T	.	-1	-1	-1	-1	-1	-1	1744	downstream_gene_variant	NONE	c.*1744C>T	.	-1
NC_045512.2	27964	C	T	E	gene-GU280_gp04	MODIFIER	downstream_gene_variant	transcript	TRANSCRIPT_gene-GU280_gp04	protein_coding	-1	c.*1492C>T	.	-1	-1	-1	-1	-1	-1	1492	downstream_gene_variant	NONE	c.*1492C>T	.	-1
NC_045512.2	27964	C	T	M	gene-GU280_gp05	MODIFIER	downstream_gene_variant	transcript	TRANSCRIPT_gene-GU280_gp05	protein_coding	-1	c.*773C>T	.	-1	-1	-1	-1	-1	-1	773	downstream_gene_variant	NONE	c.*773C>T	.	-1
NC_045512.2	27964	C	T	ORF6	gene-GU280_gp06	MODIFIER	downstream_gene_variant	transcript	TRANSCRIPT_gene-GU280_gp06	protein_coding	-1	c.*577C>T	.	-1	-1	-1	-1	-1	-1	577	downstream_gene_variant	NONE	c.*577C>T	.	-1
NC_045512.2	27964	C	T	ORF7a	gene-GU280_gp07	MODIFIER	downstream_gene_variant	transcript	TRANSCRIPT_gene-GU280_gp07	protein_coding	-1	c.*205C>T	.	-1	-1	-1	-1	-1	-1	205	downstream_gene_variant	NONE	c.*205C>T	.	-1
NC_045512.2	27964	C	T	ORF7b	gene-GU280_gp08	MODIFIER	downstream_gene_variant	transcript	TRANSCRIPT_gene-GU280_gp08	protein_coding	-1	c.*77C>T	.	-1	-1	-1	-1	-1	-1	77	downstream_gene_variant	NONE	c.*77C>T	.	-1
NC_045512.2	28329	G	T	N	gene-GU280_gp10	MODERATE	missense_variant	transcript	TRANSCRIPT_gene-GU280_gp10	protein_coding	1	c.56G>T	p.Gly19Val	56	1260	56	1260	19	419	0	missense_variant	NONE	c.56G>T	p.Gly19Val	419
NC_045512.2	28329	G	T	ORF10	gene-GU280_gp11	MODIFIER	upstream_gene_variant	transcript	TRANSCRIPT_gene-GU280_gp11	protein_coding	-1	c.-1229G>T	.	-1	-1	-1	-1	-1	-1	1229	upstream_gene_variant	NONE	c.-1229G>T	.	-1
NC_045512.2	28329	G	T	S	gene-GU280_gp02	MODIFIER	downstream_gene_variant	transcript	TRANSCRIPT_gene-GU280_gp02	protein_coding	-1	c.*2945G>T	.	-1	-1	-1	-1	-1	-1	2945	downstream_gene_variant	NONE	c.*2945G>T	.	-1
NC_045512.2	28329	G	T	ORF3a	gene-GU280_gp03	MODIFIER	downstream_gene_variant	transcript	TRANSCRIPT_gene-GU280_gp03	protein_coding	-1	c.*2109G>T	.	-1	-1	-1	-1	-1	-1	2109	downstream_gene_variant	NONE	c.*2109G>T	.	-1
NC_045512.2	28329	G	T	E	gene-GU280_gp04	MODIFIER	downstream_gene_variant	transcript	TRANSCRIPT_gene-GU280_gp04	protein_coding	-1	c.*1857G>T	.	-1	-1	-1	-1	-1	-1	1857	downstream_gene_variant	NONE	c.*1857G>T	.	-1
NC_045512.2	28329	G	T	M	gene-GU280_gp05	MODIFIER	downstream_gene_variant	transcript	TRANSCRIPT_gene-GU280_gp05	protein_coding	-1	c.*1138G>T	.	-1	-1	-1	-1	-1	-1	1138	downstream_gene_variant	NONE	c.*1138G>T	.	-1
NC_045512.2	28329	G	T	ORF6	gene-GU280_gp06	MODIFIER	downstream_gene_variant	transcript	TRANSCRIPT_gene-GU280_gp06	protein_coding	-1	c.*942G>T	.	-1	-1	-1	-1	-1	-1	942	downstream_gene_variant	NONE	c.*942G>T	.	-1
NC_045512.2	28329	G	T	ORF7a	gene-GU280_gp07	MODIFIER	downstream_gene_variant	transcript	TRANSCRIPT_gene-GU280_gp07	protein_coding	-1	c.*570G>T	.	-1	-1	-1	-1	-1	-1	570	downstream_gene_variant	NONE	c.*570G>T	.	-1
NC_045512.2	28329	G	T	ORF7b	gene-GU280_gp08	MODIFIER	downstream_gene_variant	transcript	TRANSCRIPT_gene-GU280_gp08	protein_coding	-1	c.*442G>T	.	-1	-1	-1	-1	-1	-1	442	downstream_gene_variant	NONE	c.*442G>T	.	-1
NC_045512.2	28329	G	T	ORF8	gene-GU280_gp09	MODIFIER	downstream_gene_variant	transcript	TRANSCRIPT_gene-GU280_gp09	protein_coding	-1	c.*70G>T	.	-1	-1	-1	-1	-1	-1	70	downstream_gene_variant	NONE	c.*70G>T	.	-1
NC_045512.2	28472	C	T	N	gene-GU280_gp10	MODERATE	missense_variant	transcript	TRANSCRIPT_gene-GU280_gp10	protein_coding	1	c.199C>T	p.Pro67Ser	199	1260	199	1260	67	419	0	missense_variant	NONE	c.199C>T	p.Pro67Ser	419
NC_045512.2	28472	C	T	ORF10	gene-GU280_gp11	MODIFIER	upstream_gene_variant	transcript	TRANSCRIPT_gene-GU280_gp11	protein_coding	-1	c.-1086C>T	.	-1	-1	-1	-1	-1	-1	1086	upstream_gene_variant	NONE	c.-1086C>T	.	-1
NC_045512.2	28472	C	T	S	gene-GU280_gp02	MODIFIER	downstream_gene_variant	transcript	TRANSCRIPT_gene-GU280_gp02	protein_coding	-1	c.*3088C>T	.	-1	-1	-1	-1	-1	-1	3088	downstream_gene_variant	NONE	c.*3088C>T	.	-1
NC_045512.2	28472	C	T	ORF3a	gene-GU280_gp03	MODIFIER	downstream_gene_variant	transcript	TRANSCRIPT_gene-GU280_gp03	protein_coding	-1	c.*2252C>T	.	-1	-1	-1	-1	-1	-1	2252	downstream_gene_variant	NONE	c.*2252C>T	.	-1
NC_045512.2	28472	C	T	E	gene-GU280_gp04	MODIFIER	downstream_gene_variant	transcript	TRANSCRIPT_gene-GU280_gp04	protein_coding	-1	c.*2000C>T	.	-1	-1	-1	-1	-1	-1	2000	downstream_gene_variant	NONE	c.*2000C>T	.	-1
NC_045512.2	28472	C	T	M	gene-GU280_gp05	MODIFIER	downstream_gene_variant	transcript	TRANSCRIPT_gene-GU280_gp05	protein_coding	-1	c.*1281C>T	.	-1	-1	-1	-1	-1	-1	1281	downstream_gene_variant	NONE	c.*1281C>T	.	-1
NC_045512.2	28472	C	T	ORF6	gene-GU280_gp06	MODIFIER	downstream_gene_variant	transcript	TRANSCRIPT_gene-GU280_gp06	protein_coding	-1	c.*1085C>T	.	-1	-1	-1	-1	-1	-1	1085	downstream_gene_variant	NONE	c.*1085C>T	.	-1
NC_045512.2	28472	C	T	ORF7a	gene-GU280_gp07	MODIFIER	downstream_gene_variant	transcript	TRANSCRIPT_gene-GU280_gp07	protein_coding	-1	c.*713C>T	.	-1	-1	-1	-1	-1	-1	713	downstream_gene_variant	NONE	c.*713C>T	.	-1
NC_045512.2	28472	C	T	ORF7b	gene-GU280_gp08	MODIFIER	downstream_gene_variant	transcript	TRANSCRIPT_gene-GU280_gp08	protein_coding	-1	c.*585C>T	.	-1	-1	-1	-1	-1	-1	585	downstream_gene_variant	NONE	c.*585C>T	.	-1
NC_045512.2	28472	C	T	ORF8	gene-GU280_gp09	MODIFIER	downstream_gene_variant	transcript	TRANSCRIPT_gene-GU280_gp09	protein_coding	-1	c.*213C>T	.	-1	-1	-1	-1	-1	-1	213	downstream_gene_variant	NONE	c.*213C>T	.	-1
NC_045512.2	28869	C	T	N	gene-GU280_gp10	MODERATE	missense_variant	transcript	TRANSCRIPT_gene-GU280_gp10	protein_coding	1	c.596C>T	p.Pro199Leu	596	1260	596	1260	199	419	0	missense_variant	NONE	c.596C>T	p.Pro199Leu	419
NC_045512.2	28869	C	T	ORF10	gene-GU280_gp11	MODIFIER	upstream_gene_variant	transcript	TRANSCRIPT_gene-GU280_gp11	protein_coding	-1	c.-689C>T	.	-1	-1	-1	-1	-1	-1	689	upstream_gene_variant	NONE	c.-689C>T	.	-1
NC_045512.2	28869	C	T	S	gene-GU280_gp02	MODIFIER	downstream_gene_variant	transcript	TRANSCRIPT_gene-GU280_gp02	protein_coding	-1	c.*3485C>T	.	-1	-1	-1	-1	-1	-1	3485	downstream_gene_variant	NONE	c.*3485C>T	.	-1
NC_045512.2	28869	C	T	ORF3a	gene-GU280_gp03	MODIFIER	downstream_gene_variant	transcript	TRANSCRIPT_gene-GU280_gp03	protein_coding	-1	c.*2649C>T	.	-1	-1	-1	-1	-1	-1	2649	downstream_gene_variant	NONE	c.*2649C>T	.	-1
NC_045512.2	28869	C	T	E	gene-GU280_gp04	MODIFIER	downstream_gene_variant	transcript	TRANSCRIPT_gene-GU280_gp04	protein_coding	-1	c.*2397C>T	.	-1	-1	-1	-1	-1	-1	2397	downstream_gene_variant	NONE	c.*2397C>T	.	-1
NC_045512.2	28869	C	T	M	gene-GU280_gp05	MODIFIER	downstream_gene_variant	transcript	TRANSCRIPT_gene-GU280_gp05	protein_coding	-1	c.*1678C>T	.	-1	-1	-1	-1	-1	-1	1678	downstream_gene_variant	NONE	c.*1678C>T	.	-1
NC_045512.2	28869	C	T	ORF6	gene-GU280_gp06	MODIFIER	downstream_gene_variant	transcript	TRANSCRIPT_gene-GU280_gp06	protein_coding	-1	c.*1482C>T	.	-1	-1	-1	-1	-1	-1	1482	downstream_gene_variant	NONE	c.*1482C>T	.	-1
NC_045512.2	28869	C	T	ORF7a	gene-GU280_gp07	MODIFIER	downstream_gene_variant	transcript	TRANSCRIPT_gene-GU280_gp07	protein_coding	-1	c.*1110C>T	.	-1	-1	-1	-1	-1	-1	1110	downstream_gene_variant	NONE	c.*1110C>T	.	-1
NC_045512.2	28869	C	T	ORF7b	gene-GU280_gp08	MODIFIER	downstream_gene_variant	transcript	TRANSCRIPT_gene-GU280_gp08	protein_coding	-1	c.*982C>T	.	-1	-1	-1	-1	-1	-1	982	downstream_gene_variant	NONE	c.*982C>T	.	-1
NC_045512.2	28869	C	T	ORF8	gene-GU280_gp09	MODIFIER	downstream_gene_variant	transcript	TRANSCRIPT_gene-GU280_gp09	protein_coding	-1	c.*610C>T	.	-1	-1	-1	-1	-1	-1	610	downstream_gene_variant	NONE	c.*610C>T	.	-1
NC_045512.2	29051	C	CA	N	gene-GU280_gp10	HIGH	frameshift_variant	transcript	TRANSCRIPT_gene-GU280_gp10	protein_coding	1	c.783dupA	p.Arg262fs	784	1260	784	1260	262	419	0	frameshift_variant	NONE	c.783dupA	p.Arg262fs	419
NC_045512.2	29051	C	CA	ORF10	gene-GU280_gp11	MODIFIER	upstream_gene_variant	transcript	TRANSCRIPT_gene-GU280_gp11	protein_coding	-1	c.-507_-506insA	.	-1	-1	-1	-1	-1	-1	506	upstream_gene_variant	NONE	c.-507_-506insA	.	-1
NC_045512.2	29051	C	CA	S	gene-GU280_gp02	MODIFIER	downstream_gene_variant	transcript	TRANSCRIPT_gene-GU280_gp02	protein_coding	-1	c.*3667_*3668insA	.	-1	-1	-1	-1	-1	-1	3668	downstream_gene_variant	NONE	c.*3667_*3668insA	.	-1
NC_045512.2	29051	C	CA	ORF3a	gene-GU280_gp03	MODIFIER	downstream_gene_variant	transcript	TRANSCRIPT_gene-GU280_gp03	protein_coding	-1	c.*2831_*2832insA	.	-1	-1	-1	-1	-1	-1	2832	downstream_gene_variant	NONE	c.*2831_*2832insA	.	-1
NC_045512.2	29051	C	CA	E	gene-GU280_gp04	MODIFIER	downstream_gene_variant	transcript	TRANSCRIPT_gene-GU280_gp04	protein_coding	-1	c.*2579_*2580insA	.	-1	-1	-1	-1	-1	-1	2580	downstream_gene_variant	NONE	c.*2579_*2580insA	.	-1
NC_045512.2	29051	C	CA	M	gene-GU280_gp05	MODIFIER	downstream_gene_variant	transcript	TRANSCRIPT_gene-GU280_gp05	protein_coding	-1	c.*1860_*1861insA	.	-1	-1	-1	-1	-1	-1	1861	downstream_gene_variant	NONE	c.*1860_*1861insA	.	-1
NC_045512.2	29051	C	CA	ORF6	gene-GU280_gp06	MODIFIER	downstream_gene_variant	transcript	TRANSCRIPT_gene-GU280_gp06	protein_coding	-1	c.*1664_*1665insA	.	-1	-1	-1	-1	-1	-1	1665	downstream_gene_variant	NONE	c.*1664_*1665insA	.	-1
NC_045512.2	29051	C	CA	ORF7a	gene-GU280_gp07	MODIFIER	downstream_gene_variant	transcript	TRANSCRIPT_gene-GU280_gp07	protein_coding	-1	c.*1292_*1293insA	.	-1	-1	-1	-1	-1	-1	1293	downstream_gene_variant	NONE	c.*1292_*1293insA	.	-1
NC_045512.2	29051	C	CA	ORF7b	gene-GU280_gp08	MODIFIER	downstream_gene_variant	transcript	TRANSCRIPT_gene-GU280_gp08	protein_coding	-1	c.*1164_*1165insA	.	-1	-1	-1	-1	-1	-1	1165	downstream_gene_variant	NONE	c.*1164_*1165insA	.	-1
NC_045512.2	29051	C	CA	ORF8	gene-GU280_gp09	MODIFIER	downstream_gene_variant	transcript	TRANSCRIPT_gene-GU280_gp09	protein_coding	-1	c.*792_*793insA	.	-1	-1	-1	-1	-1	-1	793	downstream_gene_variant	NONE	c.*792_*793insA	.	-1
