"","ID","SNP","POS","REF","ALT","GENE","EFF","AA"
"1","475650","C6196T",6196,"C","T","ORF1ab","synonymous","p.Pro1977Pro"
"2","475650","C6696CT",6696,"C","CT","ORF1ab","nonsynonymous","p.Leu2146fs"
"3","475650","G7405T",7405,"G","T","ORF1ab","nonsynonymous","p.Met2380Ile"
"4","475650","CT11074C",11074,"CT","C","ORF1ab","nonsynonymous","p.Leu3606fs"
"5","475650","C12778T",12778,"C","T","ORF1ab","synonymous","p.Tyr4171Tyr"
"6","475650","G28262A",28262,"G","A","UTR","UTR",NA
"7","475650","G28262GAACA",28262,"G","GAACA","UTR","UTR",NA
"8","475650","C29051CA",29051,"C","CA","N","nonsynonymous","p.Arg262fs"
