"","ID","SNP","POS","REF","ALT","GENE","EFF","AA"
"1","450348","C635T",635,"C","T","ORF1ab","nonsynonymous","p.Arg124Cys"
"2","450348","C683T",683,"C","T","ORF1ab","synonymous","p.Leu140Leu"
"3","450348","C1594T",1594,"C","T","ORF1ab","synonymous","p.Ser443Ser"
"4","450348","C1628CA",1628,"C","CA","ORF1ab","nonsynonymous","p.Glu457fs"
"5","450348","C2395T",2395,"C","T","ORF1ab","synonymous","p.Val710Val"
"6","450348","T5077C",5077,"T","C","ORF1ab","synonymous","p.Val1604Val"
"7","450348","A5078T",5078,"A","T","ORF1ab","nonsynonymous","p.Thr1605Ser"
"8","450348","C9502T",9502,"C","T","ORF1ab","synonymous","p.Ala3079Ala"
"9","450348","C14676T",14676,"C","T","ORF1ab","nonsynonymous","p.Pro4804Leu"
"10","450348","CA15157C",15157,"CA","C","ORF1ab","nonsynonymous","p.Asn4966fs"
"11","450348","C16175T",16175,"C","T","ORF1ab","nonsynonymous","p.Leu5304Phe"
"12","450348","C29686T",29686,"C","T","3'UTR","UTR",NA
"13","450348","T29760C",29760,"T","C","3'UTR","UTR",NA
