"","ID","SNP","POS","REF","ALT","GENE","EFF","AA"
"1","435805","C635T",635,"C","T","ORF1ab","nonsynonymous","p.Arg124Cys"
"2","435805","C683T",683,"C","T","ORF1ab","synonymous","p.Leu140Leu"
"3","435805","C913T",913,"C","T","ORF1ab","synonymous","p.Ser216Ser"
"4","435805","C11824T",11824,"C","T","ORF1ab","synonymous","p.Ile3853Ile"
"5","435805","C17707T",17707,"C","T","ORF1ab","synonymous","p.Gly5814Gly"
"6","435805","A23583T",23583,"A","T","S","nonsynonymous","p.Tyr674Phe"
"7","435805","C23604A",23604,"C","A","S","nonsynonymous","p.Pro681His"
"8","435805","C23638T",23638,"C","T","S","synonymous","p.Ile692Ile"
"9","435805","C25578T",25578,"C","T","ORF3a","synonymous","p.Ile62Ile"
"10","435805","C28253T",28253,"C","T","ORF8","synonymous","p.Phe120Phe"
