CHROM	POS	REF	ALT	ANN[*].GENE	ANN[*].GENEID	ANN[*].IMPACT	ANN[*].EFFECT	ANN[*].FEATURE	ANN[*].FEATUREID	ANN[*].BIOTYPE	ANN[*].RANK	ANN[*].HGVS_C	ANN[*].HGVS_P	ANN[*].CDNA_POS	ANN[*].CDNA_LEN	ANN[*].CDS_POS	ANN[*].CDS_LEN	ANN[*].AA_POS	ANN[*].AA_LEN	ANN[*].DISTANCE	EFF[*].EFFECT	EFF[*].FUNCLASS	EFF[*].CODON	EFF[*].AA	EFF[*].AA_LEN
NC_045512.2	35	A	G	ORF1ab	gene-GU280_gp01	MODIFIER	upstream_gene_variant	transcript	TRANSCRIPT_gene-GU280_gp01	protein_coding	-1	c.-231A>G	.	-1	-1	-1	-1	-1	-1	231	upstream_gene_variant	NONE	c.-231A>G	.	-1
NC_045512.2	35	A	G	CHR_START-ORF1ab	CHR_START-gene-GU280_gp01	MODIFIER	intergenic_region	intergenic_region	CHR_START-gene-GU280_gp01	.	-1	n.35A>G	.	-1	-1	-1	-1	-1	-1	0	intergenic_region	NONE	n.35A>G	.	-1
NC_045512.2	67	TA	T	ORF1ab	gene-GU280_gp01	MODIFIER	upstream_gene_variant	transcript	TRANSCRIPT_gene-GU280_gp01	protein_coding	-1	c.-198delA	.	-1	-1	-1	-1	-1	-1	198	upstream_gene_variant	NONE	c.-198delA	.	-1
NC_045512.2	67	TA	T	CHR_START-ORF1ab	CHR_START-gene-GU280_gp01	MODIFIER	intergenic_region	intergenic_region	CHR_START-gene-GU280_gp01	.	-1	n.68delA	.	-1	-1	-1	-1	-1	-1	0	intergenic_region	NONE	n.68delA	.	-1
NC_045512.2	78	T	G	ORF1ab	gene-GU280_gp01	MODIFIER	upstream_gene_variant	transcript	TRANSCRIPT_gene-GU280_gp01	protein_coding	-1	c.-188T>G	.	-1	-1	-1	-1	-1	-1	188	upstream_gene_variant	NONE	c.-188T>G	.	-1
NC_045512.2	78	T	G	CHR_START-ORF1ab	CHR_START-gene-GU280_gp01	MODIFIER	intergenic_region	intergenic_region	CHR_START-gene-GU280_gp01	.	-1	n.78T>G	.	-1	-1	-1	-1	-1	-1	0	intergenic_region	NONE	n.78T>G	.	-1
NC_045512.2	241	C	T	ORF1ab	gene-GU280_gp01	MODIFIER	upstream_gene_variant	transcript	TRANSCRIPT_gene-GU280_gp01	protein_coding	-1	c.-25C>T	.	-1	-1	-1	-1	-1	-1	25	upstream_gene_variant	NONE	c.-25C>T	.	-1
NC_045512.2	241	C	T	CHR_START-ORF1ab	CHR_START-gene-GU280_gp01	MODIFIER	intergenic_region	intergenic_region	CHR_START-gene-GU280_gp01	.	-1	n.241C>T	.	-1	-1	-1	-1	-1	-1	0	intergenic_region	NONE	n.241C>T	.	-1
NC_045512.2	315	GT	G	ORF1ab	gene-GU280_gp01	HIGH	frameshift_variant	transcript	TRANSCRIPT_gene-GU280_gp01	protein_coding	1	c.53delT	p.Leu18fs	53	21290	53	21290	18	7095	0	frameshift_variant	NONE	c.53delT	p.Leu18fs	7095
NC_045512.2	2062	C	T	ORF1ab	gene-GU280_gp01	LOW	synonymous_variant	transcript	TRANSCRIPT_gene-GU280_gp01	protein_coding	1	c.1797C>T	p.Ala599Ala	1797	21290	1797	21290	599	7095	0	synonymous_variant	NONE	c.1797C>T	p.Ala599Ala	7095
NC_045512.2	3037	C	T	ORF1ab	gene-GU280_gp01	LOW	synonymous_variant	transcript	TRANSCRIPT_gene-GU280_gp01	protein_coding	1	c.2772C>T	p.Phe924Phe	2772	21290	2772	21290	924	7095	0	synonymous_variant	NONE	c.2772C>T	p.Phe924Phe	7095
NC_045512.2	3728	G	T	ORF1ab	gene-GU280_gp01	MODERATE	missense_variant	transcript	TRANSCRIPT_gene-GU280_gp01	protein_coding	1	c.3463G>T	p.Gly1155Cys	3463	21290	3463	21290	1155	7095	0	missense_variant	NONE	c.3463G>T	p.Gly1155Cys	7095
NC_045512.2	3730	T	C	ORF1ab	gene-GU280_gp01	LOW	synonymous_variant	transcript	TRANSCRIPT_gene-GU280_gp01	protein_coding	1	c.3465T>C	p.Gly1155Gly	3465	21290	3465	21290	1155	7095	0	synonymous_variant	NONE	c.3465T>C	p.Gly1155Gly	7095
NC_045512.2	3824	GT	G	ORF1ab	gene-GU280_gp01	HIGH	frameshift_variant	transcript	TRANSCRIPT_gene-GU280_gp01	protein_coding	1	c.3562delT	p.Ser1188fs	3562	21290	3562	21290	1188	7095	0	frameshift_variant	NONE	c.3562delT	p.Ser1188fs	7095
NC_045512.2	3834	T	C	ORF1ab	gene-GU280_gp01	MODERATE	missense_variant	transcript	TRANSCRIPT_gene-GU280_gp01	protein_coding	1	c.3569T>C	p.Phe1190Ser	3569	21290	3569	21290	1190	7095	0	missense_variant	NONE	c.3569T>C	p.Phe1190Ser	7095
NC_045512.2	3866	CAA	C	ORF1ab	gene-GU280_gp01	HIGH	frameshift_variant	transcript	TRANSCRIPT_gene-GU280_gp01	protein_coding	1	c.3604_3605delAA	p.Lys1202fs	3604	21290	3604	21290	1202	7095	0	frameshift_variant	NONE	c.3604_3605delAA	p.Lys1202fs	7095
NC_045512.2	3866	CA	C	ORF1ab	gene-GU280_gp01	HIGH	frameshift_variant	transcript	TRANSCRIPT_gene-GU280_gp01	protein_coding	1	c.3605delA	p.Lys1202fs	3605	21290	3605	21290	1202	7095	0	frameshift_variant	NONE	c.3605delA	p.Lys1202fs	7095
NC_045512.2	3876	C	T	ORF1ab	gene-GU280_gp01	MODERATE	missense_variant	transcript	TRANSCRIPT_gene-GU280_gp01	protein_coding	1	c.3611C>T	p.Ala1204Val	3611	21290	3611	21290	1204	7095	0	missense_variant	NONE	c.3611C>T	p.Ala1204Val	7095
NC_045512.2	3884	C	T	ORF1ab	gene-GU280_gp01	MODERATE	missense_variant	transcript	TRANSCRIPT_gene-GU280_gp01	protein_coding	1	c.3619C>T	p.Pro1207Ser	3619	21290	3619	21290	1207	7095	0	missense_variant	NONE	c.3619C>T	p.Pro1207Ser	7095
NC_045512.2	4002	C	T	ORF1ab	gene-GU280_gp01	MODERATE	missense_variant	transcript	TRANSCRIPT_gene-GU280_gp01	protein_coding	1	c.3737C>T	p.Thr1246Ile	3737	21290	3737	21290	1246	7095	0	missense_variant	NONE	c.3737C>T	p.Thr1246Ile	7095
NC_045512.2	4546	TA	T	ORF1ab	gene-GU280_gp01	HIGH	frameshift_variant	transcript	TRANSCRIPT_gene-GU280_gp01	protein_coding	1	c.4285delA	p.Thr1429fs	4285	21290	4285	21290	1429	7095	0	frameshift_variant	NONE	c.4285delA	p.Thr1429fs	7095
NC_045512.2	6622	GA	G	ORF1ab	gene-GU280_gp01	HIGH	frameshift_variant	transcript	TRANSCRIPT_gene-GU280_gp01	protein_coding	1	c.6361delA	p.Thr2121fs	6361	21290	6361	21290	2121	7095	0	frameshift_variant	NONE	c.6361delA	p.Thr2121fs	7095
NC_045512.2	6696	C	CT	ORF1ab	gene-GU280_gp01	HIGH	frameshift_variant	transcript	TRANSCRIPT_gene-GU280_gp01	protein_coding	1	c.6435dupT	p.Leu2146fs	6436	21290	6436	21290	2146	7095	0	frameshift_variant	NONE	c.6435dupT	p.Leu2146fs	7095
NC_045512.2	6762	C	T	ORF1ab	gene-GU280_gp01	MODERATE	missense_variant	transcript	TRANSCRIPT_gene-GU280_gp01	protein_coding	1	c.6497C>T	p.Thr2166Ile	6497	21290	6497	21290	2166	7095	0	missense_variant	NONE	c.6497C>T	p.Thr2166Ile	7095
NC_045512.2	6848	C	T	ORF1ab	gene-GU280_gp01	MODERATE	missense_variant	transcript	TRANSCRIPT_gene-GU280_gp01	protein_coding	1	c.6583C>T	p.Pro2195Ser	6583	21290	6583	21290	2195	7095	0	missense_variant	NONE	c.6583C>T	p.Pro2195Ser	7095
NC_045512.2	7246	GT	G	ORF1ab	gene-GU280_gp01	HIGH	frameshift_variant	transcript	TRANSCRIPT_gene-GU280_gp01	protein_coding	1	c.6986delT	p.Leu2329fs	6986	21290	6986	21290	2329	7095	0	frameshift_variant	NONE	c.6986delT	p.Leu2329fs	7095
NC_045512.2	8353	G	A	ORF1ab	gene-GU280_gp01	LOW	synonymous_variant	transcript	TRANSCRIPT_gene-GU280_gp01	protein_coding	1	c.8088G>A	p.Ala2696Ala	8088	21290	8088	21290	2696	7095	0	synonymous_variant	NONE	c.8088G>A	p.Ala2696Ala	7095
NC_045512.2	8551	TG	T	ORF1ab	gene-GU280_gp01	HIGH	frameshift_variant	transcript	TRANSCRIPT_gene-GU280_gp01	protein_coding	1	c.8288delG	p.Gly2763fs	8288	21290	8288	21290	2763	7095	0	frameshift_variant	NONE	c.8288delG	p.Gly2763fs	7095
NC_045512.2	8617	T	C	ORF1ab	gene-GU280_gp01	LOW	synonymous_variant	transcript	TRANSCRIPT_gene-GU280_gp01	protein_coding	1	c.8352T>C	p.Ala2784Ala	8352	21290	8352	21290	2784	7095	0	synonymous_variant	NONE	c.8352T>C	p.Ala2784Ala	7095
NC_045512.2	9182	G	C	ORF1ab	gene-GU280_gp01	MODERATE	missense_variant	transcript	TRANSCRIPT_gene-GU280_gp01	protein_coding	1	c.8917G>C	p.Val2973Leu	8917	21290	8917	21290	2973	7095	0	missense_variant	NONE	c.8917G>C	p.Val2973Leu	7095
NC_045512.2	9209	GA	G	ORF1ab	gene-GU280_gp01	HIGH	frameshift_variant	transcript	TRANSCRIPT_gene-GU280_gp01	protein_coding	1	c.8945delA	p.Glu2982fs	8945	21290	8945	21290	2982	7095	0	frameshift_variant	NONE	c.8945delA	p.Glu2982fs	7095
NC_045512.2	9502	C	T	ORF1ab	gene-GU280_gp01	LOW	synonymous_variant	transcript	TRANSCRIPT_gene-GU280_gp01	protein_coding	1	c.9237C>T	p.Ala3079Ala	9237	21290	9237	21290	3079	7095	0	synonymous_variant	NONE	c.9237C>T	p.Ala3079Ala	7095
NC_045512.2	9565	C	T	ORF1ab	gene-GU280_gp01	LOW	synonymous_variant	transcript	TRANSCRIPT_gene-GU280_gp01	protein_coding	1	c.9300C>T	p.Phe3100Phe	9300	21290	9300	21290	3100	7095	0	synonymous_variant	NONE	c.9300C>T	p.Phe3100Phe	7095
NC_045512.2	9577	T	G	ORF1ab	gene-GU280_gp01	LOW	synonymous_variant	transcript	TRANSCRIPT_gene-GU280_gp01	protein_coding	1	c.9312T>G	p.Val3104Val	9312	21290	9312	21290	3104	7095	0	synonymous_variant	NONE	c.9312T>G	p.Val3104Val	7095
NC_045512.2	9665	C	T	ORF1ab	gene-GU280_gp01	MODERATE	missense_variant	transcript	TRANSCRIPT_gene-GU280_gp01	protein_coding	1	c.9400C>T	p.Pro3134Ser	9400	21290	9400	21290	3134	7095	0	missense_variant	NONE	c.9400C>T	p.Pro3134Ser	7095
NC_045512.2	9707	A	G	ORF1ab	gene-GU280_gp01	MODERATE	missense_variant	transcript	TRANSCRIPT_gene-GU280_gp01	protein_coding	1	c.9442A>G	p.Ile3148Val	9442	21290	9442	21290	3148	7095	0	missense_variant	NONE	c.9442A>G	p.Ile3148Val	7095
NC_045512.2	10097	G	A	ORF1ab	gene-GU280_gp01	MODERATE	missense_variant	transcript	TRANSCRIPT_gene-GU280_gp01	protein_coding	1	c.9832G>A	p.Gly3278Ser	9832	21290	9832	21290	3278	7095	0	missense_variant	NONE	c.9832G>A	p.Gly3278Ser	7095
NC_045512.2	10643	GAC	G	ORF1ab	gene-GU280_gp01	HIGH	frameshift_variant	transcript	TRANSCRIPT_gene-GU280_gp01	protein_coding	1	c.10382_10383delCA	p.Thr3461fs	10382	21290	10382	21290	3461	7095	0	frameshift_variant	NONE	c.10382_10383delCA	p.Thr3461fs	7095
NC_045512.2	11074	CT	C	ORF1ab	gene-GU280_gp01	HIGH	frameshift_variant	transcript	TRANSCRIPT_gene-GU280_gp01	protein_coding	1	c.10817delT	p.Leu3606fs	10817	21290	10817	21290	3606	7095	0	frameshift_variant	NONE	c.10817delT	p.Leu3606fs	7095
NC_045512.2	11074	C	CT	ORF1ab	gene-GU280_gp01	HIGH	frameshift_variant	transcript	TRANSCRIPT_gene-GU280_gp01	protein_coding	1	c.10817dupT	p.Leu3606fs	10818	21290	10818	21290	3606	7095	0	frameshift_variant	NONE	c.10817dupT	p.Leu3606fs	7095
NC_045512.2	13536	C	T	ORF1ab	gene-GU280_gp01	MODERATE	missense_variant	transcript	TRANSCRIPT_gene-GU280_gp01	protein_coding	1	c.13271C>T	p.Thr4424Ile	13271	21290	13271	21290	4424	7095	0	missense_variant	NONE	c.13271C>T	p.Thr4424Ile	7095
NC_045512.2	13541	C	CT	ORF1ab	gene-GU280_gp01	HIGH	frameshift_variant	transcript	TRANSCRIPT_gene-GU280_gp01	protein_coding	1	c.13280dupT	p.Leu4427fs	13281	21290	13281	21290	4427	7095	0	frameshift_variant	NONE	c.13280dupT	p.Leu4427fs	7095
NC_045512.2	14408	C	T	ORF1ab	gene-GU280_gp01	LOW	synonymous_variant	transcript	TRANSCRIPT_gene-GU280_gp01	protein_coding	1	c.14143C>T	p.Leu4715Leu	14143	21290	14143	21290	4715	7095	0	synonymous_variant	NONE	c.14143C>T	p.Leu4715Leu	7095
NC_045512.2	14933	T	A	ORF1ab	gene-GU280_gp01	HIGH	stop_lost	transcript	TRANSCRIPT_gene-GU280_gp01	protein_coding	1	c.14668T>A	p.Ter4890Lysext*?	14668	21290	14668	21290	4890	7095	0	stop_lost	NONE	c.14668T>A	p.Ter4890Lysext*?	7095
NC_045512.2	16376	C	T	ORF1ab	gene-GU280_gp01	MODERATE	missense_variant	transcript	TRANSCRIPT_gene-GU280_gp01	protein_coding	1	c.16111C>T	p.Arg5371Cys	16111	21290	16111	21290	5371	7095	0	missense_variant	NONE	c.16111C>T	p.Arg5371Cys	7095
NC_045512.2	16630	CT	C	ORF1ab	gene-GU280_gp01	HIGH	frameshift_variant	transcript	TRANSCRIPT_gene-GU280_gp01	protein_coding	1	c.16370delT	p.Leu5457fs	16370	21290	16370	21290	5457	7095	0	frameshift_variant	NONE	c.16370delT	p.Leu5457fs	7095
NC_045512.2	16630	CT	C	S	gene-GU280_gp02	MODIFIER	upstream_gene_variant	transcript	TRANSCRIPT_gene-GU280_gp02	protein_coding	-1	c.-4932delT	.	-1	-1	-1	-1	-1	-1	4932	upstream_gene_variant	NONE	c.-4932delT	.	-1
NC_045512.2	17004	C	T	ORF1ab	gene-GU280_gp01	MODERATE	missense_variant	transcript	TRANSCRIPT_gene-GU280_gp01	protein_coding	1	c.16739C>T	p.Ser5580Leu	16739	21290	16739	21290	5580	7095	0	missense_variant	NONE	c.16739C>T	p.Ser5580Leu	7095
NC_045512.2	17004	C	T	S	gene-GU280_gp02	MODIFIER	upstream_gene_variant	transcript	TRANSCRIPT_gene-GU280_gp02	protein_coding	-1	c.-4559C>T	.	-1	-1	-1	-1	-1	-1	4559	upstream_gene_variant	NONE	c.-4559C>T	.	-1
NC_045512.2	20104	C	T	ORF1ab	gene-GU280_gp01	LOW	synonymous_variant	transcript	TRANSCRIPT_gene-GU280_gp01	protein_coding	1	c.19839C>T	p.Val6613Val	19839	21290	19839	21290	6613	7095	0	synonymous_variant	NONE	c.19839C>T	p.Val6613Val	7095
NC_045512.2	20104	C	T	S	gene-GU280_gp02	MODIFIER	upstream_gene_variant	transcript	TRANSCRIPT_gene-GU280_gp02	protein_coding	-1	c.-1459C>T	.	-1	-1	-1	-1	-1	-1	1459	upstream_gene_variant	NONE	c.-1459C>T	.	-1
NC_045512.2	20494	T	G	ORF1ab	gene-GU280_gp01	MODERATE	missense_variant	transcript	TRANSCRIPT_gene-GU280_gp01	protein_coding	1	c.20229T>G	p.Cys6743Trp	20229	21290	20229	21290	6743	7095	0	missense_variant	NONE	c.20229T>G	p.Cys6743Trp	7095
NC_045512.2	20494	T	G	S	gene-GU280_gp02	MODIFIER	upstream_gene_variant	transcript	TRANSCRIPT_gene-GU280_gp02	protein_coding	-1	c.-1069T>G	.	-1	-1	-1	-1	-1	-1	1069	upstream_gene_variant	NONE	c.-1069T>G	.	-1
NC_045512.2	20494	T	G	ORF3a	gene-GU280_gp03	MODIFIER	upstream_gene_variant	transcript	TRANSCRIPT_gene-GU280_gp03	protein_coding	-1	c.-4899T>G	.	-1	-1	-1	-1	-1	-1	4899	upstream_gene_variant	NONE	c.-4899T>G	.	-1
NC_045512.2	20507	A	G	ORF1ab	gene-GU280_gp01	MODERATE	missense_variant	transcript	TRANSCRIPT_gene-GU280_gp01	protein_coding	1	c.20242A>G	p.Ile6748Val	20242	21290	20242	21290	6748	7095	0	missense_variant	NONE	c.20242A>G	p.Ile6748Val	7095
NC_045512.2	20507	A	G	S	gene-GU280_gp02	MODIFIER	upstream_gene_variant	transcript	TRANSCRIPT_gene-GU280_gp02	protein_coding	-1	c.-1056A>G	.	-1	-1	-1	-1	-1	-1	1056	upstream_gene_variant	NONE	c.-1056A>G	.	-1
NC_045512.2	20507	A	G	ORF3a	gene-GU280_gp03	MODIFIER	upstream_gene_variant	transcript	TRANSCRIPT_gene-GU280_gp03	protein_coding	-1	c.-4886A>G	.	-1	-1	-1	-1	-1	-1	4886	upstream_gene_variant	NONE	c.-4886A>G	.	-1
NC_045512.2	20537	TA	T	ORF1ab	gene-GU280_gp01	HIGH	frameshift_variant	transcript	TRANSCRIPT_gene-GU280_gp01	protein_coding	1	c.20276delA	p.Asn6759fs	20276	21290	20276	21290	6759	7095	0	frameshift_variant	NONE	c.20276delA	p.Asn6759fs	7095
NC_045512.2	20537	TA	T	S	gene-GU280_gp02	MODIFIER	upstream_gene_variant	transcript	TRANSCRIPT_gene-GU280_gp02	protein_coding	-1	c.-1025delA	.	-1	-1	-1	-1	-1	-1	1025	upstream_gene_variant	NONE	c.-1025delA	.	-1
NC_045512.2	20537	TA	T	ORF3a	gene-GU280_gp03	MODIFIER	upstream_gene_variant	transcript	TRANSCRIPT_gene-GU280_gp03	protein_coding	-1	c.-4855delA	.	-1	-1	-1	-1	-1	-1	4855	upstream_gene_variant	NONE	c.-4855delA	.	-1
NC_045512.2	20584	A	G	ORF1ab	gene-GU280_gp01	LOW	synonymous_variant	transcript	TRANSCRIPT_gene-GU280_gp01	protein_coding	1	c.20319A>G	p.Leu6773Leu	20319	21290	20319	21290	6773	7095	0	synonymous_variant	NONE	c.20319A>G	p.Leu6773Leu	7095
NC_045512.2	20584	A	G	S	gene-GU280_gp02	MODIFIER	upstream_gene_variant	transcript	TRANSCRIPT_gene-GU280_gp02	protein_coding	-1	c.-979A>G	.	-1	-1	-1	-1	-1	-1	979	upstream_gene_variant	NONE	c.-979A>G	.	-1
NC_045512.2	20584	A	G	ORF3a	gene-GU280_gp03	MODIFIER	upstream_gene_variant	transcript	TRANSCRIPT_gene-GU280_gp03	protein_coding	-1	c.-4809A>G	.	-1	-1	-1	-1	-1	-1	4809	upstream_gene_variant	NONE	c.-4809A>G	.	-1
NC_045512.2	20615	GGT	G	ORF1ab	gene-GU280_gp01	HIGH	frameshift_variant	transcript	TRANSCRIPT_gene-GU280_gp01	protein_coding	1	c.20353_20354delGT	p.Val6785fs	20353	21290	20353	21290	6785	7095	0	frameshift_variant	NONE	c.20353_20354delGT	p.Val6785fs	7095
NC_045512.2	20615	GGT	G	S	gene-GU280_gp02	MODIFIER	upstream_gene_variant	transcript	TRANSCRIPT_gene-GU280_gp02	protein_coding	-1	c.-947_-946delGT	.	-1	-1	-1	-1	-1	-1	947	upstream_gene_variant	NONE	c.-947_-946delGT	.	-1
NC_045512.2	20615	GGT	G	ORF3a	gene-GU280_gp03	MODIFIER	upstream_gene_variant	transcript	TRANSCRIPT_gene-GU280_gp03	protein_coding	-1	c.-4777_-4776delGT	.	-1	-1	-1	-1	-1	-1	4777	upstream_gene_variant	NONE	c.-4777_-4776delGT	.	-1
NC_045512.2	20619	TA	T	ORF1ab	gene-GU280_gp01	HIGH	frameshift_variant	transcript	TRANSCRIPT_gene-GU280_gp01	protein_coding	1	c.20357delA	p.Lys6786fs	20357	21290	20357	21290	6786	7095	0	frameshift_variant	NONE	c.20357delA	p.Lys6786fs	7095
NC_045512.2	20619	TA	T	S	gene-GU280_gp02	MODIFIER	upstream_gene_variant	transcript	TRANSCRIPT_gene-GU280_gp02	protein_coding	-1	c.-943delA	.	-1	-1	-1	-1	-1	-1	943	upstream_gene_variant	NONE	c.-943delA	.	-1
NC_045512.2	20619	TA	T	ORF3a	gene-GU280_gp03	MODIFIER	upstream_gene_variant	transcript	TRANSCRIPT_gene-GU280_gp03	protein_coding	-1	c.-4773delA	.	-1	-1	-1	-1	-1	-1	4773	upstream_gene_variant	NONE	c.-4773delA	.	-1
NC_045512.2	20942	T	C	ORF1ab	gene-GU280_gp01	LOW	synonymous_variant	transcript	TRANSCRIPT_gene-GU280_gp01	protein_coding	1	c.20677T>C	p.Leu6893Leu	20677	21290	20677	21290	6893	7095	0	synonymous_variant	NONE	c.20677T>C	p.Leu6893Leu	7095
NC_045512.2	20942	T	C	S	gene-GU280_gp02	MODIFIER	upstream_gene_variant	transcript	TRANSCRIPT_gene-GU280_gp02	protein_coding	-1	c.-621T>C	.	-1	-1	-1	-1	-1	-1	621	upstream_gene_variant	NONE	c.-621T>C	.	-1
NC_045512.2	20942	T	C	ORF3a	gene-GU280_gp03	MODIFIER	upstream_gene_variant	transcript	TRANSCRIPT_gene-GU280_gp03	protein_coding	-1	c.-4451T>C	.	-1	-1	-1	-1	-1	-1	4451	upstream_gene_variant	NONE	c.-4451T>C	.	-1
NC_045512.2	21340	T	C	ORF1ab	gene-GU280_gp01	LOW	synonymous_variant	transcript	TRANSCRIPT_gene-GU280_gp01	protein_coding	1	c.21075T>C	p.Ile7025Ile	21075	21290	21075	21290	7025	7095	0	synonymous_variant	NONE	c.21075T>C	p.Ile7025Ile	7095
NC_045512.2	21340	T	C	S	gene-GU280_gp02	MODIFIER	upstream_gene_variant	transcript	TRANSCRIPT_gene-GU280_gp02	protein_coding	-1	c.-223T>C	.	-1	-1	-1	-1	-1	-1	223	upstream_gene_variant	NONE	c.-223T>C	.	-1
NC_045512.2	21340	T	C	ORF3a	gene-GU280_gp03	MODIFIER	upstream_gene_variant	transcript	TRANSCRIPT_gene-GU280_gp03	protein_coding	-1	c.-4053T>C	.	-1	-1	-1	-1	-1	-1	4053	upstream_gene_variant	NONE	c.-4053T>C	.	-1
NC_045512.2	21340	T	C	E	gene-GU280_gp04	MODIFIER	upstream_gene_variant	transcript	TRANSCRIPT_gene-GU280_gp04	protein_coding	-1	c.-4905T>C	.	-1	-1	-1	-1	-1	-1	4905	upstream_gene_variant	NONE	c.-4905T>C	.	-1
NC_045512.2	21341	A	G	ORF1ab	gene-GU280_gp01	MODERATE	missense_variant	transcript	TRANSCRIPT_gene-GU280_gp01	protein_coding	1	c.21076A>G	p.Thr7026Ala	21076	21290	21076	21290	7026	7095	0	missense_variant	NONE	c.21076A>G	p.Thr7026Ala	7095
NC_045512.2	21341	A	G	S	gene-GU280_gp02	MODIFIER	upstream_gene_variant	transcript	TRANSCRIPT_gene-GU280_gp02	protein_coding	-1	c.-222A>G	.	-1	-1	-1	-1	-1	-1	222	upstream_gene_variant	NONE	c.-222A>G	.	-1
NC_045512.2	21341	A	G	ORF3a	gene-GU280_gp03	MODIFIER	upstream_gene_variant	transcript	TRANSCRIPT_gene-GU280_gp03	protein_coding	-1	c.-4052A>G	.	-1	-1	-1	-1	-1	-1	4052	upstream_gene_variant	NONE	c.-4052A>G	.	-1
NC_045512.2	21341	A	G	E	gene-GU280_gp04	MODIFIER	upstream_gene_variant	transcript	TRANSCRIPT_gene-GU280_gp04	protein_coding	-1	c.-4904A>G	.	-1	-1	-1	-1	-1	-1	4904	upstream_gene_variant	NONE	c.-4904A>G	.	-1
NC_045512.2	21370	C	T	ORF1ab	gene-GU280_gp01	LOW	synonymous_variant	transcript	TRANSCRIPT_gene-GU280_gp01	protein_coding	1	c.21105C>T	p.Phe7035Phe	21105	21290	21105	21290	7035	7095	0	synonymous_variant	NONE	c.21105C>T	p.Phe7035Phe	7095
NC_045512.2	21370	C	T	S	gene-GU280_gp02	MODIFIER	upstream_gene_variant	transcript	TRANSCRIPT_gene-GU280_gp02	protein_coding	-1	c.-193C>T	.	-1	-1	-1	-1	-1	-1	193	upstream_gene_variant	NONE	c.-193C>T	.	-1
NC_045512.2	21370	C	T	ORF3a	gene-GU280_gp03	MODIFIER	upstream_gene_variant	transcript	TRANSCRIPT_gene-GU280_gp03	protein_coding	-1	c.-4023C>T	.	-1	-1	-1	-1	-1	-1	4023	upstream_gene_variant	NONE	c.-4023C>T	.	-1
NC_045512.2	21370	C	T	E	gene-GU280_gp04	MODIFIER	upstream_gene_variant	transcript	TRANSCRIPT_gene-GU280_gp04	protein_coding	-1	c.-4875C>T	.	-1	-1	-1	-1	-1	-1	4875	upstream_gene_variant	NONE	c.-4875C>T	.	-1
NC_045512.2	21390	AT	A	ORF1ab	gene-GU280_gp01	HIGH	frameshift_variant	transcript	TRANSCRIPT_gene-GU280_gp01	protein_coding	1	c.21128delT	p.Leu7043fs	21128	21290	21128	21290	7043	7095	0	frameshift_variant	NONE	c.21128delT	p.Leu7043fs	7095
NC_045512.2	21390	AT	A	S	gene-GU280_gp02	MODIFIER	upstream_gene_variant	transcript	TRANSCRIPT_gene-GU280_gp02	protein_coding	-1	c.-172delT	.	-1	-1	-1	-1	-1	-1	172	upstream_gene_variant	NONE	c.-172delT	.	-1
NC_045512.2	21390	AT	A	ORF3a	gene-GU280_gp03	MODIFIER	upstream_gene_variant	transcript	TRANSCRIPT_gene-GU280_gp03	protein_coding	-1	c.-4002delT	.	-1	-1	-1	-1	-1	-1	4002	upstream_gene_variant	NONE	c.-4002delT	.	-1
NC_045512.2	21390	AT	A	E	gene-GU280_gp04	MODIFIER	upstream_gene_variant	transcript	TRANSCRIPT_gene-GU280_gp04	protein_coding	-1	c.-4854delT	.	-1	-1	-1	-1	-1	-1	4854	upstream_gene_variant	NONE	c.-4854delT	.	-1
NC_045512.2	21423	G	T	ORF1ab	gene-GU280_gp01	MODERATE	missense_variant	transcript	TRANSCRIPT_gene-GU280_gp01	protein_coding	1	c.21158G>T	p.Gly7053Val	21158	21290	21158	21290	7053	7095	0	missense_variant	NONE	c.21158G>T	p.Gly7053Val	7095
NC_045512.2	21423	G	T	S	gene-GU280_gp02	MODIFIER	upstream_gene_variant	transcript	TRANSCRIPT_gene-GU280_gp02	protein_coding	-1	c.-140G>T	.	-1	-1	-1	-1	-1	-1	140	upstream_gene_variant	NONE	c.-140G>T	.	-1
NC_045512.2	21423	G	T	ORF3a	gene-GU280_gp03	MODIFIER	upstream_gene_variant	transcript	TRANSCRIPT_gene-GU280_gp03	protein_coding	-1	c.-3970G>T	.	-1	-1	-1	-1	-1	-1	3970	upstream_gene_variant	NONE	c.-3970G>T	.	-1
NC_045512.2	21423	G	T	E	gene-GU280_gp04	MODIFIER	upstream_gene_variant	transcript	TRANSCRIPT_gene-GU280_gp04	protein_coding	-1	c.-4822G>T	.	-1	-1	-1	-1	-1	-1	4822	upstream_gene_variant	NONE	c.-4822G>T	.	-1
NC_045512.2	21682	C	A	S	gene-GU280_gp02	MODERATE	missense_variant	transcript	TRANSCRIPT_gene-GU280_gp02	protein_coding	1	c.120C>A	p.Asp40Glu	120	3822	120	3822	40	1273	0	missense_variant	NONE	c.120C>A	p.Asp40Glu	1273
NC_045512.2	21682	C	A	ORF3a	gene-GU280_gp03	MODIFIER	upstream_gene_variant	transcript	TRANSCRIPT_gene-GU280_gp03	protein_coding	-1	c.-3711C>A	.	-1	-1	-1	-1	-1	-1	3711	upstream_gene_variant	NONE	c.-3711C>A	.	-1
NC_045512.2	21682	C	A	E	gene-GU280_gp04	MODIFIER	upstream_gene_variant	transcript	TRANSCRIPT_gene-GU280_gp04	protein_coding	-1	c.-4563C>A	.	-1	-1	-1	-1	-1	-1	4563	upstream_gene_variant	NONE	c.-4563C>A	.	-1
NC_045512.2	21682	C	A	M	gene-GU280_gp05	MODIFIER	upstream_gene_variant	transcript	TRANSCRIPT_gene-GU280_gp05	protein_coding	-1	c.-4841C>A	.	-1	-1	-1	-1	-1	-1	4841	upstream_gene_variant	NONE	c.-4841C>A	.	-1
NC_045512.2	21682	C	A	ORF1ab	gene-GU280_gp01	MODIFIER	downstream_gene_variant	transcript	TRANSCRIPT_gene-GU280_gp01	protein_coding	-1	c.*127C>A	.	-1	-1	-1	-1	-1	-1	127	downstream_gene_variant	NONE	c.*127C>A	.	-1
NC_045512.2	21682	CA	C	S	gene-GU280_gp02	HIGH	frameshift_variant	transcript	TRANSCRIPT_gene-GU280_gp02	protein_coding	1	c.123delA	p.Val42fs	123	3822	123	3822	41	1273	0	frameshift_variant	NONE	c.123delA	p.Val42fs	1273
NC_045512.2	21682	CA	C	ORF3a	gene-GU280_gp03	MODIFIER	upstream_gene_variant	transcript	TRANSCRIPT_gene-GU280_gp03	protein_coding	-1	c.-3710delA	.	-1	-1	-1	-1	-1	-1	3710	upstream_gene_variant	NONE	c.-3710delA	.	-1
NC_045512.2	21682	CA	C	E	gene-GU280_gp04	MODIFIER	upstream_gene_variant	transcript	TRANSCRIPT_gene-GU280_gp04	protein_coding	-1	c.-4562delA	.	-1	-1	-1	-1	-1	-1	4562	upstream_gene_variant	NONE	c.-4562delA	.	-1
NC_045512.2	21682	CA	C	M	gene-GU280_gp05	MODIFIER	upstream_gene_variant	transcript	TRANSCRIPT_gene-GU280_gp05	protein_coding	-1	c.-4840delA	.	-1	-1	-1	-1	-1	-1	4840	upstream_gene_variant	NONE	c.-4840delA	.	-1
NC_045512.2	21682	CA	C	ORF1ab	gene-GU280_gp01	MODIFIER	downstream_gene_variant	transcript	TRANSCRIPT_gene-GU280_gp01	protein_coding	-1	c.*128delA	.	-1	-1	-1	-1	-1	-1	128	downstream_gene_variant	NONE	c.*128delA	.	-1
NC_045512.2	21855	C	T	S	gene-GU280_gp02	MODERATE	missense_variant	transcript	TRANSCRIPT_gene-GU280_gp02	protein_coding	1	c.293C>T	p.Ser98Phe	293	3822	293	3822	98	1273	0	missense_variant	NONE	c.293C>T	p.Ser98Phe	1273
NC_045512.2	21855	C	T	ORF3a	gene-GU280_gp03	MODIFIER	upstream_gene_variant	transcript	TRANSCRIPT_gene-GU280_gp03	protein_coding	-1	c.-3538C>T	.	-1	-1	-1	-1	-1	-1	3538	upstream_gene_variant	NONE	c.-3538C>T	.	-1
NC_045512.2	21855	C	T	E	gene-GU280_gp04	MODIFIER	upstream_gene_variant	transcript	TRANSCRIPT_gene-GU280_gp04	protein_coding	-1	c.-4390C>T	.	-1	-1	-1	-1	-1	-1	4390	upstream_gene_variant	NONE	c.-4390C>T	.	-1
NC_045512.2	21855	C	T	M	gene-GU280_gp05	MODIFIER	upstream_gene_variant	transcript	TRANSCRIPT_gene-GU280_gp05	protein_coding	-1	c.-4668C>T	.	-1	-1	-1	-1	-1	-1	4668	upstream_gene_variant	NONE	c.-4668C>T	.	-1
NC_045512.2	21855	C	T	ORF1ab	gene-GU280_gp01	MODIFIER	downstream_gene_variant	transcript	TRANSCRIPT_gene-GU280_gp01	protein_coding	-1	c.*300C>T	.	-1	-1	-1	-1	-1	-1	300	downstream_gene_variant	NONE	c.*300C>T	.	-1
NC_045512.2	21921	T	G	S	gene-GU280_gp02	MODERATE	missense_variant	transcript	TRANSCRIPT_gene-GU280_gp02	protein_coding	1	c.359T>G	p.Val120Gly	359	3822	359	3822	120	1273	0	missense_variant	NONE	c.359T>G	p.Val120Gly	1273
NC_045512.2	21921	T	G	ORF3a	gene-GU280_gp03	MODIFIER	upstream_gene_variant	transcript	TRANSCRIPT_gene-GU280_gp03	protein_coding	-1	c.-3472T>G	.	-1	-1	-1	-1	-1	-1	3472	upstream_gene_variant	NONE	c.-3472T>G	.	-1
NC_045512.2	21921	T	G	E	gene-GU280_gp04	MODIFIER	upstream_gene_variant	transcript	TRANSCRIPT_gene-GU280_gp04	protein_coding	-1	c.-4324T>G	.	-1	-1	-1	-1	-1	-1	4324	upstream_gene_variant	NONE	c.-4324T>G	.	-1
NC_045512.2	21921	T	G	M	gene-GU280_gp05	MODIFIER	upstream_gene_variant	transcript	TRANSCRIPT_gene-GU280_gp05	protein_coding	-1	c.-4602T>G	.	-1	-1	-1	-1	-1	-1	4602	upstream_gene_variant	NONE	c.-4602T>G	.	-1
NC_045512.2	21921	T	G	ORF1ab	gene-GU280_gp01	MODIFIER	downstream_gene_variant	transcript	TRANSCRIPT_gene-GU280_gp01	protein_coding	-1	c.*366T>G	.	-1	-1	-1	-1	-1	-1	366	downstream_gene_variant	NONE	c.*366T>G	.	-1
NC_045512.2	22083	CT	C	S	gene-GU280_gp02	HIGH	frameshift_variant	transcript	TRANSCRIPT_gene-GU280_gp02	protein_coding	1	c.525delT	p.Met177fs	525	3822	525	3822	175	1273	0	frameshift_variant	NONE	c.525delT	p.Met177fs	1273
NC_045512.2	22083	CT	C	ORF3a	gene-GU280_gp03	MODIFIER	upstream_gene_variant	transcript	TRANSCRIPT_gene-GU280_gp03	protein_coding	-1	c.-3309delT	.	-1	-1	-1	-1	-1	-1	3309	upstream_gene_variant	NONE	c.-3309delT	.	-1
NC_045512.2	22083	CT	C	E	gene-GU280_gp04	MODIFIER	upstream_gene_variant	transcript	TRANSCRIPT_gene-GU280_gp04	protein_coding	-1	c.-4161delT	.	-1	-1	-1	-1	-1	-1	4161	upstream_gene_variant	NONE	c.-4161delT	.	-1
NC_045512.2	22083	CT	C	M	gene-GU280_gp05	MODIFIER	upstream_gene_variant	transcript	TRANSCRIPT_gene-GU280_gp05	protein_coding	-1	c.-4439delT	.	-1	-1	-1	-1	-1	-1	4439	upstream_gene_variant	NONE	c.-4439delT	.	-1
NC_045512.2	22083	CT	C	ORF1ab	gene-GU280_gp01	MODIFIER	downstream_gene_variant	transcript	TRANSCRIPT_gene-GU280_gp01	protein_coding	-1	c.*529delT	.	-1	-1	-1	-1	-1	-1	529	downstream_gene_variant	NONE	c.*529delT	.	-1
NC_045512.2	22120	CAA	C	S	gene-GU280_gp02	HIGH	frameshift_variant	transcript	TRANSCRIPT_gene-GU280_gp02	protein_coding	1	c.562_563delAA	p.Asn188fs	562	3822	562	3822	188	1273	0	frameshift_variant	NONE	c.562_563delAA	p.Asn188fs	1273
NC_045512.2	22120	CAA	C	ORF3a	gene-GU280_gp03	MODIFIER	upstream_gene_variant	transcript	TRANSCRIPT_gene-GU280_gp03	protein_coding	-1	c.-3272_-3271delAA	.	-1	-1	-1	-1	-1	-1	3272	upstream_gene_variant	NONE	c.-3272_-3271delAA	.	-1
NC_045512.2	22120	CAA	C	E	gene-GU280_gp04	MODIFIER	upstream_gene_variant	transcript	TRANSCRIPT_gene-GU280_gp04	protein_coding	-1	c.-4124_-4123delAA	.	-1	-1	-1	-1	-1	-1	4124	upstream_gene_variant	NONE	c.-4124_-4123delAA	.	-1
NC_045512.2	22120	CAA	C	M	gene-GU280_gp05	MODIFIER	upstream_gene_variant	transcript	TRANSCRIPT_gene-GU280_gp05	protein_coding	-1	c.-4402_-4401delAA	.	-1	-1	-1	-1	-1	-1	4402	upstream_gene_variant	NONE	c.-4402_-4401delAA	.	-1
NC_045512.2	22120	CAA	C	ORF1ab	gene-GU280_gp01	MODIFIER	downstream_gene_variant	transcript	TRANSCRIPT_gene-GU280_gp01	protein_coding	-1	c.*566_*567delAA	.	-1	-1	-1	-1	-1	-1	566	downstream_gene_variant	NONE	c.*566_*567delAA	.	-1
NC_045512.2	22124	A	T	S	gene-GU280_gp02	MODERATE	missense_variant	transcript	TRANSCRIPT_gene-GU280_gp02	protein_coding	1	c.562A>T	p.Asn188Tyr	562	3822	562	3822	188	1273	0	missense_variant	NONE	c.562A>T	p.Asn188Tyr	1273
NC_045512.2	22124	A	T	ORF3a	gene-GU280_gp03	MODIFIER	upstream_gene_variant	transcript	TRANSCRIPT_gene-GU280_gp03	protein_coding	-1	c.-3269A>T	.	-1	-1	-1	-1	-1	-1	3269	upstream_gene_variant	NONE	c.-3269A>T	.	-1
NC_045512.2	22124	A	T	E	gene-GU280_gp04	MODIFIER	upstream_gene_variant	transcript	TRANSCRIPT_gene-GU280_gp04	protein_coding	-1	c.-4121A>T	.	-1	-1	-1	-1	-1	-1	4121	upstream_gene_variant	NONE	c.-4121A>T	.	-1
NC_045512.2	22124	A	T	M	gene-GU280_gp05	MODIFIER	upstream_gene_variant	transcript	TRANSCRIPT_gene-GU280_gp05	protein_coding	-1	c.-4399A>T	.	-1	-1	-1	-1	-1	-1	4399	upstream_gene_variant	NONE	c.-4399A>T	.	-1
NC_045512.2	22124	A	T	ORF1ab	gene-GU280_gp01	MODIFIER	downstream_gene_variant	transcript	TRANSCRIPT_gene-GU280_gp01	protein_coding	-1	c.*569A>T	.	-1	-1	-1	-1	-1	-1	569	downstream_gene_variant	NONE	c.*569A>T	.	-1
NC_045512.2	22158	GTT	G	S	gene-GU280_gp02	HIGH	frameshift_variant	transcript	TRANSCRIPT_gene-GU280_gp02	protein_coding	1	c.597_598delTT	p.Tyr200fs	597	3822	597	3822	199	1273	0	frameshift_variant	NONE	c.597_598delTT	p.Tyr200fs	1273
NC_045512.2	22158	GTT	G	ORF3a	gene-GU280_gp03	MODIFIER	upstream_gene_variant	transcript	TRANSCRIPT_gene-GU280_gp03	protein_coding	-1	c.-3234_-3233delTT	.	-1	-1	-1	-1	-1	-1	3234	upstream_gene_variant	NONE	c.-3234_-3233delTT	.	-1
NC_045512.2	22158	GTT	G	E	gene-GU280_gp04	MODIFIER	upstream_gene_variant	transcript	TRANSCRIPT_gene-GU280_gp04	protein_coding	-1	c.-4086_-4085delTT	.	-1	-1	-1	-1	-1	-1	4086	upstream_gene_variant	NONE	c.-4086_-4085delTT	.	-1
NC_045512.2	22158	GTT	G	M	gene-GU280_gp05	MODIFIER	upstream_gene_variant	transcript	TRANSCRIPT_gene-GU280_gp05	protein_coding	-1	c.-4364_-4363delTT	.	-1	-1	-1	-1	-1	-1	4364	upstream_gene_variant	NONE	c.-4364_-4363delTT	.	-1
NC_045512.2	22158	GTT	G	ORF1ab	gene-GU280_gp01	MODIFIER	downstream_gene_variant	transcript	TRANSCRIPT_gene-GU280_gp01	protein_coding	-1	c.*604_*605delTT	.	-1	-1	-1	-1	-1	-1	604	downstream_gene_variant	NONE	c.*604_*605delTT	.	-1
NC_045512.2	22218	GT	G	S	gene-GU280_gp02	HIGH	frameshift_variant	transcript	TRANSCRIPT_gene-GU280_gp02	protein_coding	1	c.661delT	p.Ser221fs	661	3822	661	3822	221	1273	0	frameshift_variant	NONE	c.661delT	p.Ser221fs	1273
NC_045512.2	22218	GT	G	ORF3a	gene-GU280_gp03	MODIFIER	upstream_gene_variant	transcript	TRANSCRIPT_gene-GU280_gp03	protein_coding	-1	c.-3174delT	.	-1	-1	-1	-1	-1	-1	3174	upstream_gene_variant	NONE	c.-3174delT	.	-1
NC_045512.2	22218	GT	G	E	gene-GU280_gp04	MODIFIER	upstream_gene_variant	transcript	TRANSCRIPT_gene-GU280_gp04	protein_coding	-1	c.-4026delT	.	-1	-1	-1	-1	-1	-1	4026	upstream_gene_variant	NONE	c.-4026delT	.	-1
NC_045512.2	22218	GT	G	M	gene-GU280_gp05	MODIFIER	upstream_gene_variant	transcript	TRANSCRIPT_gene-GU280_gp05	protein_coding	-1	c.-4304delT	.	-1	-1	-1	-1	-1	-1	4304	upstream_gene_variant	NONE	c.-4304delT	.	-1
NC_045512.2	22218	GT	G	ORF6	gene-GU280_gp06	MODIFIER	upstream_gene_variant	transcript	TRANSCRIPT_gene-GU280_gp06	protein_coding	-1	c.-4983delT	.	-1	-1	-1	-1	-1	-1	4983	upstream_gene_variant	NONE	c.-4983delT	.	-1
NC_045512.2	22218	GT	G	ORF1ab	gene-GU280_gp01	MODIFIER	downstream_gene_variant	transcript	TRANSCRIPT_gene-GU280_gp01	protein_coding	-1	c.*664delT	.	-1	-1	-1	-1	-1	-1	664	downstream_gene_variant	NONE	c.*664delT	.	-1
NC_045512.2	22487	G	C	S	gene-GU280_gp02	MODERATE	missense_variant	transcript	TRANSCRIPT_gene-GU280_gp02	protein_coding	1	c.925G>C	p.Glu309Gln	925	3822	925	3822	309	1273	0	missense_variant	NONE	c.925G>C	p.Glu309Gln	1273
NC_045512.2	22487	G	C	ORF3a	gene-GU280_gp03	MODIFIER	upstream_gene_variant	transcript	TRANSCRIPT_gene-GU280_gp03	protein_coding	-1	c.-2906G>C	.	-1	-1	-1	-1	-1	-1	2906	upstream_gene_variant	NONE	c.-2906G>C	.	-1
NC_045512.2	22487	G	C	E	gene-GU280_gp04	MODIFIER	upstream_gene_variant	transcript	TRANSCRIPT_gene-GU280_gp04	protein_coding	-1	c.-3758G>C	.	-1	-1	-1	-1	-1	-1	3758	upstream_gene_variant	NONE	c.-3758G>C	.	-1
NC_045512.2	22487	G	C	M	gene-GU280_gp05	MODIFIER	upstream_gene_variant	transcript	TRANSCRIPT_gene-GU280_gp05	protein_coding	-1	c.-4036G>C	.	-1	-1	-1	-1	-1	-1	4036	upstream_gene_variant	NONE	c.-4036G>C	.	-1
NC_045512.2	22487	G	C	ORF6	gene-GU280_gp06	MODIFIER	upstream_gene_variant	transcript	TRANSCRIPT_gene-GU280_gp06	protein_coding	-1	c.-4715G>C	.	-1	-1	-1	-1	-1	-1	4715	upstream_gene_variant	NONE	c.-4715G>C	.	-1
NC_045512.2	22487	G	C	ORF7a	gene-GU280_gp07	MODIFIER	upstream_gene_variant	transcript	TRANSCRIPT_gene-GU280_gp07	protein_coding	-1	c.-4907G>C	.	-1	-1	-1	-1	-1	-1	4907	upstream_gene_variant	NONE	c.-4907G>C	.	-1
NC_045512.2	22487	G	C	ORF1ab	gene-GU280_gp01	MODIFIER	downstream_gene_variant	transcript	TRANSCRIPT_gene-GU280_gp01	protein_coding	-1	c.*932G>C	.	-1	-1	-1	-1	-1	-1	932	downstream_gene_variant	NONE	c.*932G>C	.	-1
NC_045512.2	22713	C	T	S	gene-GU280_gp02	MODERATE	missense_variant	transcript	TRANSCRIPT_gene-GU280_gp02	protein_coding	1	c.1151C>T	p.Pro384Leu	1151	3822	1151	3822	384	1273	0	missense_variant	NONE	c.1151C>T	p.Pro384Leu	1273
NC_045512.2	22713	C	T	ORF3a	gene-GU280_gp03	MODIFIER	upstream_gene_variant	transcript	TRANSCRIPT_gene-GU280_gp03	protein_coding	-1	c.-2680C>T	.	-1	-1	-1	-1	-1	-1	2680	upstream_gene_variant	NONE	c.-2680C>T	.	-1
NC_045512.2	22713	C	T	E	gene-GU280_gp04	MODIFIER	upstream_gene_variant	transcript	TRANSCRIPT_gene-GU280_gp04	protein_coding	-1	c.-3532C>T	.	-1	-1	-1	-1	-1	-1	3532	upstream_gene_variant	NONE	c.-3532C>T	.	-1
NC_045512.2	22713	C	T	M	gene-GU280_gp05	MODIFIER	upstream_gene_variant	transcript	TRANSCRIPT_gene-GU280_gp05	protein_coding	-1	c.-3810C>T	.	-1	-1	-1	-1	-1	-1	3810	upstream_gene_variant	NONE	c.-3810C>T	.	-1
NC_045512.2	22713	C	T	ORF6	gene-GU280_gp06	MODIFIER	upstream_gene_variant	transcript	TRANSCRIPT_gene-GU280_gp06	protein_coding	-1	c.-4489C>T	.	-1	-1	-1	-1	-1	-1	4489	upstream_gene_variant	NONE	c.-4489C>T	.	-1
NC_045512.2	22713	C	T	ORF7a	gene-GU280_gp07	MODIFIER	upstream_gene_variant	transcript	TRANSCRIPT_gene-GU280_gp07	protein_coding	-1	c.-4681C>T	.	-1	-1	-1	-1	-1	-1	4681	upstream_gene_variant	NONE	c.-4681C>T	.	-1
NC_045512.2	22713	C	T	ORF1ab	gene-GU280_gp01	MODIFIER	downstream_gene_variant	transcript	TRANSCRIPT_gene-GU280_gp01	protein_coding	-1	c.*1158C>T	.	-1	-1	-1	-1	-1	-1	1158	downstream_gene_variant	NONE	c.*1158C>T	.	-1
NC_045512.2	22993	C	T	S	gene-GU280_gp02	LOW	synonymous_variant	transcript	TRANSCRIPT_gene-GU280_gp02	protein_coding	1	c.1431C>T	p.Ser477Ser	1431	3822	1431	3822	477	1273	0	synonymous_variant	NONE	c.1431C>T	p.Ser477Ser	1273
NC_045512.2	22993	C	T	ORF3a	gene-GU280_gp03	MODIFIER	upstream_gene_variant	transcript	TRANSCRIPT_gene-GU280_gp03	protein_coding	-1	c.-2400C>T	.	-1	-1	-1	-1	-1	-1	2400	upstream_gene_variant	NONE	c.-2400C>T	.	-1
NC_045512.2	22993	C	T	E	gene-GU280_gp04	MODIFIER	upstream_gene_variant	transcript	TRANSCRIPT_gene-GU280_gp04	protein_coding	-1	c.-3252C>T	.	-1	-1	-1	-1	-1	-1	3252	upstream_gene_variant	NONE	c.-3252C>T	.	-1
NC_045512.2	22993	C	T	M	gene-GU280_gp05	MODIFIER	upstream_gene_variant	transcript	TRANSCRIPT_gene-GU280_gp05	protein_coding	-1	c.-3530C>T	.	-1	-1	-1	-1	-1	-1	3530	upstream_gene_variant	NONE	c.-3530C>T	.	-1
NC_045512.2	22993	C	T	ORF6	gene-GU280_gp06	MODIFIER	upstream_gene_variant	transcript	TRANSCRIPT_gene-GU280_gp06	protein_coding	-1	c.-4209C>T	.	-1	-1	-1	-1	-1	-1	4209	upstream_gene_variant	NONE	c.-4209C>T	.	-1
NC_045512.2	22993	C	T	ORF7a	gene-GU280_gp07	MODIFIER	upstream_gene_variant	transcript	TRANSCRIPT_gene-GU280_gp07	protein_coding	-1	c.-4401C>T	.	-1	-1	-1	-1	-1	-1	4401	upstream_gene_variant	NONE	c.-4401C>T	.	-1
NC_045512.2	22993	C	T	ORF7b	gene-GU280_gp08	MODIFIER	upstream_gene_variant	transcript	TRANSCRIPT_gene-GU280_gp08	protein_coding	-1	c.-4763C>T	.	-1	-1	-1	-1	-1	-1	4763	upstream_gene_variant	NONE	c.-4763C>T	.	-1
NC_045512.2	22993	C	T	ORF8	gene-GU280_gp09	MODIFIER	upstream_gene_variant	transcript	TRANSCRIPT_gene-GU280_gp09	protein_coding	-1	c.-4901C>T	.	-1	-1	-1	-1	-1	-1	4901	upstream_gene_variant	NONE	c.-4901C>T	.	-1
NC_045512.2	22993	C	T	ORF1ab	gene-GU280_gp01	MODIFIER	downstream_gene_variant	transcript	TRANSCRIPT_gene-GU280_gp01	protein_coding	-1	c.*1438C>T	.	-1	-1	-1	-1	-1	-1	1438	downstream_gene_variant	NONE	c.*1438C>T	.	-1
NC_045512.2	23047	TG	T	S	gene-GU280_gp02	HIGH	frameshift_variant	transcript	TRANSCRIPT_gene-GU280_gp02	protein_coding	1	c.1487delG	p.Gly496fs	1487	3822	1487	3822	496	1273	0	frameshift_variant	NONE	c.1487delG	p.Gly496fs	1273
NC_045512.2	23047	TG	T	ORF3a	gene-GU280_gp03	MODIFIER	upstream_gene_variant	transcript	TRANSCRIPT_gene-GU280_gp03	protein_coding	-1	c.-2345delG	.	-1	-1	-1	-1	-1	-1	2345	upstream_gene_variant	NONE	c.-2345delG	.	-1
NC_045512.2	23047	TG	T	E	gene-GU280_gp04	MODIFIER	upstream_gene_variant	transcript	TRANSCRIPT_gene-GU280_gp04	protein_coding	-1	c.-3197delG	.	-1	-1	-1	-1	-1	-1	3197	upstream_gene_variant	NONE	c.-3197delG	.	-1
NC_045512.2	23047	TG	T	M	gene-GU280_gp05	MODIFIER	upstream_gene_variant	transcript	TRANSCRIPT_gene-GU280_gp05	protein_coding	-1	c.-3475delG	.	-1	-1	-1	-1	-1	-1	3475	upstream_gene_variant	NONE	c.-3475delG	.	-1
NC_045512.2	23047	TG	T	ORF6	gene-GU280_gp06	MODIFIER	upstream_gene_variant	transcript	TRANSCRIPT_gene-GU280_gp06	protein_coding	-1	c.-4154delG	.	-1	-1	-1	-1	-1	-1	4154	upstream_gene_variant	NONE	c.-4154delG	.	-1
NC_045512.2	23047	TG	T	ORF7a	gene-GU280_gp07	MODIFIER	upstream_gene_variant	transcript	TRANSCRIPT_gene-GU280_gp07	protein_coding	-1	c.-4346delG	.	-1	-1	-1	-1	-1	-1	4346	upstream_gene_variant	NONE	c.-4346delG	.	-1
NC_045512.2	23047	TG	T	ORF7b	gene-GU280_gp08	MODIFIER	upstream_gene_variant	transcript	TRANSCRIPT_gene-GU280_gp08	protein_coding	-1	c.-4708delG	.	-1	-1	-1	-1	-1	-1	4708	upstream_gene_variant	NONE	c.-4708delG	.	-1
NC_045512.2	23047	TG	T	ORF8	gene-GU280_gp09	MODIFIER	upstream_gene_variant	transcript	TRANSCRIPT_gene-GU280_gp09	protein_coding	-1	c.-4846delG	.	-1	-1	-1	-1	-1	-1	4846	upstream_gene_variant	NONE	c.-4846delG	.	-1
NC_045512.2	23047	TG	T	ORF1ab	gene-GU280_gp01	MODIFIER	downstream_gene_variant	transcript	TRANSCRIPT_gene-GU280_gp01	protein_coding	-1	c.*1493delG	.	-1	-1	-1	-1	-1	-1	1493	downstream_gene_variant	NONE	c.*1493delG	.	-1
NC_045512.2	23403	A	G	S	gene-GU280_gp02	MODERATE	missense_variant	transcript	TRANSCRIPT_gene-GU280_gp02	protein_coding	1	c.1841A>G	p.Asp614Gly	1841	3822	1841	3822	614	1273	0	missense_variant	NONE	c.1841A>G	p.Asp614Gly	1273
NC_045512.2	23403	A	G	ORF3a	gene-GU280_gp03	MODIFIER	upstream_gene_variant	transcript	TRANSCRIPT_gene-GU280_gp03	protein_coding	-1	c.-1990A>G	.	-1	-1	-1	-1	-1	-1	1990	upstream_gene_variant	NONE	c.-1990A>G	.	-1
NC_045512.2	23403	A	G	E	gene-GU280_gp04	MODIFIER	upstream_gene_variant	transcript	TRANSCRIPT_gene-GU280_gp04	protein_coding	-1	c.-2842A>G	.	-1	-1	-1	-1	-1	-1	2842	upstream_gene_variant	NONE	c.-2842A>G	.	-1
NC_045512.2	23403	A	G	M	gene-GU280_gp05	MODIFIER	upstream_gene_variant	transcript	TRANSCRIPT_gene-GU280_gp05	protein_coding	-1	c.-3120A>G	.	-1	-1	-1	-1	-1	-1	3120	upstream_gene_variant	NONE	c.-3120A>G	.	-1
NC_045512.2	23403	A	G	ORF6	gene-GU280_gp06	MODIFIER	upstream_gene_variant	transcript	TRANSCRIPT_gene-GU280_gp06	protein_coding	-1	c.-3799A>G	.	-1	-1	-1	-1	-1	-1	3799	upstream_gene_variant	NONE	c.-3799A>G	.	-1
NC_045512.2	23403	A	G	ORF7a	gene-GU280_gp07	MODIFIER	upstream_gene_variant	transcript	TRANSCRIPT_gene-GU280_gp07	protein_coding	-1	c.-3991A>G	.	-1	-1	-1	-1	-1	-1	3991	upstream_gene_variant	NONE	c.-3991A>G	.	-1
NC_045512.2	23403	A	G	ORF7b	gene-GU280_gp08	MODIFIER	upstream_gene_variant	transcript	TRANSCRIPT_gene-GU280_gp08	protein_coding	-1	c.-4353A>G	.	-1	-1	-1	-1	-1	-1	4353	upstream_gene_variant	NONE	c.-4353A>G	.	-1
NC_045512.2	23403	A	G	ORF8	gene-GU280_gp09	MODIFIER	upstream_gene_variant	transcript	TRANSCRIPT_gene-GU280_gp09	protein_coding	-1	c.-4491A>G	.	-1	-1	-1	-1	-1	-1	4491	upstream_gene_variant	NONE	c.-4491A>G	.	-1
NC_045512.2	23403	A	G	N	gene-GU280_gp10	MODIFIER	upstream_gene_variant	transcript	TRANSCRIPT_gene-GU280_gp10	protein_coding	-1	c.-4871A>G	.	-1	-1	-1	-1	-1	-1	4871	upstream_gene_variant	NONE	c.-4871A>G	.	-1
NC_045512.2	23403	A	G	ORF1ab	gene-GU280_gp01	MODIFIER	downstream_gene_variant	transcript	TRANSCRIPT_gene-GU280_gp01	protein_coding	-1	c.*1848A>G	.	-1	-1	-1	-1	-1	-1	1848	downstream_gene_variant	NONE	c.*1848A>G	.	-1
NC_045512.2	23731	C	T	S	gene-GU280_gp02	LOW	synonymous_variant	transcript	TRANSCRIPT_gene-GU280_gp02	protein_coding	1	c.2169C>T	p.Thr723Thr	2169	3822	2169	3822	723	1273	0	synonymous_variant	NONE	c.2169C>T	p.Thr723Thr	1273
NC_045512.2	23731	C	T	ORF3a	gene-GU280_gp03	MODIFIER	upstream_gene_variant	transcript	TRANSCRIPT_gene-GU280_gp03	protein_coding	-1	c.-1662C>T	.	-1	-1	-1	-1	-1	-1	1662	upstream_gene_variant	NONE	c.-1662C>T	.	-1
NC_045512.2	23731	C	T	E	gene-GU280_gp04	MODIFIER	upstream_gene_variant	transcript	TRANSCRIPT_gene-GU280_gp04	protein_coding	-1	c.-2514C>T	.	-1	-1	-1	-1	-1	-1	2514	upstream_gene_variant	NONE	c.-2514C>T	.	-1
NC_045512.2	23731	C	T	M	gene-GU280_gp05	MODIFIER	upstream_gene_variant	transcript	TRANSCRIPT_gene-GU280_gp05	protein_coding	-1	c.-2792C>T	.	-1	-1	-1	-1	-1	-1	2792	upstream_gene_variant	NONE	c.-2792C>T	.	-1
NC_045512.2	23731	C	T	ORF6	gene-GU280_gp06	MODIFIER	upstream_gene_variant	transcript	TRANSCRIPT_gene-GU280_gp06	protein_coding	-1	c.-3471C>T	.	-1	-1	-1	-1	-1	-1	3471	upstream_gene_variant	NONE	c.-3471C>T	.	-1
NC_045512.2	23731	C	T	ORF7a	gene-GU280_gp07	MODIFIER	upstream_gene_variant	transcript	TRANSCRIPT_gene-GU280_gp07	protein_coding	-1	c.-3663C>T	.	-1	-1	-1	-1	-1	-1	3663	upstream_gene_variant	NONE	c.-3663C>T	.	-1
NC_045512.2	23731	C	T	ORF7b	gene-GU280_gp08	MODIFIER	upstream_gene_variant	transcript	TRANSCRIPT_gene-GU280_gp08	protein_coding	-1	c.-4025C>T	.	-1	-1	-1	-1	-1	-1	4025	upstream_gene_variant	NONE	c.-4025C>T	.	-1
NC_045512.2	23731	C	T	ORF8	gene-GU280_gp09	MODIFIER	upstream_gene_variant	transcript	TRANSCRIPT_gene-GU280_gp09	protein_coding	-1	c.-4163C>T	.	-1	-1	-1	-1	-1	-1	4163	upstream_gene_variant	NONE	c.-4163C>T	.	-1
NC_045512.2	23731	C	T	N	gene-GU280_gp10	MODIFIER	upstream_gene_variant	transcript	TRANSCRIPT_gene-GU280_gp10	protein_coding	-1	c.-4543C>T	.	-1	-1	-1	-1	-1	-1	4543	upstream_gene_variant	NONE	c.-4543C>T	.	-1
NC_045512.2	23731	C	T	ORF1ab	gene-GU280_gp01	MODIFIER	downstream_gene_variant	transcript	TRANSCRIPT_gene-GU280_gp01	protein_coding	-1	c.*2176C>T	.	-1	-1	-1	-1	-1	-1	2176	downstream_gene_variant	NONE	c.*2176C>T	.	-1
NC_045512.2	23903	G	GT	S	gene-GU280_gp02	HIGH	frameshift_variant	transcript	TRANSCRIPT_gene-GU280_gp02	protein_coding	1	c.2346dupT	p.Ala783fs	2347	3822	2347	3822	783	1273	0	frameshift_variant	NONE	c.2346dupT	p.Ala783fs	1273
NC_045512.2	23903	G	GT	ORF3a	gene-GU280_gp03	MODIFIER	upstream_gene_variant	transcript	TRANSCRIPT_gene-GU280_gp03	protein_coding	-1	c.-1490_-1489insT	.	-1	-1	-1	-1	-1	-1	1489	upstream_gene_variant	NONE	c.-1490_-1489insT	.	-1
NC_045512.2	23903	G	GT	E	gene-GU280_gp04	MODIFIER	upstream_gene_variant	transcript	TRANSCRIPT_gene-GU280_gp04	protein_coding	-1	c.-2342_-2341insT	.	-1	-1	-1	-1	-1	-1	2341	upstream_gene_variant	NONE	c.-2342_-2341insT	.	-1
NC_045512.2	23903	G	GT	M	gene-GU280_gp05	MODIFIER	upstream_gene_variant	transcript	TRANSCRIPT_gene-GU280_gp05	protein_coding	-1	c.-2620_-2619insT	.	-1	-1	-1	-1	-1	-1	2619	upstream_gene_variant	NONE	c.-2620_-2619insT	.	-1
NC_045512.2	23903	G	GT	ORF6	gene-GU280_gp06	MODIFIER	upstream_gene_variant	transcript	TRANSCRIPT_gene-GU280_gp06	protein_coding	-1	c.-3299_-3298insT	.	-1	-1	-1	-1	-1	-1	3298	upstream_gene_variant	NONE	c.-3299_-3298insT	.	-1
NC_045512.2	23903	G	GT	ORF7a	gene-GU280_gp07	MODIFIER	upstream_gene_variant	transcript	TRANSCRIPT_gene-GU280_gp07	protein_coding	-1	c.-3491_-3490insT	.	-1	-1	-1	-1	-1	-1	3490	upstream_gene_variant	NONE	c.-3491_-3490insT	.	-1
NC_045512.2	23903	G	GT	ORF7b	gene-GU280_gp08	MODIFIER	upstream_gene_variant	transcript	TRANSCRIPT_gene-GU280_gp08	protein_coding	-1	c.-3853_-3852insT	.	-1	-1	-1	-1	-1	-1	3852	upstream_gene_variant	NONE	c.-3853_-3852insT	.	-1
NC_045512.2	23903	G	GT	ORF8	gene-GU280_gp09	MODIFIER	upstream_gene_variant	transcript	TRANSCRIPT_gene-GU280_gp09	protein_coding	-1	c.-3991_-3990insT	.	-1	-1	-1	-1	-1	-1	3990	upstream_gene_variant	NONE	c.-3991_-3990insT	.	-1
NC_045512.2	23903	G	GT	N	gene-GU280_gp10	MODIFIER	upstream_gene_variant	transcript	TRANSCRIPT_gene-GU280_gp10	protein_coding	-1	c.-4371_-4370insT	.	-1	-1	-1	-1	-1	-1	4370	upstream_gene_variant	NONE	c.-4371_-4370insT	.	-1
NC_045512.2	23903	G	GT	ORF1ab	gene-GU280_gp01	MODIFIER	downstream_gene_variant	transcript	TRANSCRIPT_gene-GU280_gp01	protein_coding	-1	c.*2348_*2349insT	.	-1	-1	-1	-1	-1	-1	2349	downstream_gene_variant	NONE	c.*2348_*2349insT	.	-1
NC_045512.2	24436	T	C	S	gene-GU280_gp02	LOW	synonymous_variant	transcript	TRANSCRIPT_gene-GU280_gp02	protein_coding	1	c.2874T>C	p.Ala958Ala	2874	3822	2874	3822	958	1273	0	synonymous_variant	NONE	c.2874T>C	p.Ala958Ala	1273
NC_045512.2	24436	T	C	ORF3a	gene-GU280_gp03	MODIFIER	upstream_gene_variant	transcript	TRANSCRIPT_gene-GU280_gp03	protein_coding	-1	c.-957T>C	.	-1	-1	-1	-1	-1	-1	957	upstream_gene_variant	NONE	c.-957T>C	.	-1
NC_045512.2	24436	T	C	E	gene-GU280_gp04	MODIFIER	upstream_gene_variant	transcript	TRANSCRIPT_gene-GU280_gp04	protein_coding	-1	c.-1809T>C	.	-1	-1	-1	-1	-1	-1	1809	upstream_gene_variant	NONE	c.-1809T>C	.	-1
NC_045512.2	24436	T	C	M	gene-GU280_gp05	MODIFIER	upstream_gene_variant	transcript	TRANSCRIPT_gene-GU280_gp05	protein_coding	-1	c.-2087T>C	.	-1	-1	-1	-1	-1	-1	2087	upstream_gene_variant	NONE	c.-2087T>C	.	-1
NC_045512.2	24436	T	C	ORF6	gene-GU280_gp06	MODIFIER	upstream_gene_variant	transcript	TRANSCRIPT_gene-GU280_gp06	protein_coding	-1	c.-2766T>C	.	-1	-1	-1	-1	-1	-1	2766	upstream_gene_variant	NONE	c.-2766T>C	.	-1
NC_045512.2	24436	T	C	ORF7a	gene-GU280_gp07	MODIFIER	upstream_gene_variant	transcript	TRANSCRIPT_gene-GU280_gp07	protein_coding	-1	c.-2958T>C	.	-1	-1	-1	-1	-1	-1	2958	upstream_gene_variant	NONE	c.-2958T>C	.	-1
NC_045512.2	24436	T	C	ORF7b	gene-GU280_gp08	MODIFIER	upstream_gene_variant	transcript	TRANSCRIPT_gene-GU280_gp08	protein_coding	-1	c.-3320T>C	.	-1	-1	-1	-1	-1	-1	3320	upstream_gene_variant	NONE	c.-3320T>C	.	-1
NC_045512.2	24436	T	C	ORF8	gene-GU280_gp09	MODIFIER	upstream_gene_variant	transcript	TRANSCRIPT_gene-GU280_gp09	protein_coding	-1	c.-3458T>C	.	-1	-1	-1	-1	-1	-1	3458	upstream_gene_variant	NONE	c.-3458T>C	.	-1
NC_045512.2	24436	T	C	N	gene-GU280_gp10	MODIFIER	upstream_gene_variant	transcript	TRANSCRIPT_gene-GU280_gp10	protein_coding	-1	c.-3838T>C	.	-1	-1	-1	-1	-1	-1	3838	upstream_gene_variant	NONE	c.-3838T>C	.	-1
NC_045512.2	24436	T	C	ORF1ab	gene-GU280_gp01	MODIFIER	downstream_gene_variant	transcript	TRANSCRIPT_gene-GU280_gp01	protein_coding	-1	c.*2881T>C	.	-1	-1	-1	-1	-1	-1	2881	downstream_gene_variant	NONE	c.*2881T>C	.	-1
NC_045512.2	24517	CA	C	S	gene-GU280_gp02	HIGH	frameshift_variant	transcript	TRANSCRIPT_gene-GU280_gp02	protein_coding	1	c.2958delA	p.Val987fs	2958	3822	2958	3822	986	1273	0	frameshift_variant	NONE	c.2958delA	p.Val987fs	1273
NC_045512.2	24517	CA	C	ORF3a	gene-GU280_gp03	MODIFIER	upstream_gene_variant	transcript	TRANSCRIPT_gene-GU280_gp03	protein_coding	-1	c.-875delA	.	-1	-1	-1	-1	-1	-1	875	upstream_gene_variant	NONE	c.-875delA	.	-1
NC_045512.2	24517	CA	C	E	gene-GU280_gp04	MODIFIER	upstream_gene_variant	transcript	TRANSCRIPT_gene-GU280_gp04	protein_coding	-1	c.-1727delA	.	-1	-1	-1	-1	-1	-1	1727	upstream_gene_variant	NONE	c.-1727delA	.	-1
NC_045512.2	24517	CA	C	M	gene-GU280_gp05	MODIFIER	upstream_gene_variant	transcript	TRANSCRIPT_gene-GU280_gp05	protein_coding	-1	c.-2005delA	.	-1	-1	-1	-1	-1	-1	2005	upstream_gene_variant	NONE	c.-2005delA	.	-1
NC_045512.2	24517	CA	C	ORF6	gene-GU280_gp06	MODIFIER	upstream_gene_variant	transcript	TRANSCRIPT_gene-GU280_gp06	protein_coding	-1	c.-2684delA	.	-1	-1	-1	-1	-1	-1	2684	upstream_gene_variant	NONE	c.-2684delA	.	-1
NC_045512.2	24517	CA	C	ORF7a	gene-GU280_gp07	MODIFIER	upstream_gene_variant	transcript	TRANSCRIPT_gene-GU280_gp07	protein_coding	-1	c.-2876delA	.	-1	-1	-1	-1	-1	-1	2876	upstream_gene_variant	NONE	c.-2876delA	.	-1
NC_045512.2	24517	CA	C	ORF7b	gene-GU280_gp08	MODIFIER	upstream_gene_variant	transcript	TRANSCRIPT_gene-GU280_gp08	protein_coding	-1	c.-3238delA	.	-1	-1	-1	-1	-1	-1	3238	upstream_gene_variant	NONE	c.-3238delA	.	-1
NC_045512.2	24517	CA	C	ORF8	gene-GU280_gp09	MODIFIER	upstream_gene_variant	transcript	TRANSCRIPT_gene-GU280_gp09	protein_coding	-1	c.-3376delA	.	-1	-1	-1	-1	-1	-1	3376	upstream_gene_variant	NONE	c.-3376delA	.	-1
NC_045512.2	24517	CA	C	N	gene-GU280_gp10	MODIFIER	upstream_gene_variant	transcript	TRANSCRIPT_gene-GU280_gp10	protein_coding	-1	c.-3756delA	.	-1	-1	-1	-1	-1	-1	3756	upstream_gene_variant	NONE	c.-3756delA	.	-1
NC_045512.2	24517	CA	C	ORF1ab	gene-GU280_gp01	MODIFIER	downstream_gene_variant	transcript	TRANSCRIPT_gene-GU280_gp01	protein_coding	-1	c.*2963delA	.	-1	-1	-1	-1	-1	-1	2963	downstream_gene_variant	NONE	c.*2963delA	.	-1
NC_045512.2	24781	G	T	S	gene-GU280_gp02	MODERATE	missense_variant	transcript	TRANSCRIPT_gene-GU280_gp02	protein_coding	1	c.3219G>T	p.Lys1073Asn	3219	3822	3219	3822	1073	1273	0	missense_variant	NONE	c.3219G>T	p.Lys1073Asn	1273
NC_045512.2	24781	G	T	ORF3a	gene-GU280_gp03	MODIFIER	upstream_gene_variant	transcript	TRANSCRIPT_gene-GU280_gp03	protein_coding	-1	c.-612G>T	.	-1	-1	-1	-1	-1	-1	612	upstream_gene_variant	NONE	c.-612G>T	.	-1
NC_045512.2	24781	G	T	E	gene-GU280_gp04	MODIFIER	upstream_gene_variant	transcript	TRANSCRIPT_gene-GU280_gp04	protein_coding	-1	c.-1464G>T	.	-1	-1	-1	-1	-1	-1	1464	upstream_gene_variant	NONE	c.-1464G>T	.	-1
NC_045512.2	24781	G	T	M	gene-GU280_gp05	MODIFIER	upstream_gene_variant	transcript	TRANSCRIPT_gene-GU280_gp05	protein_coding	-1	c.-1742G>T	.	-1	-1	-1	-1	-1	-1	1742	upstream_gene_variant	NONE	c.-1742G>T	.	-1
NC_045512.2	24781	G	T	ORF6	gene-GU280_gp06	MODIFIER	upstream_gene_variant	transcript	TRANSCRIPT_gene-GU280_gp06	protein_coding	-1	c.-2421G>T	.	-1	-1	-1	-1	-1	-1	2421	upstream_gene_variant	NONE	c.-2421G>T	.	-1
NC_045512.2	24781	G	T	ORF7a	gene-GU280_gp07	MODIFIER	upstream_gene_variant	transcript	TRANSCRIPT_gene-GU280_gp07	protein_coding	-1	c.-2613G>T	.	-1	-1	-1	-1	-1	-1	2613	upstream_gene_variant	NONE	c.-2613G>T	.	-1
NC_045512.2	24781	G	T	ORF7b	gene-GU280_gp08	MODIFIER	upstream_gene_variant	transcript	TRANSCRIPT_gene-GU280_gp08	protein_coding	-1	c.-2975G>T	.	-1	-1	-1	-1	-1	-1	2975	upstream_gene_variant	NONE	c.-2975G>T	.	-1
NC_045512.2	24781	G	T	ORF8	gene-GU280_gp09	MODIFIER	upstream_gene_variant	transcript	TRANSCRIPT_gene-GU280_gp09	protein_coding	-1	c.-3113G>T	.	-1	-1	-1	-1	-1	-1	3113	upstream_gene_variant	NONE	c.-3113G>T	.	-1
NC_045512.2	24781	G	T	N	gene-GU280_gp10	MODIFIER	upstream_gene_variant	transcript	TRANSCRIPT_gene-GU280_gp10	protein_coding	-1	c.-3493G>T	.	-1	-1	-1	-1	-1	-1	3493	upstream_gene_variant	NONE	c.-3493G>T	.	-1
NC_045512.2	24781	G	T	ORF10	gene-GU280_gp11	MODIFIER	upstream_gene_variant	transcript	TRANSCRIPT_gene-GU280_gp11	protein_coding	-1	c.-4777G>T	.	-1	-1	-1	-1	-1	-1	4777	upstream_gene_variant	NONE	c.-4777G>T	.	-1
NC_045512.2	24781	G	T	ORF1ab	gene-GU280_gp01	MODIFIER	downstream_gene_variant	transcript	TRANSCRIPT_gene-GU280_gp01	protein_coding	-1	c.*3226G>T	.	-1	-1	-1	-1	-1	-1	3226	downstream_gene_variant	NONE	c.*3226G>T	.	-1
NC_045512.2	24952	A	G	S	gene-GU280_gp02	MODERATE	missense_variant	transcript	TRANSCRIPT_gene-GU280_gp02	protein_coding	1	c.3390A>G	p.Ile1130Met	3390	3822	3390	3822	1130	1273	0	missense_variant	NONE	c.3390A>G	p.Ile1130Met	1273
NC_045512.2	24952	A	G	ORF3a	gene-GU280_gp03	MODIFIER	upstream_gene_variant	transcript	TRANSCRIPT_gene-GU280_gp03	protein_coding	-1	c.-441A>G	.	-1	-1	-1	-1	-1	-1	441	upstream_gene_variant	NONE	c.-441A>G	.	-1
NC_045512.2	24952	A	G	E	gene-GU280_gp04	MODIFIER	upstream_gene_variant	transcript	TRANSCRIPT_gene-GU280_gp04	protein_coding	-1	c.-1293A>G	.	-1	-1	-1	-1	-1	-1	1293	upstream_gene_variant	NONE	c.-1293A>G	.	-1
NC_045512.2	24952	A	G	M	gene-GU280_gp05	MODIFIER	upstream_gene_variant	transcript	TRANSCRIPT_gene-GU280_gp05	protein_coding	-1	c.-1571A>G	.	-1	-1	-1	-1	-1	-1	1571	upstream_gene_variant	NONE	c.-1571A>G	.	-1
NC_045512.2	24952	A	G	ORF6	gene-GU280_gp06	MODIFIER	upstream_gene_variant	transcript	TRANSCRIPT_gene-GU280_gp06	protein_coding	-1	c.-2250A>G	.	-1	-1	-1	-1	-1	-1	2250	upstream_gene_variant	NONE	c.-2250A>G	.	-1
NC_045512.2	24952	A	G	ORF7a	gene-GU280_gp07	MODIFIER	upstream_gene_variant	transcript	TRANSCRIPT_gene-GU280_gp07	protein_coding	-1	c.-2442A>G	.	-1	-1	-1	-1	-1	-1	2442	upstream_gene_variant	NONE	c.-2442A>G	.	-1
NC_045512.2	24952	A	G	ORF7b	gene-GU280_gp08	MODIFIER	upstream_gene_variant	transcript	TRANSCRIPT_gene-GU280_gp08	protein_coding	-1	c.-2804A>G	.	-1	-1	-1	-1	-1	-1	2804	upstream_gene_variant	NONE	c.-2804A>G	.	-1
NC_045512.2	24952	A	G	ORF8	gene-GU280_gp09	MODIFIER	upstream_gene_variant	transcript	TRANSCRIPT_gene-GU280_gp09	protein_coding	-1	c.-2942A>G	.	-1	-1	-1	-1	-1	-1	2942	upstream_gene_variant	NONE	c.-2942A>G	.	-1
NC_045512.2	24952	A	G	N	gene-GU280_gp10	MODIFIER	upstream_gene_variant	transcript	TRANSCRIPT_gene-GU280_gp10	protein_coding	-1	c.-3322A>G	.	-1	-1	-1	-1	-1	-1	3322	upstream_gene_variant	NONE	c.-3322A>G	.	-1
NC_045512.2	24952	A	G	ORF10	gene-GU280_gp11	MODIFIER	upstream_gene_variant	transcript	TRANSCRIPT_gene-GU280_gp11	protein_coding	-1	c.-4606A>G	.	-1	-1	-1	-1	-1	-1	4606	upstream_gene_variant	NONE	c.-4606A>G	.	-1
NC_045512.2	24952	A	G	ORF1ab	gene-GU280_gp01	MODIFIER	downstream_gene_variant	transcript	TRANSCRIPT_gene-GU280_gp01	protein_coding	-1	c.*3397A>G	.	-1	-1	-1	-1	-1	-1	3397	downstream_gene_variant	NONE	c.*3397A>G	.	-1
NC_045512.2	25219	T	G	S	gene-GU280_gp02	LOW	synonymous_variant	transcript	TRANSCRIPT_gene-GU280_gp02	protein_coding	1	c.3657T>G	p.Gly1219Gly	3657	3822	3657	3822	1219	1273	0	synonymous_variant	NONE	c.3657T>G	p.Gly1219Gly	1273
NC_045512.2	25219	T	G	ORF3a	gene-GU280_gp03	MODIFIER	upstream_gene_variant	transcript	TRANSCRIPT_gene-GU280_gp03	protein_coding	-1	c.-174T>G	.	-1	-1	-1	-1	-1	-1	174	upstream_gene_variant	NONE	c.-174T>G	.	-1
NC_045512.2	25219	T	G	E	gene-GU280_gp04	MODIFIER	upstream_gene_variant	transcript	TRANSCRIPT_gene-GU280_gp04	protein_coding	-1	c.-1026T>G	.	-1	-1	-1	-1	-1	-1	1026	upstream_gene_variant	NONE	c.-1026T>G	.	-1
NC_045512.2	25219	T	G	M	gene-GU280_gp05	MODIFIER	upstream_gene_variant	transcript	TRANSCRIPT_gene-GU280_gp05	protein_coding	-1	c.-1304T>G	.	-1	-1	-1	-1	-1	-1	1304	upstream_gene_variant	NONE	c.-1304T>G	.	-1
NC_045512.2	25219	T	G	ORF6	gene-GU280_gp06	MODIFIER	upstream_gene_variant	transcript	TRANSCRIPT_gene-GU280_gp06	protein_coding	-1	c.-1983T>G	.	-1	-1	-1	-1	-1	-1	1983	upstream_gene_variant	NONE	c.-1983T>G	.	-1
NC_045512.2	25219	T	G	ORF7a	gene-GU280_gp07	MODIFIER	upstream_gene_variant	transcript	TRANSCRIPT_gene-GU280_gp07	protein_coding	-1	c.-2175T>G	.	-1	-1	-1	-1	-1	-1	2175	upstream_gene_variant	NONE	c.-2175T>G	.	-1
NC_045512.2	25219	T	G	ORF7b	gene-GU280_gp08	MODIFIER	upstream_gene_variant	transcript	TRANSCRIPT_gene-GU280_gp08	protein_coding	-1	c.-2537T>G	.	-1	-1	-1	-1	-1	-1	2537	upstream_gene_variant	NONE	c.-2537T>G	.	-1
NC_045512.2	25219	T	G	ORF8	gene-GU280_gp09	MODIFIER	upstream_gene_variant	transcript	TRANSCRIPT_gene-GU280_gp09	protein_coding	-1	c.-2675T>G	.	-1	-1	-1	-1	-1	-1	2675	upstream_gene_variant	NONE	c.-2675T>G	.	-1
NC_045512.2	25219	T	G	N	gene-GU280_gp10	MODIFIER	upstream_gene_variant	transcript	TRANSCRIPT_gene-GU280_gp10	protein_coding	-1	c.-3055T>G	.	-1	-1	-1	-1	-1	-1	3055	upstream_gene_variant	NONE	c.-3055T>G	.	-1
NC_045512.2	25219	T	G	ORF10	gene-GU280_gp11	MODIFIER	upstream_gene_variant	transcript	TRANSCRIPT_gene-GU280_gp11	protein_coding	-1	c.-4339T>G	.	-1	-1	-1	-1	-1	-1	4339	upstream_gene_variant	NONE	c.-4339T>G	.	-1
NC_045512.2	25219	T	G	ORF1ab	gene-GU280_gp01	MODIFIER	downstream_gene_variant	transcript	TRANSCRIPT_gene-GU280_gp01	protein_coding	-1	c.*3664T>G	.	-1	-1	-1	-1	-1	-1	3664	downstream_gene_variant	NONE	c.*3664T>G	.	-1
NC_045512.2	25413	C	T	ORF3a	gene-GU280_gp03	LOW	synonymous_variant	transcript	TRANSCRIPT_gene-GU280_gp03	protein_coding	1	c.21C>T	p.Ile7Ile	21	828	21	828	7	275	0	synonymous_variant	NONE	c.21C>T	p.Ile7Ile	275
NC_045512.2	25413	C	T	E	gene-GU280_gp04	MODIFIER	upstream_gene_variant	transcript	TRANSCRIPT_gene-GU280_gp04	protein_coding	-1	c.-832C>T	.	-1	-1	-1	-1	-1	-1	832	upstream_gene_variant	NONE	c.-832C>T	.	-1
NC_045512.2	25413	C	T	M	gene-GU280_gp05	MODIFIER	upstream_gene_variant	transcript	TRANSCRIPT_gene-GU280_gp05	protein_coding	-1	c.-1110C>T	.	-1	-1	-1	-1	-1	-1	1110	upstream_gene_variant	NONE	c.-1110C>T	.	-1
NC_045512.2	25413	C	T	ORF6	gene-GU280_gp06	MODIFIER	upstream_gene_variant	transcript	TRANSCRIPT_gene-GU280_gp06	protein_coding	-1	c.-1789C>T	.	-1	-1	-1	-1	-1	-1	1789	upstream_gene_variant	NONE	c.-1789C>T	.	-1
NC_045512.2	25413	C	T	ORF7a	gene-GU280_gp07	MODIFIER	upstream_gene_variant	transcript	TRANSCRIPT_gene-GU280_gp07	protein_coding	-1	c.-1981C>T	.	-1	-1	-1	-1	-1	-1	1981	upstream_gene_variant	NONE	c.-1981C>T	.	-1
NC_045512.2	25413	C	T	ORF7b	gene-GU280_gp08	MODIFIER	upstream_gene_variant	transcript	TRANSCRIPT_gene-GU280_gp08	protein_coding	-1	c.-2343C>T	.	-1	-1	-1	-1	-1	-1	2343	upstream_gene_variant	NONE	c.-2343C>T	.	-1
NC_045512.2	25413	C	T	ORF8	gene-GU280_gp09	MODIFIER	upstream_gene_variant	transcript	TRANSCRIPT_gene-GU280_gp09	protein_coding	-1	c.-2481C>T	.	-1	-1	-1	-1	-1	-1	2481	upstream_gene_variant	NONE	c.-2481C>T	.	-1
NC_045512.2	25413	C	T	N	gene-GU280_gp10	MODIFIER	upstream_gene_variant	transcript	TRANSCRIPT_gene-GU280_gp10	protein_coding	-1	c.-2861C>T	.	-1	-1	-1	-1	-1	-1	2861	upstream_gene_variant	NONE	c.-2861C>T	.	-1
NC_045512.2	25413	C	T	ORF10	gene-GU280_gp11	MODIFIER	upstream_gene_variant	transcript	TRANSCRIPT_gene-GU280_gp11	protein_coding	-1	c.-4145C>T	.	-1	-1	-1	-1	-1	-1	4145	upstream_gene_variant	NONE	c.-4145C>T	.	-1
NC_045512.2	25413	C	T	ORF1ab	gene-GU280_gp01	MODIFIER	downstream_gene_variant	transcript	TRANSCRIPT_gene-GU280_gp01	protein_coding	-1	c.*3858C>T	.	-1	-1	-1	-1	-1	-1	3858	downstream_gene_variant	NONE	c.*3858C>T	.	-1
NC_045512.2	25413	C	T	S	gene-GU280_gp02	MODIFIER	downstream_gene_variant	transcript	TRANSCRIPT_gene-GU280_gp02	protein_coding	-1	c.*29C>T	.	-1	-1	-1	-1	-1	-1	29	downstream_gene_variant	NONE	c.*29C>T	.	-1
NC_045512.2	25963	GA	G	ORF3a	gene-GU280_gp03	HIGH	frameshift_variant	transcript	TRANSCRIPT_gene-GU280_gp03	protein_coding	1	c.576delA	p.Lys192fs	576	828	576	828	192	275	0	frameshift_variant	NONE	c.576delA	p.Lys192fs	275
NC_045512.2	25963	GA	G	E	gene-GU280_gp04	MODIFIER	upstream_gene_variant	transcript	TRANSCRIPT_gene-GU280_gp04	protein_coding	-1	c.-281delA	.	-1	-1	-1	-1	-1	-1	281	upstream_gene_variant	NONE	c.-281delA	.	-1
NC_045512.2	25963	GA	G	M	gene-GU280_gp05	MODIFIER	upstream_gene_variant	transcript	TRANSCRIPT_gene-GU280_gp05	protein_coding	-1	c.-559delA	.	-1	-1	-1	-1	-1	-1	559	upstream_gene_variant	NONE	c.-559delA	.	-1
NC_045512.2	25963	GA	G	ORF6	gene-GU280_gp06	MODIFIER	upstream_gene_variant	transcript	TRANSCRIPT_gene-GU280_gp06	protein_coding	-1	c.-1238delA	.	-1	-1	-1	-1	-1	-1	1238	upstream_gene_variant	NONE	c.-1238delA	.	-1
NC_045512.2	25963	GA	G	ORF7a	gene-GU280_gp07	MODIFIER	upstream_gene_variant	transcript	TRANSCRIPT_gene-GU280_gp07	protein_coding	-1	c.-1430delA	.	-1	-1	-1	-1	-1	-1	1430	upstream_gene_variant	NONE	c.-1430delA	.	-1
NC_045512.2	25963	GA	G	ORF7b	gene-GU280_gp08	MODIFIER	upstream_gene_variant	transcript	TRANSCRIPT_gene-GU280_gp08	protein_coding	-1	c.-1792delA	.	-1	-1	-1	-1	-1	-1	1792	upstream_gene_variant	NONE	c.-1792delA	.	-1
NC_045512.2	25963	GA	G	ORF8	gene-GU280_gp09	MODIFIER	upstream_gene_variant	transcript	TRANSCRIPT_gene-GU280_gp09	protein_coding	-1	c.-1930delA	.	-1	-1	-1	-1	-1	-1	1930	upstream_gene_variant	NONE	c.-1930delA	.	-1
NC_045512.2	25963	GA	G	N	gene-GU280_gp10	MODIFIER	upstream_gene_variant	transcript	TRANSCRIPT_gene-GU280_gp10	protein_coding	-1	c.-2310delA	.	-1	-1	-1	-1	-1	-1	2310	upstream_gene_variant	NONE	c.-2310delA	.	-1
NC_045512.2	25963	GA	G	ORF10	gene-GU280_gp11	MODIFIER	upstream_gene_variant	transcript	TRANSCRIPT_gene-GU280_gp11	protein_coding	-1	c.-3594delA	.	-1	-1	-1	-1	-1	-1	3594	upstream_gene_variant	NONE	c.-3594delA	.	-1
NC_045512.2	25963	GA	G	ORF1ab	gene-GU280_gp01	MODIFIER	downstream_gene_variant	transcript	TRANSCRIPT_gene-GU280_gp01	protein_coding	-1	c.*4409delA	.	-1	-1	-1	-1	-1	-1	4409	downstream_gene_variant	NONE	c.*4409delA	.	-1
NC_045512.2	25963	GA	G	S	gene-GU280_gp02	MODIFIER	downstream_gene_variant	transcript	TRANSCRIPT_gene-GU280_gp02	protein_coding	-1	c.*580delA	.	-1	-1	-1	-1	-1	-1	580	downstream_gene_variant	NONE	c.*580delA	.	-1
NC_045512.2	26060	C	A	ORF3a	gene-GU280_gp03	MODERATE	missense_variant	transcript	TRANSCRIPT_gene-GU280_gp03	protein_coding	1	c.668C>A	p.Thr223Asn	668	828	668	828	223	275	0	missense_variant	NONE	c.668C>A	p.Thr223Asn	275
NC_045512.2	26060	C	A	E	gene-GU280_gp04	MODIFIER	upstream_gene_variant	transcript	TRANSCRIPT_gene-GU280_gp04	protein_coding	-1	c.-185C>A	.	-1	-1	-1	-1	-1	-1	185	upstream_gene_variant	NONE	c.-185C>A	.	-1
NC_045512.2	26060	C	A	M	gene-GU280_gp05	MODIFIER	upstream_gene_variant	transcript	TRANSCRIPT_gene-GU280_gp05	protein_coding	-1	c.-463C>A	.	-1	-1	-1	-1	-1	-1	463	upstream_gene_variant	NONE	c.-463C>A	.	-1
NC_045512.2	26060	C	A	ORF6	gene-GU280_gp06	MODIFIER	upstream_gene_variant	transcript	TRANSCRIPT_gene-GU280_gp06	protein_coding	-1	c.-1142C>A	.	-1	-1	-1	-1	-1	-1	1142	upstream_gene_variant	NONE	c.-1142C>A	.	-1
NC_045512.2	26060	C	A	ORF7a	gene-GU280_gp07	MODIFIER	upstream_gene_variant	transcript	TRANSCRIPT_gene-GU280_gp07	protein_coding	-1	c.-1334C>A	.	-1	-1	-1	-1	-1	-1	1334	upstream_gene_variant	NONE	c.-1334C>A	.	-1
NC_045512.2	26060	C	A	ORF7b	gene-GU280_gp08	MODIFIER	upstream_gene_variant	transcript	TRANSCRIPT_gene-GU280_gp08	protein_coding	-1	c.-1696C>A	.	-1	-1	-1	-1	-1	-1	1696	upstream_gene_variant	NONE	c.-1696C>A	.	-1
NC_045512.2	26060	C	A	ORF8	gene-GU280_gp09	MODIFIER	upstream_gene_variant	transcript	TRANSCRIPT_gene-GU280_gp09	protein_coding	-1	c.-1834C>A	.	-1	-1	-1	-1	-1	-1	1834	upstream_gene_variant	NONE	c.-1834C>A	.	-1
NC_045512.2	26060	C	A	N	gene-GU280_gp10	MODIFIER	upstream_gene_variant	transcript	TRANSCRIPT_gene-GU280_gp10	protein_coding	-1	c.-2214C>A	.	-1	-1	-1	-1	-1	-1	2214	upstream_gene_variant	NONE	c.-2214C>A	.	-1
NC_045512.2	26060	C	A	ORF10	gene-GU280_gp11	MODIFIER	upstream_gene_variant	transcript	TRANSCRIPT_gene-GU280_gp11	protein_coding	-1	c.-3498C>A	.	-1	-1	-1	-1	-1	-1	3498	upstream_gene_variant	NONE	c.-3498C>A	.	-1
NC_045512.2	26060	C	A	ORF1ab	gene-GU280_gp01	MODIFIER	downstream_gene_variant	transcript	TRANSCRIPT_gene-GU280_gp01	protein_coding	-1	c.*4505C>A	.	-1	-1	-1	-1	-1	-1	4505	downstream_gene_variant	NONE	c.*4505C>A	.	-1
NC_045512.2	26060	C	A	S	gene-GU280_gp02	MODIFIER	downstream_gene_variant	transcript	TRANSCRIPT_gene-GU280_gp02	protein_coding	-1	c.*676C>A	.	-1	-1	-1	-1	-1	-1	676	downstream_gene_variant	NONE	c.*676C>A	.	-1
NC_045512.2	26654	G	GT	M	gene-GU280_gp05	HIGH	frameshift_variant	transcript	TRANSCRIPT_gene-GU280_gp05	protein_coding	1	c.137dupT	p.Leu46fs	138	669	138	669	46	222	0	frameshift_variant	NONE	c.137dupT	p.Leu46fs	222
NC_045512.2	26654	G	GT	ORF6	gene-GU280_gp06	MODIFIER	upstream_gene_variant	transcript	TRANSCRIPT_gene-GU280_gp06	protein_coding	-1	c.-548_-547insT	.	-1	-1	-1	-1	-1	-1	547	upstream_gene_variant	NONE	c.-548_-547insT	.	-1
NC_045512.2	26654	G	GT	ORF7a	gene-GU280_gp07	MODIFIER	upstream_gene_variant	transcript	TRANSCRIPT_gene-GU280_gp07	protein_coding	-1	c.-740_-739insT	.	-1	-1	-1	-1	-1	-1	739	upstream_gene_variant	NONE	c.-740_-739insT	.	-1
NC_045512.2	26654	G	GT	ORF7b	gene-GU280_gp08	MODIFIER	upstream_gene_variant	transcript	TRANSCRIPT_gene-GU280_gp08	protein_coding	-1	c.-1102_-1101insT	.	-1	-1	-1	-1	-1	-1	1101	upstream_gene_variant	NONE	c.-1102_-1101insT	.	-1
NC_045512.2	26654	G	GT	ORF8	gene-GU280_gp09	MODIFIER	upstream_gene_variant	transcript	TRANSCRIPT_gene-GU280_gp09	protein_coding	-1	c.-1240_-1239insT	.	-1	-1	-1	-1	-1	-1	1239	upstream_gene_variant	NONE	c.-1240_-1239insT	.	-1
NC_045512.2	26654	G	GT	N	gene-GU280_gp10	MODIFIER	upstream_gene_variant	transcript	TRANSCRIPT_gene-GU280_gp10	protein_coding	-1	c.-1620_-1619insT	.	-1	-1	-1	-1	-1	-1	1619	upstream_gene_variant	NONE	c.-1620_-1619insT	.	-1
NC_045512.2	26654	G	GT	ORF10	gene-GU280_gp11	MODIFIER	upstream_gene_variant	transcript	TRANSCRIPT_gene-GU280_gp11	protein_coding	-1	c.-2904_-2903insT	.	-1	-1	-1	-1	-1	-1	2903	upstream_gene_variant	NONE	c.-2904_-2903insT	.	-1
NC_045512.2	26654	G	GT	S	gene-GU280_gp02	MODIFIER	downstream_gene_variant	transcript	TRANSCRIPT_gene-GU280_gp02	protein_coding	-1	c.*1270_*1271insT	.	-1	-1	-1	-1	-1	-1	1271	downstream_gene_variant	NONE	c.*1270_*1271insT	.	-1
NC_045512.2	26654	G	GT	ORF3a	gene-GU280_gp03	MODIFIER	downstream_gene_variant	transcript	TRANSCRIPT_gene-GU280_gp03	protein_coding	-1	c.*434_*435insT	.	-1	-1	-1	-1	-1	-1	435	downstream_gene_variant	NONE	c.*434_*435insT	.	-1
NC_045512.2	26654	G	GT	E	gene-GU280_gp04	MODIFIER	downstream_gene_variant	transcript	TRANSCRIPT_gene-GU280_gp04	protein_coding	-1	c.*182_*183insT	.	-1	-1	-1	-1	-1	-1	183	downstream_gene_variant	NONE	c.*182_*183insT	.	-1
NC_045512.2	27224	A	G	ORF6	gene-GU280_gp06	MODERATE	missense_variant	transcript	TRANSCRIPT_gene-GU280_gp06	protein_coding	1	c.23A>G	p.Gln8Arg	23	186	23	186	8	61	0	missense_variant	NONE	c.23A>G	p.Gln8Arg	61
NC_045512.2	27224	A	G	ORF7a	gene-GU280_gp07	MODIFIER	upstream_gene_variant	transcript	TRANSCRIPT_gene-GU280_gp07	protein_coding	-1	c.-170A>G	.	-1	-1	-1	-1	-1	-1	170	upstream_gene_variant	NONE	c.-170A>G	.	-1
NC_045512.2	27224	A	G	ORF7b	gene-GU280_gp08	MODIFIER	upstream_gene_variant	transcript	TRANSCRIPT_gene-GU280_gp08	protein_coding	-1	c.-532A>G	.	-1	-1	-1	-1	-1	-1	532	upstream_gene_variant	NONE	c.-532A>G	.	-1
NC_045512.2	27224	A	G	ORF8	gene-GU280_gp09	MODIFIER	upstream_gene_variant	transcript	TRANSCRIPT_gene-GU280_gp09	protein_coding	-1	c.-670A>G	.	-1	-1	-1	-1	-1	-1	670	upstream_gene_variant	NONE	c.-670A>G	.	-1
NC_045512.2	27224	A	G	N	gene-GU280_gp10	MODIFIER	upstream_gene_variant	transcript	TRANSCRIPT_gene-GU280_gp10	protein_coding	-1	c.-1050A>G	.	-1	-1	-1	-1	-1	-1	1050	upstream_gene_variant	NONE	c.-1050A>G	.	-1
NC_045512.2	27224	A	G	ORF10	gene-GU280_gp11	MODIFIER	upstream_gene_variant	transcript	TRANSCRIPT_gene-GU280_gp11	protein_coding	-1	c.-2334A>G	.	-1	-1	-1	-1	-1	-1	2334	upstream_gene_variant	NONE	c.-2334A>G	.	-1
NC_045512.2	27224	A	G	S	gene-GU280_gp02	MODIFIER	downstream_gene_variant	transcript	TRANSCRIPT_gene-GU280_gp02	protein_coding	-1	c.*1840A>G	.	-1	-1	-1	-1	-1	-1	1840	downstream_gene_variant	NONE	c.*1840A>G	.	-1
NC_045512.2	27224	A	G	ORF3a	gene-GU280_gp03	MODIFIER	downstream_gene_variant	transcript	TRANSCRIPT_gene-GU280_gp03	protein_coding	-1	c.*1004A>G	.	-1	-1	-1	-1	-1	-1	1004	downstream_gene_variant	NONE	c.*1004A>G	.	-1
NC_045512.2	27224	A	G	E	gene-GU280_gp04	MODIFIER	downstream_gene_variant	transcript	TRANSCRIPT_gene-GU280_gp04	protein_coding	-1	c.*752A>G	.	-1	-1	-1	-1	-1	-1	752	downstream_gene_variant	NONE	c.*752A>G	.	-1
NC_045512.2	27224	A	G	M	gene-GU280_gp05	MODIFIER	downstream_gene_variant	transcript	TRANSCRIPT_gene-GU280_gp05	protein_coding	-1	c.*33A>G	.	-1	-1	-1	-1	-1	-1	33	downstream_gene_variant	NONE	c.*33A>G	.	-1
NC_045512.2	27264	T	C	ORF6	gene-GU280_gp06	LOW	synonymous_variant	transcript	TRANSCRIPT_gene-GU280_gp06	protein_coding	1	c.63T>C	p.Thr21Thr	63	186	63	186	21	61	0	synonymous_variant	NONE	c.63T>C	p.Thr21Thr	61
NC_045512.2	27264	T	C	ORF7a	gene-GU280_gp07	MODIFIER	upstream_gene_variant	transcript	TRANSCRIPT_gene-GU280_gp07	protein_coding	-1	c.-130T>C	.	-1	-1	-1	-1	-1	-1	130	upstream_gene_variant	NONE	c.-130T>C	.	-1
NC_045512.2	27264	T	C	ORF7b	gene-GU280_gp08	MODIFIER	upstream_gene_variant	transcript	TRANSCRIPT_gene-GU280_gp08	protein_coding	-1	c.-492T>C	.	-1	-1	-1	-1	-1	-1	492	upstream_gene_variant	NONE	c.-492T>C	.	-1
NC_045512.2	27264	T	C	ORF8	gene-GU280_gp09	MODIFIER	upstream_gene_variant	transcript	TRANSCRIPT_gene-GU280_gp09	protein_coding	-1	c.-630T>C	.	-1	-1	-1	-1	-1	-1	630	upstream_gene_variant	NONE	c.-630T>C	.	-1
NC_045512.2	27264	T	C	N	gene-GU280_gp10	MODIFIER	upstream_gene_variant	transcript	TRANSCRIPT_gene-GU280_gp10	protein_coding	-1	c.-1010T>C	.	-1	-1	-1	-1	-1	-1	1010	upstream_gene_variant	NONE	c.-1010T>C	.	-1
NC_045512.2	27264	T	C	ORF10	gene-GU280_gp11	MODIFIER	upstream_gene_variant	transcript	TRANSCRIPT_gene-GU280_gp11	protein_coding	-1	c.-2294T>C	.	-1	-1	-1	-1	-1	-1	2294	upstream_gene_variant	NONE	c.-2294T>C	.	-1
NC_045512.2	27264	T	C	S	gene-GU280_gp02	MODIFIER	downstream_gene_variant	transcript	TRANSCRIPT_gene-GU280_gp02	protein_coding	-1	c.*1880T>C	.	-1	-1	-1	-1	-1	-1	1880	downstream_gene_variant	NONE	c.*1880T>C	.	-1
NC_045512.2	27264	T	C	ORF3a	gene-GU280_gp03	MODIFIER	downstream_gene_variant	transcript	TRANSCRIPT_gene-GU280_gp03	protein_coding	-1	c.*1044T>C	.	-1	-1	-1	-1	-1	-1	1044	downstream_gene_variant	NONE	c.*1044T>C	.	-1
NC_045512.2	27264	T	C	E	gene-GU280_gp04	MODIFIER	downstream_gene_variant	transcript	TRANSCRIPT_gene-GU280_gp04	protein_coding	-1	c.*792T>C	.	-1	-1	-1	-1	-1	-1	792	downstream_gene_variant	NONE	c.*792T>C	.	-1
NC_045512.2	27264	T	C	M	gene-GU280_gp05	MODIFIER	downstream_gene_variant	transcript	TRANSCRIPT_gene-GU280_gp05	protein_coding	-1	c.*73T>C	.	-1	-1	-1	-1	-1	-1	73	downstream_gene_variant	NONE	c.*73T>C	.	-1
NC_045512.2	27290	A	G	ORF6	gene-GU280_gp06	MODERATE	missense_variant	transcript	TRANSCRIPT_gene-GU280_gp06	protein_coding	1	c.89A>G	p.Asp30Gly	89	186	89	186	30	61	0	missense_variant	NONE	c.89A>G	p.Asp30Gly	61
NC_045512.2	27290	A	G	ORF7a	gene-GU280_gp07	MODIFIER	upstream_gene_variant	transcript	TRANSCRIPT_gene-GU280_gp07	protein_coding	-1	c.-104A>G	.	-1	-1	-1	-1	-1	-1	104	upstream_gene_variant	NONE	c.-104A>G	.	-1
NC_045512.2	27290	A	G	ORF7b	gene-GU280_gp08	MODIFIER	upstream_gene_variant	transcript	TRANSCRIPT_gene-GU280_gp08	protein_coding	-1	c.-466A>G	.	-1	-1	-1	-1	-1	-1	466	upstream_gene_variant	NONE	c.-466A>G	.	-1
NC_045512.2	27290	A	G	ORF8	gene-GU280_gp09	MODIFIER	upstream_gene_variant	transcript	TRANSCRIPT_gene-GU280_gp09	protein_coding	-1	c.-604A>G	.	-1	-1	-1	-1	-1	-1	604	upstream_gene_variant	NONE	c.-604A>G	.	-1
NC_045512.2	27290	A	G	N	gene-GU280_gp10	MODIFIER	upstream_gene_variant	transcript	TRANSCRIPT_gene-GU280_gp10	protein_coding	-1	c.-984A>G	.	-1	-1	-1	-1	-1	-1	984	upstream_gene_variant	NONE	c.-984A>G	.	-1
NC_045512.2	27290	A	G	ORF10	gene-GU280_gp11	MODIFIER	upstream_gene_variant	transcript	TRANSCRIPT_gene-GU280_gp11	protein_coding	-1	c.-2268A>G	.	-1	-1	-1	-1	-1	-1	2268	upstream_gene_variant	NONE	c.-2268A>G	.	-1
NC_045512.2	27290	A	G	S	gene-GU280_gp02	MODIFIER	downstream_gene_variant	transcript	TRANSCRIPT_gene-GU280_gp02	protein_coding	-1	c.*1906A>G	.	-1	-1	-1	-1	-1	-1	1906	downstream_gene_variant	NONE	c.*1906A>G	.	-1
NC_045512.2	27290	A	G	ORF3a	gene-GU280_gp03	MODIFIER	downstream_gene_variant	transcript	TRANSCRIPT_gene-GU280_gp03	protein_coding	-1	c.*1070A>G	.	-1	-1	-1	-1	-1	-1	1070	downstream_gene_variant	NONE	c.*1070A>G	.	-1
NC_045512.2	27290	A	G	E	gene-GU280_gp04	MODIFIER	downstream_gene_variant	transcript	TRANSCRIPT_gene-GU280_gp04	protein_coding	-1	c.*818A>G	.	-1	-1	-1	-1	-1	-1	818	downstream_gene_variant	NONE	c.*818A>G	.	-1
NC_045512.2	27290	A	G	M	gene-GU280_gp05	MODIFIER	downstream_gene_variant	transcript	TRANSCRIPT_gene-GU280_gp05	protein_coding	-1	c.*99A>G	.	-1	-1	-1	-1	-1	-1	99	downstream_gene_variant	NONE	c.*99A>G	.	-1
NC_045512.2	27305	T	C	ORF6	gene-GU280_gp06	MODERATE	missense_variant	transcript	TRANSCRIPT_gene-GU280_gp06	protein_coding	1	c.104T>C	p.Leu35Pro	104	186	104	186	35	61	0	missense_variant	NONE	c.104T>C	p.Leu35Pro	61
NC_045512.2	27305	T	C	ORF7a	gene-GU280_gp07	MODIFIER	upstream_gene_variant	transcript	TRANSCRIPT_gene-GU280_gp07	protein_coding	-1	c.-89T>C	.	-1	-1	-1	-1	-1	-1	89	upstream_gene_variant	NONE	c.-89T>C	.	-1
NC_045512.2	27305	T	C	ORF7b	gene-GU280_gp08	MODIFIER	upstream_gene_variant	transcript	TRANSCRIPT_gene-GU280_gp08	protein_coding	-1	c.-451T>C	.	-1	-1	-1	-1	-1	-1	451	upstream_gene_variant	NONE	c.-451T>C	.	-1
NC_045512.2	27305	T	C	ORF8	gene-GU280_gp09	MODIFIER	upstream_gene_variant	transcript	TRANSCRIPT_gene-GU280_gp09	protein_coding	-1	c.-589T>C	.	-1	-1	-1	-1	-1	-1	589	upstream_gene_variant	NONE	c.-589T>C	.	-1
NC_045512.2	27305	T	C	N	gene-GU280_gp10	MODIFIER	upstream_gene_variant	transcript	TRANSCRIPT_gene-GU280_gp10	protein_coding	-1	c.-969T>C	.	-1	-1	-1	-1	-1	-1	969	upstream_gene_variant	NONE	c.-969T>C	.	-1
NC_045512.2	27305	T	C	ORF10	gene-GU280_gp11	MODIFIER	upstream_gene_variant	transcript	TRANSCRIPT_gene-GU280_gp11	protein_coding	-1	c.-2253T>C	.	-1	-1	-1	-1	-1	-1	2253	upstream_gene_variant	NONE	c.-2253T>C	.	-1
NC_045512.2	27305	T	C	S	gene-GU280_gp02	MODIFIER	downstream_gene_variant	transcript	TRANSCRIPT_gene-GU280_gp02	protein_coding	-1	c.*1921T>C	.	-1	-1	-1	-1	-1	-1	1921	downstream_gene_variant	NONE	c.*1921T>C	.	-1
NC_045512.2	27305	T	C	ORF3a	gene-GU280_gp03	MODIFIER	downstream_gene_variant	transcript	TRANSCRIPT_gene-GU280_gp03	protein_coding	-1	c.*1085T>C	.	-1	-1	-1	-1	-1	-1	1085	downstream_gene_variant	NONE	c.*1085T>C	.	-1
NC_045512.2	27305	T	C	E	gene-GU280_gp04	MODIFIER	downstream_gene_variant	transcript	TRANSCRIPT_gene-GU280_gp04	protein_coding	-1	c.*833T>C	.	-1	-1	-1	-1	-1	-1	833	downstream_gene_variant	NONE	c.*833T>C	.	-1
NC_045512.2	27305	T	C	M	gene-GU280_gp05	MODIFIER	downstream_gene_variant	transcript	TRANSCRIPT_gene-GU280_gp05	protein_coding	-1	c.*114T>C	.	-1	-1	-1	-1	-1	-1	114	downstream_gene_variant	NONE	c.*114T>C	.	-1
NC_045512.2	27305	TCA	T	ORF6	gene-GU280_gp06	HIGH	frameshift_variant	transcript	TRANSCRIPT_gene-GU280_gp06	protein_coding	1	c.105_106delCA	p.Ile36fs	105	186	105	186	35	61	0	frameshift_variant	NONE	c.105_106delCA	p.Ile36fs	61
NC_045512.2	27305	TCA	T	ORF7a	gene-GU280_gp07	MODIFIER	upstream_gene_variant	transcript	TRANSCRIPT_gene-GU280_gp07	protein_coding	-1	c.-88_-87delCA	.	-1	-1	-1	-1	-1	-1	88	upstream_gene_variant	NONE	c.-88_-87delCA	.	-1
NC_045512.2	27305	TCA	T	ORF7b	gene-GU280_gp08	MODIFIER	upstream_gene_variant	transcript	TRANSCRIPT_gene-GU280_gp08	protein_coding	-1	c.-450_-449delCA	.	-1	-1	-1	-1	-1	-1	450	upstream_gene_variant	NONE	c.-450_-449delCA	.	-1
NC_045512.2	27305	TCA	T	ORF8	gene-GU280_gp09	MODIFIER	upstream_gene_variant	transcript	TRANSCRIPT_gene-GU280_gp09	protein_coding	-1	c.-588_-587delCA	.	-1	-1	-1	-1	-1	-1	588	upstream_gene_variant	NONE	c.-588_-587delCA	.	-1
NC_045512.2	27305	TCA	T	N	gene-GU280_gp10	MODIFIER	upstream_gene_variant	transcript	TRANSCRIPT_gene-GU280_gp10	protein_coding	-1	c.-968_-967delCA	.	-1	-1	-1	-1	-1	-1	968	upstream_gene_variant	NONE	c.-968_-967delCA	.	-1
NC_045512.2	27305	TCA	T	ORF10	gene-GU280_gp11	MODIFIER	upstream_gene_variant	transcript	TRANSCRIPT_gene-GU280_gp11	protein_coding	-1	c.-2252_-2251delCA	.	-1	-1	-1	-1	-1	-1	2252	upstream_gene_variant	NONE	c.-2252_-2251delCA	.	-1
NC_045512.2	27305	TCA	T	S	gene-GU280_gp02	MODIFIER	downstream_gene_variant	transcript	TRANSCRIPT_gene-GU280_gp02	protein_coding	-1	c.*1922_*1923delCA	.	-1	-1	-1	-1	-1	-1	1922	downstream_gene_variant	NONE	c.*1922_*1923delCA	.	-1
NC_045512.2	27305	TCA	T	ORF3a	gene-GU280_gp03	MODIFIER	downstream_gene_variant	transcript	TRANSCRIPT_gene-GU280_gp03	protein_coding	-1	c.*1086_*1087delCA	.	-1	-1	-1	-1	-1	-1	1086	downstream_gene_variant	NONE	c.*1086_*1087delCA	.	-1
NC_045512.2	27305	TCA	T	E	gene-GU280_gp04	MODIFIER	downstream_gene_variant	transcript	TRANSCRIPT_gene-GU280_gp04	protein_coding	-1	c.*834_*835delCA	.	-1	-1	-1	-1	-1	-1	834	downstream_gene_variant	NONE	c.*834_*835delCA	.	-1
NC_045512.2	27305	TCA	T	M	gene-GU280_gp05	MODIFIER	downstream_gene_variant	transcript	TRANSCRIPT_gene-GU280_gp05	protein_coding	-1	c.*115_*116delCA	.	-1	-1	-1	-1	-1	-1	115	downstream_gene_variant	NONE	c.*115_*116delCA	.	-1
NC_045512.2	27371	CA	C	ORF6	gene-GU280_gp06	HIGH	frameshift_variant	transcript	TRANSCRIPT_gene-GU280_gp06	protein_coding	1	c.172delA	p.Met58fs	172	186	172	186	58	61	0	frameshift_variant	NONE	c.172delA	p.Met58fs	61
NC_045512.2	27371	CA	C	ORF7a	gene-GU280_gp07	MODIFIER	upstream_gene_variant	transcript	TRANSCRIPT_gene-GU280_gp07	protein_coding	-1	c.-22delA	.	-1	-1	-1	-1	-1	-1	22	upstream_gene_variant	NONE	c.-22delA	.	-1
NC_045512.2	27371	CA	C	ORF7b	gene-GU280_gp08	MODIFIER	upstream_gene_variant	transcript	TRANSCRIPT_gene-GU280_gp08	protein_coding	-1	c.-384delA	.	-1	-1	-1	-1	-1	-1	384	upstream_gene_variant	NONE	c.-384delA	.	-1
NC_045512.2	27371	CA	C	ORF8	gene-GU280_gp09	MODIFIER	upstream_gene_variant	transcript	TRANSCRIPT_gene-GU280_gp09	protein_coding	-1	c.-522delA	.	-1	-1	-1	-1	-1	-1	522	upstream_gene_variant	NONE	c.-522delA	.	-1
NC_045512.2	27371	CA	C	N	gene-GU280_gp10	MODIFIER	upstream_gene_variant	transcript	TRANSCRIPT_gene-GU280_gp10	protein_coding	-1	c.-902delA	.	-1	-1	-1	-1	-1	-1	902	upstream_gene_variant	NONE	c.-902delA	.	-1
NC_045512.2	27371	CA	C	ORF10	gene-GU280_gp11	MODIFIER	upstream_gene_variant	transcript	TRANSCRIPT_gene-GU280_gp11	protein_coding	-1	c.-2186delA	.	-1	-1	-1	-1	-1	-1	2186	upstream_gene_variant	NONE	c.-2186delA	.	-1
NC_045512.2	27371	CA	C	S	gene-GU280_gp02	MODIFIER	downstream_gene_variant	transcript	TRANSCRIPT_gene-GU280_gp02	protein_coding	-1	c.*1988delA	.	-1	-1	-1	-1	-1	-1	1988	downstream_gene_variant	NONE	c.*1988delA	.	-1
NC_045512.2	27371	CA	C	ORF3a	gene-GU280_gp03	MODIFIER	downstream_gene_variant	transcript	TRANSCRIPT_gene-GU280_gp03	protein_coding	-1	c.*1152delA	.	-1	-1	-1	-1	-1	-1	1152	downstream_gene_variant	NONE	c.*1152delA	.	-1
NC_045512.2	27371	CA	C	E	gene-GU280_gp04	MODIFIER	downstream_gene_variant	transcript	TRANSCRIPT_gene-GU280_gp04	protein_coding	-1	c.*900delA	.	-1	-1	-1	-1	-1	-1	900	downstream_gene_variant	NONE	c.*900delA	.	-1
NC_045512.2	27371	CA	C	M	gene-GU280_gp05	MODIFIER	downstream_gene_variant	transcript	TRANSCRIPT_gene-GU280_gp05	protein_coding	-1	c.*181delA	.	-1	-1	-1	-1	-1	-1	181	downstream_gene_variant	NONE	c.*181delA	.	-1
NC_045512.2	27902	T	C	ORF8	gene-GU280_gp09	LOW	synonymous_variant	transcript	TRANSCRIPT_gene-GU280_gp09	protein_coding	1	c.9T>C	p.Phe3Phe	9	366	9	366	3	121	0	synonymous_variant	NONE	c.9T>C	p.Phe3Phe	121
NC_045512.2	27902	T	C	N	gene-GU280_gp10	MODIFIER	upstream_gene_variant	transcript	TRANSCRIPT_gene-GU280_gp10	protein_coding	-1	c.-372T>C	.	-1	-1	-1	-1	-1	-1	372	upstream_gene_variant	NONE	c.-372T>C	.	-1
NC_045512.2	27902	T	C	ORF10	gene-GU280_gp11	MODIFIER	upstream_gene_variant	transcript	TRANSCRIPT_gene-GU280_gp11	protein_coding	-1	c.-1656T>C	.	-1	-1	-1	-1	-1	-1	1656	upstream_gene_variant	NONE	c.-1656T>C	.	-1
NC_045512.2	27902	T	C	S	gene-GU280_gp02	MODIFIER	downstream_gene_variant	transcript	TRANSCRIPT_gene-GU280_gp02	protein_coding	-1	c.*2518T>C	.	-1	-1	-1	-1	-1	-1	2518	downstream_gene_variant	NONE	c.*2518T>C	.	-1
NC_045512.2	27902	T	C	ORF3a	gene-GU280_gp03	MODIFIER	downstream_gene_variant	transcript	TRANSCRIPT_gene-GU280_gp03	protein_coding	-1	c.*1682T>C	.	-1	-1	-1	-1	-1	-1	1682	downstream_gene_variant	NONE	c.*1682T>C	.	-1
NC_045512.2	27902	T	C	E	gene-GU280_gp04	MODIFIER	downstream_gene_variant	transcript	TRANSCRIPT_gene-GU280_gp04	protein_coding	-1	c.*1430T>C	.	-1	-1	-1	-1	-1	-1	1430	downstream_gene_variant	NONE	c.*1430T>C	.	-1
NC_045512.2	27902	T	C	M	gene-GU280_gp05	MODIFIER	downstream_gene_variant	transcript	TRANSCRIPT_gene-GU280_gp05	protein_coding	-1	c.*711T>C	.	-1	-1	-1	-1	-1	-1	711	downstream_gene_variant	NONE	c.*711T>C	.	-1
NC_045512.2	27902	T	C	ORF6	gene-GU280_gp06	MODIFIER	downstream_gene_variant	transcript	TRANSCRIPT_gene-GU280_gp06	protein_coding	-1	c.*515T>C	.	-1	-1	-1	-1	-1	-1	515	downstream_gene_variant	NONE	c.*515T>C	.	-1
NC_045512.2	27902	T	C	ORF7a	gene-GU280_gp07	MODIFIER	downstream_gene_variant	transcript	TRANSCRIPT_gene-GU280_gp07	protein_coding	-1	c.*143T>C	.	-1	-1	-1	-1	-1	-1	143	downstream_gene_variant	NONE	c.*143T>C	.	-1
NC_045512.2	27902	T	C	ORF7b	gene-GU280_gp08	MODIFIER	downstream_gene_variant	transcript	TRANSCRIPT_gene-GU280_gp08	protein_coding	-1	c.*15T>C	.	-1	-1	-1	-1	-1	-1	15	downstream_gene_variant	NONE	c.*15T>C	.	-1
NC_045512.2	28280	G	T	N	gene-GU280_gp10	MODERATE	missense_variant	transcript	TRANSCRIPT_gene-GU280_gp10	protein_coding	1	c.7G>T	p.Asp3Tyr	7	1260	7	1260	3	419	0	missense_variant	NONE	c.7G>T	p.Asp3Tyr	419
NC_045512.2	28280	G	T	ORF10	gene-GU280_gp11	MODIFIER	upstream_gene_variant	transcript	TRANSCRIPT_gene-GU280_gp11	protein_coding	-1	c.-1278G>T	.	-1	-1	-1	-1	-1	-1	1278	upstream_gene_variant	NONE	c.-1278G>T	.	-1
NC_045512.2	28280	G	T	S	gene-GU280_gp02	MODIFIER	downstream_gene_variant	transcript	TRANSCRIPT_gene-GU280_gp02	protein_coding	-1	c.*2896G>T	.	-1	-1	-1	-1	-1	-1	2896	downstream_gene_variant	NONE	c.*2896G>T	.	-1
NC_045512.2	28280	G	T	ORF3a	gene-GU280_gp03	MODIFIER	downstream_gene_variant	transcript	TRANSCRIPT_gene-GU280_gp03	protein_coding	-1	c.*2060G>T	.	-1	-1	-1	-1	-1	-1	2060	downstream_gene_variant	NONE	c.*2060G>T	.	-1
NC_045512.2	28280	G	T	E	gene-GU280_gp04	MODIFIER	downstream_gene_variant	transcript	TRANSCRIPT_gene-GU280_gp04	protein_coding	-1	c.*1808G>T	.	-1	-1	-1	-1	-1	-1	1808	downstream_gene_variant	NONE	c.*1808G>T	.	-1
NC_045512.2	28280	G	T	M	gene-GU280_gp05	MODIFIER	downstream_gene_variant	transcript	TRANSCRIPT_gene-GU280_gp05	protein_coding	-1	c.*1089G>T	.	-1	-1	-1	-1	-1	-1	1089	downstream_gene_variant	NONE	c.*1089G>T	.	-1
NC_045512.2	28280	G	T	ORF6	gene-GU280_gp06	MODIFIER	downstream_gene_variant	transcript	TRANSCRIPT_gene-GU280_gp06	protein_coding	-1	c.*893G>T	.	-1	-1	-1	-1	-1	-1	893	downstream_gene_variant	NONE	c.*893G>T	.	-1
NC_045512.2	28280	G	T	ORF7a	gene-GU280_gp07	MODIFIER	downstream_gene_variant	transcript	TRANSCRIPT_gene-GU280_gp07	protein_coding	-1	c.*521G>T	.	-1	-1	-1	-1	-1	-1	521	downstream_gene_variant	NONE	c.*521G>T	.	-1
NC_045512.2	28280	G	T	ORF7b	gene-GU280_gp08	MODIFIER	downstream_gene_variant	transcript	TRANSCRIPT_gene-GU280_gp08	protein_coding	-1	c.*393G>T	.	-1	-1	-1	-1	-1	-1	393	downstream_gene_variant	NONE	c.*393G>T	.	-1
NC_045512.2	28280	G	T	ORF8	gene-GU280_gp09	MODIFIER	downstream_gene_variant	transcript	TRANSCRIPT_gene-GU280_gp09	protein_coding	-1	c.*21G>T	.	-1	-1	-1	-1	-1	-1	21	downstream_gene_variant	NONE	c.*21G>T	.	-1
NC_045512.2	28881	G	A	N	gene-GU280_gp10	MODERATE	missense_variant	transcript	TRANSCRIPT_gene-GU280_gp10	protein_coding	1	c.608G>A	p.Arg203Lys	608	1260	608	1260	203	419	0	missense_variant	NONE	c.608G>A	p.Arg203Lys	419
NC_045512.2	28881	G	A	ORF10	gene-GU280_gp11	MODIFIER	upstream_gene_variant	transcript	TRANSCRIPT_gene-GU280_gp11	protein_coding	-1	c.-677G>A	.	-1	-1	-1	-1	-1	-1	677	upstream_gene_variant	NONE	c.-677G>A	.	-1
NC_045512.2	28881	G	A	S	gene-GU280_gp02	MODIFIER	downstream_gene_variant	transcript	TRANSCRIPT_gene-GU280_gp02	protein_coding	-1	c.*3497G>A	.	-1	-1	-1	-1	-1	-1	3497	downstream_gene_variant	NONE	c.*3497G>A	.	-1
NC_045512.2	28881	G	A	ORF3a	gene-GU280_gp03	MODIFIER	downstream_gene_variant	transcript	TRANSCRIPT_gene-GU280_gp03	protein_coding	-1	c.*2661G>A	.	-1	-1	-1	-1	-1	-1	2661	downstream_gene_variant	NONE	c.*2661G>A	.	-1
NC_045512.2	28881	G	A	E	gene-GU280_gp04	MODIFIER	downstream_gene_variant	transcript	TRANSCRIPT_gene-GU280_gp04	protein_coding	-1	c.*2409G>A	.	-1	-1	-1	-1	-1	-1	2409	downstream_gene_variant	NONE	c.*2409G>A	.	-1
NC_045512.2	28881	G	A	M	gene-GU280_gp05	MODIFIER	downstream_gene_variant	transcript	TRANSCRIPT_gene-GU280_gp05	protein_coding	-1	c.*1690G>A	.	-1	-1	-1	-1	-1	-1	1690	downstream_gene_variant	NONE	c.*1690G>A	.	-1
NC_045512.2	28881	G	A	ORF6	gene-GU280_gp06	MODIFIER	downstream_gene_variant	transcript	TRANSCRIPT_gene-GU280_gp06	protein_coding	-1	c.*1494G>A	.	-1	-1	-1	-1	-1	-1	1494	downstream_gene_variant	NONE	c.*1494G>A	.	-1
NC_045512.2	28881	G	A	ORF7a	gene-GU280_gp07	MODIFIER	downstream_gene_variant	transcript	TRANSCRIPT_gene-GU280_gp07	protein_coding	-1	c.*1122G>A	.	-1	-1	-1	-1	-1	-1	1122	downstream_gene_variant	NONE	c.*1122G>A	.	-1
NC_045512.2	28881	G	A	ORF7b	gene-GU280_gp08	MODIFIER	downstream_gene_variant	transcript	TRANSCRIPT_gene-GU280_gp08	protein_coding	-1	c.*994G>A	.	-1	-1	-1	-1	-1	-1	994	downstream_gene_variant	NONE	c.*994G>A	.	-1
NC_045512.2	28881	G	A	ORF8	gene-GU280_gp09	MODIFIER	downstream_gene_variant	transcript	TRANSCRIPT_gene-GU280_gp09	protein_coding	-1	c.*622G>A	.	-1	-1	-1	-1	-1	-1	622	downstream_gene_variant	NONE	c.*622G>A	.	-1
NC_045512.2	28882	G	A	N	gene-GU280_gp10	LOW	synonymous_variant	transcript	TRANSCRIPT_gene-GU280_gp10	protein_coding	1	c.609G>A	p.Arg203Arg	609	1260	609	1260	203	419	0	synonymous_variant	NONE	c.609G>A	p.Arg203Arg	419
NC_045512.2	28882	G	A	ORF10	gene-GU280_gp11	MODIFIER	upstream_gene_variant	transcript	TRANSCRIPT_gene-GU280_gp11	protein_coding	-1	c.-676G>A	.	-1	-1	-1	-1	-1	-1	676	upstream_gene_variant	NONE	c.-676G>A	.	-1
NC_045512.2	28882	G	A	S	gene-GU280_gp02	MODIFIER	downstream_gene_variant	transcript	TRANSCRIPT_gene-GU280_gp02	protein_coding	-1	c.*3498G>A	.	-1	-1	-1	-1	-1	-1	3498	downstream_gene_variant	NONE	c.*3498G>A	.	-1
NC_045512.2	28882	G	A	ORF3a	gene-GU280_gp03	MODIFIER	downstream_gene_variant	transcript	TRANSCRIPT_gene-GU280_gp03	protein_coding	-1	c.*2662G>A	.	-1	-1	-1	-1	-1	-1	2662	downstream_gene_variant	NONE	c.*2662G>A	.	-1
NC_045512.2	28882	G	A	E	gene-GU280_gp04	MODIFIER	downstream_gene_variant	transcript	TRANSCRIPT_gene-GU280_gp04	protein_coding	-1	c.*2410G>A	.	-1	-1	-1	-1	-1	-1	2410	downstream_gene_variant	NONE	c.*2410G>A	.	-1
NC_045512.2	28882	G	A	M	gene-GU280_gp05	MODIFIER	downstream_gene_variant	transcript	TRANSCRIPT_gene-GU280_gp05	protein_coding	-1	c.*1691G>A	.	-1	-1	-1	-1	-1	-1	1691	downstream_gene_variant	NONE	c.*1691G>A	.	-1
NC_045512.2	28882	G	A	ORF6	gene-GU280_gp06	MODIFIER	downstream_gene_variant	transcript	TRANSCRIPT_gene-GU280_gp06	protein_coding	-1	c.*1495G>A	.	-1	-1	-1	-1	-1	-1	1495	downstream_gene_variant	NONE	c.*1495G>A	.	-1
NC_045512.2	28882	G	A	ORF7a	gene-GU280_gp07	MODIFIER	downstream_gene_variant	transcript	TRANSCRIPT_gene-GU280_gp07	protein_coding	-1	c.*1123G>A	.	-1	-1	-1	-1	-1	-1	1123	downstream_gene_variant	NONE	c.*1123G>A	.	-1
NC_045512.2	28882	G	A	ORF7b	gene-GU280_gp08	MODIFIER	downstream_gene_variant	transcript	TRANSCRIPT_gene-GU280_gp08	protein_coding	-1	c.*995G>A	.	-1	-1	-1	-1	-1	-1	995	downstream_gene_variant	NONE	c.*995G>A	.	-1
NC_045512.2	28882	G	A	ORF8	gene-GU280_gp09	MODIFIER	downstream_gene_variant	transcript	TRANSCRIPT_gene-GU280_gp09	protein_coding	-1	c.*623G>A	.	-1	-1	-1	-1	-1	-1	623	downstream_gene_variant	NONE	c.*623G>A	.	-1
NC_045512.2	28883	G	C	N	gene-GU280_gp10	MODERATE	missense_variant	transcript	TRANSCRIPT_gene-GU280_gp10	protein_coding	1	c.610G>C	p.Gly204Arg	610	1260	610	1260	204	419	0	missense_variant	NONE	c.610G>C	p.Gly204Arg	419
NC_045512.2	28883	G	C	ORF10	gene-GU280_gp11	MODIFIER	upstream_gene_variant	transcript	TRANSCRIPT_gene-GU280_gp11	protein_coding	-1	c.-675G>C	.	-1	-1	-1	-1	-1	-1	675	upstream_gene_variant	NONE	c.-675G>C	.	-1
NC_045512.2	28883	G	C	S	gene-GU280_gp02	MODIFIER	downstream_gene_variant	transcript	TRANSCRIPT_gene-GU280_gp02	protein_coding	-1	c.*3499G>C	.	-1	-1	-1	-1	-1	-1	3499	downstream_gene_variant	NONE	c.*3499G>C	.	-1
NC_045512.2	28883	G	C	ORF3a	gene-GU280_gp03	MODIFIER	downstream_gene_variant	transcript	TRANSCRIPT_gene-GU280_gp03	protein_coding	-1	c.*2663G>C	.	-1	-1	-1	-1	-1	-1	2663	downstream_gene_variant	NONE	c.*2663G>C	.	-1
NC_045512.2	28883	G	C	E	gene-GU280_gp04	MODIFIER	downstream_gene_variant	transcript	TRANSCRIPT_gene-GU280_gp04	protein_coding	-1	c.*2411G>C	.	-1	-1	-1	-1	-1	-1	2411	downstream_gene_variant	NONE	c.*2411G>C	.	-1
NC_045512.2	28883	G	C	M	gene-GU280_gp05	MODIFIER	downstream_gene_variant	transcript	TRANSCRIPT_gene-GU280_gp05	protein_coding	-1	c.*1692G>C	.	-1	-1	-1	-1	-1	-1	1692	downstream_gene_variant	NONE	c.*1692G>C	.	-1
NC_045512.2	28883	G	C	ORF6	gene-GU280_gp06	MODIFIER	downstream_gene_variant	transcript	TRANSCRIPT_gene-GU280_gp06	protein_coding	-1	c.*1496G>C	.	-1	-1	-1	-1	-1	-1	1496	downstream_gene_variant	NONE	c.*1496G>C	.	-1
NC_045512.2	28883	G	C	ORF7a	gene-GU280_gp07	MODIFIER	downstream_gene_variant	transcript	TRANSCRIPT_gene-GU280_gp07	protein_coding	-1	c.*1124G>C	.	-1	-1	-1	-1	-1	-1	1124	downstream_gene_variant	NONE	c.*1124G>C	.	-1
NC_045512.2	28883	G	C	ORF7b	gene-GU280_gp08	MODIFIER	downstream_gene_variant	transcript	TRANSCRIPT_gene-GU280_gp08	protein_coding	-1	c.*996G>C	.	-1	-1	-1	-1	-1	-1	996	downstream_gene_variant	NONE	c.*996G>C	.	-1
NC_045512.2	28883	G	C	ORF8	gene-GU280_gp09	MODIFIER	downstream_gene_variant	transcript	TRANSCRIPT_gene-GU280_gp09	protein_coding	-1	c.*624G>C	.	-1	-1	-1	-1	-1	-1	624	downstream_gene_variant	NONE	c.*624G>C	.	-1
NC_045512.2	29051	C	CA	N	gene-GU280_gp10	HIGH	frameshift_variant	transcript	TRANSCRIPT_gene-GU280_gp10	protein_coding	1	c.783dupA	p.Arg262fs	784	1260	784	1260	262	419	0	frameshift_variant	NONE	c.783dupA	p.Arg262fs	419
NC_045512.2	29051	C	CA	ORF10	gene-GU280_gp11	MODIFIER	upstream_gene_variant	transcript	TRANSCRIPT_gene-GU280_gp11	protein_coding	-1	c.-507_-506insA	.	-1	-1	-1	-1	-1	-1	506	upstream_gene_variant	NONE	c.-507_-506insA	.	-1
NC_045512.2	29051	C	CA	S	gene-GU280_gp02	MODIFIER	downstream_gene_variant	transcript	TRANSCRIPT_gene-GU280_gp02	protein_coding	-1	c.*3667_*3668insA	.	-1	-1	-1	-1	-1	-1	3668	downstream_gene_variant	NONE	c.*3667_*3668insA	.	-1
NC_045512.2	29051	C	CA	ORF3a	gene-GU280_gp03	MODIFIER	downstream_gene_variant	transcript	TRANSCRIPT_gene-GU280_gp03	protein_coding	-1	c.*2831_*2832insA	.	-1	-1	-1	-1	-1	-1	2832	downstream_gene_variant	NONE	c.*2831_*2832insA	.	-1
NC_045512.2	29051	C	CA	E	gene-GU280_gp04	MODIFIER	downstream_gene_variant	transcript	TRANSCRIPT_gene-GU280_gp04	protein_coding	-1	c.*2579_*2580insA	.	-1	-1	-1	-1	-1	-1	2580	downstream_gene_variant	NONE	c.*2579_*2580insA	.	-1
NC_045512.2	29051	C	CA	M	gene-GU280_gp05	MODIFIER	downstream_gene_variant	transcript	TRANSCRIPT_gene-GU280_gp05	protein_coding	-1	c.*1860_*1861insA	.	-1	-1	-1	-1	-1	-1	1861	downstream_gene_variant	NONE	c.*1860_*1861insA	.	-1
NC_045512.2	29051	C	CA	ORF6	gene-GU280_gp06	MODIFIER	downstream_gene_variant	transcript	TRANSCRIPT_gene-GU280_gp06	protein_coding	-1	c.*1664_*1665insA	.	-1	-1	-1	-1	-1	-1	1665	downstream_gene_variant	NONE	c.*1664_*1665insA	.	-1
NC_045512.2	29051	C	CA	ORF7a	gene-GU280_gp07	MODIFIER	downstream_gene_variant	transcript	TRANSCRIPT_gene-GU280_gp07	protein_coding	-1	c.*1292_*1293insA	.	-1	-1	-1	-1	-1	-1	1293	downstream_gene_variant	NONE	c.*1292_*1293insA	.	-1
NC_045512.2	29051	C	CA	ORF7b	gene-GU280_gp08	MODIFIER	downstream_gene_variant	transcript	TRANSCRIPT_gene-GU280_gp08	protein_coding	-1	c.*1164_*1165insA	.	-1	-1	-1	-1	-1	-1	1165	downstream_gene_variant	NONE	c.*1164_*1165insA	.	-1
NC_045512.2	29051	C	CA	ORF8	gene-GU280_gp09	MODIFIER	downstream_gene_variant	transcript	TRANSCRIPT_gene-GU280_gp09	protein_coding	-1	c.*792_*793insA	.	-1	-1	-1	-1	-1	-1	793	downstream_gene_variant	NONE	c.*792_*793insA	.	-1
NC_045512.2	29581	T	C	ORF10	gene-GU280_gp11	LOW	synonymous_variant	transcript	TRANSCRIPT_gene-GU280_gp11	protein_coding	1	c.24T>C	p.Ala8Ala	24	117	24	117	8	38	0	synonymous_variant	NONE	c.24T>C	p.Ala8Ala	38
NC_045512.2	29581	T	C	S	gene-GU280_gp02	MODIFIER	downstream_gene_variant	transcript	TRANSCRIPT_gene-GU280_gp02	protein_coding	-1	c.*4197T>C	.	-1	-1	-1	-1	-1	-1	4197	downstream_gene_variant	NONE	c.*4197T>C	.	-1
NC_045512.2	29581	T	C	ORF3a	gene-GU280_gp03	MODIFIER	downstream_gene_variant	transcript	TRANSCRIPT_gene-GU280_gp03	protein_coding	-1	c.*3361T>C	.	-1	-1	-1	-1	-1	-1	3361	downstream_gene_variant	NONE	c.*3361T>C	.	-1
NC_045512.2	29581	T	C	E	gene-GU280_gp04	MODIFIER	downstream_gene_variant	transcript	TRANSCRIPT_gene-GU280_gp04	protein_coding	-1	c.*3109T>C	.	-1	-1	-1	-1	-1	-1	3109	downstream_gene_variant	NONE	c.*3109T>C	.	-1
NC_045512.2	29581	T	C	M	gene-GU280_gp05	MODIFIER	downstream_gene_variant	transcript	TRANSCRIPT_gene-GU280_gp05	protein_coding	-1	c.*2390T>C	.	-1	-1	-1	-1	-1	-1	2390	downstream_gene_variant	NONE	c.*2390T>C	.	-1
NC_045512.2	29581	T	C	ORF6	gene-GU280_gp06	MODIFIER	downstream_gene_variant	transcript	TRANSCRIPT_gene-GU280_gp06	protein_coding	-1	c.*2194T>C	.	-1	-1	-1	-1	-1	-1	2194	downstream_gene_variant	NONE	c.*2194T>C	.	-1
NC_045512.2	29581	T	C	ORF7a	gene-GU280_gp07	MODIFIER	downstream_gene_variant	transcript	TRANSCRIPT_gene-GU280_gp07	protein_coding	-1	c.*1822T>C	.	-1	-1	-1	-1	-1	-1	1822	downstream_gene_variant	NONE	c.*1822T>C	.	-1
NC_045512.2	29581	T	C	ORF7b	gene-GU280_gp08	MODIFIER	downstream_gene_variant	transcript	TRANSCRIPT_gene-GU280_gp08	protein_coding	-1	c.*1694T>C	.	-1	-1	-1	-1	-1	-1	1694	downstream_gene_variant	NONE	c.*1694T>C	.	-1
NC_045512.2	29581	T	C	ORF8	gene-GU280_gp09	MODIFIER	downstream_gene_variant	transcript	TRANSCRIPT_gene-GU280_gp09	protein_coding	-1	c.*1322T>C	.	-1	-1	-1	-1	-1	-1	1322	downstream_gene_variant	NONE	c.*1322T>C	.	-1
NC_045512.2	29581	T	C	N	gene-GU280_gp10	MODIFIER	downstream_gene_variant	transcript	TRANSCRIPT_gene-GU280_gp10	protein_coding	-1	c.*48T>C	.	-1	-1	-1	-1	-1	-1	48	downstream_gene_variant	NONE	c.*48T>C	.	-1
NC_045512.2	29760	T	C	S	gene-GU280_gp02	MODIFIER	downstream_gene_variant	transcript	TRANSCRIPT_gene-GU280_gp02	protein_coding	-1	c.*4376T>C	.	-1	-1	-1	-1	-1	-1	4376	downstream_gene_variant	NONE	c.*4376T>C	.	-1
NC_045512.2	29760	T	C	ORF3a	gene-GU280_gp03	MODIFIER	downstream_gene_variant	transcript	TRANSCRIPT_gene-GU280_gp03	protein_coding	-1	c.*3540T>C	.	-1	-1	-1	-1	-1	-1	3540	downstream_gene_variant	NONE	c.*3540T>C	.	-1
NC_045512.2	29760	T	C	E	gene-GU280_gp04	MODIFIER	downstream_gene_variant	transcript	TRANSCRIPT_gene-GU280_gp04	protein_coding	-1	c.*3288T>C	.	-1	-1	-1	-1	-1	-1	3288	downstream_gene_variant	NONE	c.*3288T>C	.	-1
NC_045512.2	29760	T	C	M	gene-GU280_gp05	MODIFIER	downstream_gene_variant	transcript	TRANSCRIPT_gene-GU280_gp05	protein_coding	-1	c.*2569T>C	.	-1	-1	-1	-1	-1	-1	2569	downstream_gene_variant	NONE	c.*2569T>C	.	-1
NC_045512.2	29760	T	C	ORF6	gene-GU280_gp06	MODIFIER	downstream_gene_variant	transcript	TRANSCRIPT_gene-GU280_gp06	protein_coding	-1	c.*2373T>C	.	-1	-1	-1	-1	-1	-1	2373	downstream_gene_variant	NONE	c.*2373T>C	.	-1
NC_045512.2	29760	T	C	ORF7a	gene-GU280_gp07	MODIFIER	downstream_gene_variant	transcript	TRANSCRIPT_gene-GU280_gp07	protein_coding	-1	c.*2001T>C	.	-1	-1	-1	-1	-1	-1	2001	downstream_gene_variant	NONE	c.*2001T>C	.	-1
NC_045512.2	29760	T	C	ORF7b	gene-GU280_gp08	MODIFIER	downstream_gene_variant	transcript	TRANSCRIPT_gene-GU280_gp08	protein_coding	-1	c.*1873T>C	.	-1	-1	-1	-1	-1	-1	1873	downstream_gene_variant	NONE	c.*1873T>C	.	-1
NC_045512.2	29760	T	C	ORF8	gene-GU280_gp09	MODIFIER	downstream_gene_variant	transcript	TRANSCRIPT_gene-GU280_gp09	protein_coding	-1	c.*1501T>C	.	-1	-1	-1	-1	-1	-1	1501	downstream_gene_variant	NONE	c.*1501T>C	.	-1
NC_045512.2	29760	T	C	N	gene-GU280_gp10	MODIFIER	downstream_gene_variant	transcript	TRANSCRIPT_gene-GU280_gp10	protein_coding	-1	c.*227T>C	.	-1	-1	-1	-1	-1	-1	227	downstream_gene_variant	NONE	c.*227T>C	.	-1
NC_045512.2	29760	T	C	ORF10	gene-GU280_gp11	MODIFIER	downstream_gene_variant	transcript	TRANSCRIPT_gene-GU280_gp11	protein_coding	-1	c.*86T>C	.	-1	-1	-1	-1	-1	-1	86	downstream_gene_variant	NONE	c.*86T>C	.	-1
NC_045512.2	29760	T	C	ORF10-CHR_END	gene-GU280_gp11-CHR_END	MODIFIER	intergenic_region	intergenic_region	gene-GU280_gp11-CHR_END	.	-1	n.29760T>C	.	-1	-1	-1	-1	-1	-1	0	intergenic_region	NONE	n.29760T>C	.	-1
NC_045512.2	29871	A	C	S	gene-GU280_gp02	MODIFIER	downstream_gene_variant	transcript	TRANSCRIPT_gene-GU280_gp02	protein_coding	-1	c.*4487A>C	.	-1	-1	-1	-1	-1	-1	4487	downstream_gene_variant	NONE	c.*4487A>C	.	-1
NC_045512.2	29871	A	C	ORF3a	gene-GU280_gp03	MODIFIER	downstream_gene_variant	transcript	TRANSCRIPT_gene-GU280_gp03	protein_coding	-1	c.*3651A>C	.	-1	-1	-1	-1	-1	-1	3651	downstream_gene_variant	NONE	c.*3651A>C	.	-1
NC_045512.2	29871	A	C	E	gene-GU280_gp04	MODIFIER	downstream_gene_variant	transcript	TRANSCRIPT_gene-GU280_gp04	protein_coding	-1	c.*3399A>C	.	-1	-1	-1	-1	-1	-1	3399	downstream_gene_variant	NONE	c.*3399A>C	.	-1
NC_045512.2	29871	A	C	M	gene-GU280_gp05	MODIFIER	downstream_gene_variant	transcript	TRANSCRIPT_gene-GU280_gp05	protein_coding	-1	c.*2680A>C	.	-1	-1	-1	-1	-1	-1	2680	downstream_gene_variant	NONE	c.*2680A>C	.	-1
NC_045512.2	29871	A	C	ORF6	gene-GU280_gp06	MODIFIER	downstream_gene_variant	transcript	TRANSCRIPT_gene-GU280_gp06	protein_coding	-1	c.*2484A>C	.	-1	-1	-1	-1	-1	-1	2484	downstream_gene_variant	NONE	c.*2484A>C	.	-1
NC_045512.2	29871	A	C	ORF7a	gene-GU280_gp07	MODIFIER	downstream_gene_variant	transcript	TRANSCRIPT_gene-GU280_gp07	protein_coding	-1	c.*2112A>C	.	-1	-1	-1	-1	-1	-1	2112	downstream_gene_variant	NONE	c.*2112A>C	.	-1
NC_045512.2	29871	A	C	ORF7b	gene-GU280_gp08	MODIFIER	downstream_gene_variant	transcript	TRANSCRIPT_gene-GU280_gp08	protein_coding	-1	c.*1984A>C	.	-1	-1	-1	-1	-1	-1	1984	downstream_gene_variant	NONE	c.*1984A>C	.	-1
NC_045512.2	29871	A	C	ORF8	gene-GU280_gp09	MODIFIER	downstream_gene_variant	transcript	TRANSCRIPT_gene-GU280_gp09	protein_coding	-1	c.*1612A>C	.	-1	-1	-1	-1	-1	-1	1612	downstream_gene_variant	NONE	c.*1612A>C	.	-1
NC_045512.2	29871	A	C	N	gene-GU280_gp10	MODIFIER	downstream_gene_variant	transcript	TRANSCRIPT_gene-GU280_gp10	protein_coding	-1	c.*338A>C	.	-1	-1	-1	-1	-1	-1	338	downstream_gene_variant	NONE	c.*338A>C	.	-1
NC_045512.2	29871	A	C	ORF10	gene-GU280_gp11	MODIFIER	downstream_gene_variant	transcript	TRANSCRIPT_gene-GU280_gp11	protein_coding	-1	c.*197A>C	.	-1	-1	-1	-1	-1	-1	197	downstream_gene_variant	NONE	c.*197A>C	.	-1
NC_045512.2	29871	A	C	ORF10-CHR_END	gene-GU280_gp11-CHR_END	MODIFIER	intergenic_region	intergenic_region	gene-GU280_gp11-CHR_END	.	-1	n.29871A>C	.	-1	-1	-1	-1	-1	-1	0	intergenic_region	NONE	n.29871A>C	.	-1
