CHROM	POS	REF	ALT	ANN[*].GENE	ANN[*].GENEID	ANN[*].IMPACT	ANN[*].EFFECT	ANN[*].FEATURE	ANN[*].FEATUREID	ANN[*].BIOTYPE	ANN[*].RANK	ANN[*].HGVS_C	ANN[*].HGVS_P	ANN[*].CDNA_POS	ANN[*].CDNA_LEN	ANN[*].CDS_POS	ANN[*].CDS_LEN	ANN[*].AA_POS	ANN[*].AA_LEN	ANN[*].DISTANCE	EFF[*].EFFECT	EFF[*].FUNCLASS	EFF[*].CODON	EFF[*].AA	EFF[*].AA_LEN
NC_045512.2	241	C	T	ORF1ab	gene-GU280_gp01	MODIFIER	upstream_gene_variant	transcript	TRANSCRIPT_gene-GU280_gp01	protein_coding	-1	c.-25C>T	.	-1	-1	-1	-1	-1	-1	25	upstream_gene_variant	NONE	c.-25C>T	.	-1
NC_045512.2	241	C	T	CHR_START-ORF1ab	CHR_START-gene-GU280_gp01	MODIFIER	intergenic_region	intergenic_region	CHR_START-gene-GU280_gp01	.	-1	n.241C>T	.	-1	-1	-1	-1	-1	-1	0	intergenic_region	NONE	n.241C>T	.	-1
NC_045512.2	1059	C	T	ORF1ab	gene-GU280_gp01	MODERATE	missense_variant	transcript	TRANSCRIPT_gene-GU280_gp01	protein_coding	1	c.794C>T	p.Thr265Ile	794	21290	794	21290	265	7095	0	missense_variant	NONE	c.794C>T	p.Thr265Ile	7095
NC_045512.2	1288	C	T	ORF1ab	gene-GU280_gp01	LOW	synonymous_variant	transcript	TRANSCRIPT_gene-GU280_gp01	protein_coding	1	c.1023C>T	p.Cys341Cys	1023	21290	1023	21290	341	7095	0	synonymous_variant	NONE	c.1023C>T	p.Cys341Cys	7095
NC_045512.2	1387	C	A	ORF1ab	gene-GU280_gp01	MODERATE	missense_variant	transcript	TRANSCRIPT_gene-GU280_gp01	protein_coding	1	c.1122C>A	p.His374Gln	1122	21290	1122	21290	374	7095	0	missense_variant	NONE	c.1122C>A	p.His374Gln	7095
NC_045512.2	1946	G	GT	ORF1ab	gene-GU280_gp01	HIGH	frameshift_variant	transcript	TRANSCRIPT_gene-GU280_gp01	protein_coding	1	c.1685dupT	p.Leu562fs	1686	21290	1686	21290	562	7095	0	frameshift_variant	NONE	c.1685dupT	p.Leu562fs	7095
NC_045512.2	2726	A	G	ORF1ab	gene-GU280_gp01	MODERATE	missense_variant	transcript	TRANSCRIPT_gene-GU280_gp01	protein_coding	1	c.2461A>G	p.Thr821Ala	2461	21290	2461	21290	821	7095	0	missense_variant	NONE	c.2461A>G	p.Thr821Ala	7095
NC_045512.2	3037	C	T	ORF1ab	gene-GU280_gp01	LOW	synonymous_variant	transcript	TRANSCRIPT_gene-GU280_gp01	protein_coding	1	c.2772C>T	p.Phe924Phe	2772	21290	2772	21290	924	7095	0	synonymous_variant	NONE	c.2772C>T	p.Phe924Phe	7095
NC_045512.2	3802	TA	T	ORF1ab	gene-GU280_gp01	HIGH	frameshift_variant	transcript	TRANSCRIPT_gene-GU280_gp01	protein_coding	1	c.3542delA	p.Asn1181fs	3542	21290	3542	21290	1181	7095	0	frameshift_variant	NONE	c.3542delA	p.Asn1181fs	7095
NC_045512.2	4183	T	C	ORF1ab	gene-GU280_gp01	LOW	synonymous_variant	transcript	TRANSCRIPT_gene-GU280_gp01	protein_coding	1	c.3918T>C	p.Ala1306Ala	3918	21290	3918	21290	1306	7095	0	synonymous_variant	NONE	c.3918T>C	p.Ala1306Ala	7095
NC_045512.2	4528	AT	A	ORF1ab	gene-GU280_gp01	HIGH	frameshift_variant	transcript	TRANSCRIPT_gene-GU280_gp01	protein_coding	1	c.4267delT	p.Tyr1423fs	4267	21290	4267	21290	1423	7095	0	frameshift_variant	NONE	c.4267delT	p.Tyr1423fs	7095
NC_045512.2	5393	T	C	ORF1ab	gene-GU280_gp01	MODERATE	missense_variant	transcript	TRANSCRIPT_gene-GU280_gp01	protein_coding	1	c.5128T>C	p.Phe1710Leu	5128	21290	5128	21290	1710	7095	0	missense_variant	NONE	c.5128T>C	p.Phe1710Leu	7095
NC_045512.2	5812	CG	C	ORF1ab	gene-GU280_gp01	HIGH	frameshift_variant	transcript	TRANSCRIPT_gene-GU280_gp01	protein_coding	1	c.5549delG	p.Gly1850fs	5549	21290	5549	21290	1850	7095	0	frameshift_variant	NONE	c.5549delG	p.Gly1850fs	7095
NC_045512.2	6012	CA	C	ORF1ab	gene-GU280_gp01	HIGH	frameshift_variant	transcript	TRANSCRIPT_gene-GU280_gp01	protein_coding	1	c.5750delA	p.Asn1917fs	5750	21290	5750	21290	1917	7095	0	frameshift_variant	NONE	c.5750delA	p.Asn1917fs	7095
NC_045512.2	6025	T	C	ORF1ab	gene-GU280_gp01	LOW	synonymous_variant	transcript	TRANSCRIPT_gene-GU280_gp01	protein_coding	1	c.5760T>C	p.Tyr1920Tyr	5760	21290	5760	21290	1920	7095	0	synonymous_variant	NONE	c.5760T>C	p.Tyr1920Tyr	7095
NC_045512.2	6696	C	CT	ORF1ab	gene-GU280_gp01	HIGH	frameshift_variant	transcript	TRANSCRIPT_gene-GU280_gp01	protein_coding	1	c.6435dupT	p.Leu2146fs	6436	21290	6436	21290	2146	7095	0	frameshift_variant	NONE	c.6435dupT	p.Leu2146fs	7095
NC_045512.2	7889	GT	G	ORF1ab	gene-GU280_gp01	HIGH	frameshift_variant	transcript	TRANSCRIPT_gene-GU280_gp01	protein_coding	1	c.7629delT	p.Phe2543fs	7629	21290	7629	21290	2543	7095	0	frameshift_variant	NONE	c.7629delT	p.Phe2543fs	7095
NC_045512.2	8376	CA	C	ORF1ab	gene-GU280_gp01	HIGH	frameshift_variant	transcript	TRANSCRIPT_gene-GU280_gp01	protein_coding	1	c.8116delA	p.Ser2706fs	8116	21290	8116	21290	2706	7095	0	frameshift_variant	NONE	c.8116delA	p.Ser2706fs	7095
NC_045512.2	8620	TA	T	ORF1ab	gene-GU280_gp01	HIGH	frameshift_variant	transcript	TRANSCRIPT_gene-GU280_gp01	protein_coding	1	c.8356delA	p.Ile2786fs	8356	21290	8356	21290	2786	7095	0	frameshift_variant	NONE	c.8356delA	p.Ile2786fs	7095
NC_045512.2	9189	TG	T	ORF1ab	gene-GU280_gp01	HIGH	frameshift_variant	transcript	TRANSCRIPT_gene-GU280_gp01	protein_coding	1	c.8926delG	p.Val2976fs	8926	21290	8926	21290	2976	7095	0	frameshift_variant	NONE	c.8926delG	p.Val2976fs	7095
NC_045512.2	9502	C	T	ORF1ab	gene-GU280_gp01	LOW	synonymous_variant	transcript	TRANSCRIPT_gene-GU280_gp01	protein_coding	1	c.9237C>T	p.Ala3079Ala	9237	21290	9237	21290	3079	7095	0	synonymous_variant	NONE	c.9237C>T	p.Ala3079Ala	7095
NC_045512.2	9554	G	GT	ORF1ab	gene-GU280_gp01	HIGH	frameshift_variant	transcript	TRANSCRIPT_gene-GU280_gp01	protein_coding	1	c.9292dupT	p.Tyr3098fs	9293	21290	9293	21290	3098	7095	0	frameshift_variant	NONE	c.9292dupT	p.Tyr3098fs	7095
NC_045512.2	9859	A	G	ORF1ab	gene-GU280_gp01	LOW	synonymous_variant	transcript	TRANSCRIPT_gene-GU280_gp01	protein_coding	1	c.9594A>G	p.Leu3198Leu	9594	21290	9594	21290	3198	7095	0	synonymous_variant	NONE	c.9594A>G	p.Leu3198Leu	7095
NC_045512.2	10319	C	T	ORF1ab	gene-GU280_gp01	MODERATE	missense_variant	transcript	TRANSCRIPT_gene-GU280_gp01	protein_coding	1	c.10054C>T	p.Leu3352Phe	10054	21290	10054	21290	3352	7095	0	missense_variant	NONE	c.10054C>T	p.Leu3352Phe	7095
NC_045512.2	11074	CT	C	ORF1ab	gene-GU280_gp01	HIGH	frameshift_variant	transcript	TRANSCRIPT_gene-GU280_gp01	protein_coding	1	c.10817delT	p.Leu3606fs	10817	21290	10817	21290	3606	7095	0	frameshift_variant	NONE	c.10817delT	p.Leu3606fs	7095
NC_045512.2	11074	C	CT	ORF1ab	gene-GU280_gp01	HIGH	frameshift_variant	transcript	TRANSCRIPT_gene-GU280_gp01	protein_coding	1	c.10817dupT	p.Leu3606fs	10818	21290	10818	21290	3606	7095	0	frameshift_variant	NONE	c.10817dupT	p.Leu3606fs	7095
NC_045512.2	14408	C	T	ORF1ab	gene-GU280_gp01	LOW	synonymous_variant	transcript	TRANSCRIPT_gene-GU280_gp01	protein_coding	1	c.14143C>T	p.Leu4715Leu	14143	21290	14143	21290	4715	7095	0	synonymous_variant	NONE	c.14143C>T	p.Leu4715Leu	7095
NC_045512.2	14516	TA	T	ORF1ab	gene-GU280_gp01	HIGH	frameshift_variant	transcript	TRANSCRIPT_gene-GU280_gp01	protein_coding	1	c.14254delA	p.Thr4752fs	14254	21290	14254	21290	4752	7095	0	frameshift_variant	NONE	c.14254delA	p.Thr4752fs	7095
NC_045512.2	15349	G	A	ORF1ab	gene-GU280_gp01	LOW	synonymous_variant	transcript	TRANSCRIPT_gene-GU280_gp01	protein_coding	1	c.15084G>A	p.Leu5028Leu	15084	21290	15084	21290	5028	7095	0	synonymous_variant	NONE	c.15084G>A	p.Leu5028Leu	7095
NC_045512.2	15965	G	GT	ORF1ab	gene-GU280_gp01	HIGH	frameshift_variant	transcript	TRANSCRIPT_gene-GU280_gp01	protein_coding	1	c.15704dupT	p.Leu5235fs	15705	21290	15705	21290	5235	7095	0	frameshift_variant	NONE	c.15704dupT	p.Leu5235fs	7095
NC_045512.2	18368	G	GT	ORF1ab	gene-GU280_gp01	HIGH	frameshift_variant	transcript	TRANSCRIPT_gene-GU280_gp01	protein_coding	1	c.18108dupT	p.Leu6037fs	18109	21290	18109	21290	6037	7095	0	frameshift_variant	NONE	c.18108dupT	p.Leu6037fs	7095
NC_045512.2	18368	G	GT	S	gene-GU280_gp02	MODIFIER	upstream_gene_variant	transcript	TRANSCRIPT_gene-GU280_gp02	protein_coding	-1	c.-3195_-3194insT	.	-1	-1	-1	-1	-1	-1	3194	upstream_gene_variant	NONE	c.-3195_-3194insT	.	-1
NC_045512.2	18424	A	G	ORF1ab	gene-GU280_gp01	LOW	synonymous_variant	transcript	TRANSCRIPT_gene-GU280_gp01	protein_coding	1	c.18159A>G	p.Leu6053Leu	18159	21290	18159	21290	6053	7095	0	synonymous_variant	NONE	c.18159A>G	p.Leu6053Leu	7095
NC_045512.2	18424	A	G	S	gene-GU280_gp02	MODIFIER	upstream_gene_variant	transcript	TRANSCRIPT_gene-GU280_gp02	protein_coding	-1	c.-3139A>G	.	-1	-1	-1	-1	-1	-1	3139	upstream_gene_variant	NONE	c.-3139A>G	.	-1
NC_045512.2	20178	C	T	ORF1ab	gene-GU280_gp01	MODERATE	missense_variant	transcript	TRANSCRIPT_gene-GU280_gp01	protein_coding	1	c.19913C>T	p.Ser6638Phe	19913	21290	19913	21290	6638	7095	0	missense_variant	NONE	c.19913C>T	p.Ser6638Phe	7095
NC_045512.2	20178	C	T	S	gene-GU280_gp02	MODIFIER	upstream_gene_variant	transcript	TRANSCRIPT_gene-GU280_gp02	protein_coding	-1	c.-1385C>T	.	-1	-1	-1	-1	-1	-1	1385	upstream_gene_variant	NONE	c.-1385C>T	.	-1
NC_045512.2	20648	CA	C	ORF1ab	gene-GU280_gp01	HIGH	frameshift_variant	transcript	TRANSCRIPT_gene-GU280_gp01	protein_coding	1	c.20387delA	p.Asn6796fs	20387	21290	20387	21290	6796	7095	0	frameshift_variant	NONE	c.20387delA	p.Asn6796fs	7095
NC_045512.2	20648	CA	C	S	gene-GU280_gp02	MODIFIER	upstream_gene_variant	transcript	TRANSCRIPT_gene-GU280_gp02	protein_coding	-1	c.-914delA	.	-1	-1	-1	-1	-1	-1	914	upstream_gene_variant	NONE	c.-914delA	.	-1
NC_045512.2	20648	CA	C	ORF3a	gene-GU280_gp03	MODIFIER	upstream_gene_variant	transcript	TRANSCRIPT_gene-GU280_gp03	protein_coding	-1	c.-4744delA	.	-1	-1	-1	-1	-1	-1	4744	upstream_gene_variant	NONE	c.-4744delA	.	-1
NC_045512.2	20678	CG	C	ORF1ab	gene-GU280_gp01	HIGH	frameshift_variant	transcript	TRANSCRIPT_gene-GU280_gp01	protein_coding	1	c.20416delG	p.Val6806fs	20416	21290	20416	21290	6806	7095	0	frameshift_variant	NONE	c.20416delG	p.Val6806fs	7095
NC_045512.2	20678	CG	C	S	gene-GU280_gp02	MODIFIER	upstream_gene_variant	transcript	TRANSCRIPT_gene-GU280_gp02	protein_coding	-1	c.-884delG	.	-1	-1	-1	-1	-1	-1	884	upstream_gene_variant	NONE	c.-884delG	.	-1
NC_045512.2	20678	CG	C	ORF3a	gene-GU280_gp03	MODIFIER	upstream_gene_variant	transcript	TRANSCRIPT_gene-GU280_gp03	protein_coding	-1	c.-4714delG	.	-1	-1	-1	-1	-1	-1	4714	upstream_gene_variant	NONE	c.-4714delG	.	-1
NC_045512.2	20792	CA	C	ORF1ab	gene-GU280_gp01	HIGH	frameshift_variant	transcript	TRANSCRIPT_gene-GU280_gp01	protein_coding	1	c.20531delA	p.Asn6844fs	20531	21290	20531	21290	6844	7095	0	frameshift_variant	NONE	c.20531delA	p.Asn6844fs	7095
NC_045512.2	20792	CA	C	S	gene-GU280_gp02	MODIFIER	upstream_gene_variant	transcript	TRANSCRIPT_gene-GU280_gp02	protein_coding	-1	c.-770delA	.	-1	-1	-1	-1	-1	-1	770	upstream_gene_variant	NONE	c.-770delA	.	-1
NC_045512.2	20792	CA	C	ORF3a	gene-GU280_gp03	MODIFIER	upstream_gene_variant	transcript	TRANSCRIPT_gene-GU280_gp03	protein_coding	-1	c.-4600delA	.	-1	-1	-1	-1	-1	-1	4600	upstream_gene_variant	NONE	c.-4600delA	.	-1
NC_045512.2	21102	T	C	ORF1ab	gene-GU280_gp01	MODERATE	missense_variant	transcript	TRANSCRIPT_gene-GU280_gp01	protein_coding	1	c.20837T>C	p.Val6946Ala	20837	21290	20837	21290	6946	7095	0	missense_variant	NONE	c.20837T>C	p.Val6946Ala	7095
NC_045512.2	21102	T	C	S	gene-GU280_gp02	MODIFIER	upstream_gene_variant	transcript	TRANSCRIPT_gene-GU280_gp02	protein_coding	-1	c.-461T>C	.	-1	-1	-1	-1	-1	-1	461	upstream_gene_variant	NONE	c.-461T>C	.	-1
NC_045512.2	21102	T	C	ORF3a	gene-GU280_gp03	MODIFIER	upstream_gene_variant	transcript	TRANSCRIPT_gene-GU280_gp03	protein_coding	-1	c.-4291T>C	.	-1	-1	-1	-1	-1	-1	4291	upstream_gene_variant	NONE	c.-4291T>C	.	-1
NC_045512.2	21304	C	T	ORF1ab	gene-GU280_gp01	LOW	synonymous_variant	transcript	TRANSCRIPT_gene-GU280_gp01	protein_coding	1	c.21039C>T	p.His7013His	21039	21290	21039	21290	7013	7095	0	synonymous_variant	NONE	c.21039C>T	p.His7013His	7095
NC_045512.2	21304	C	T	S	gene-GU280_gp02	MODIFIER	upstream_gene_variant	transcript	TRANSCRIPT_gene-GU280_gp02	protein_coding	-1	c.-259C>T	.	-1	-1	-1	-1	-1	-1	259	upstream_gene_variant	NONE	c.-259C>T	.	-1
NC_045512.2	21304	C	T	ORF3a	gene-GU280_gp03	MODIFIER	upstream_gene_variant	transcript	TRANSCRIPT_gene-GU280_gp03	protein_coding	-1	c.-4089C>T	.	-1	-1	-1	-1	-1	-1	4089	upstream_gene_variant	NONE	c.-4089C>T	.	-1
NC_045512.2	21304	C	T	E	gene-GU280_gp04	MODIFIER	upstream_gene_variant	transcript	TRANSCRIPT_gene-GU280_gp04	protein_coding	-1	c.-4941C>T	.	-1	-1	-1	-1	-1	-1	4941	upstream_gene_variant	NONE	c.-4941C>T	.	-1
NC_045512.2	21688	T	G	S	gene-GU280_gp02	LOW	synonymous_variant	transcript	TRANSCRIPT_gene-GU280_gp02	protein_coding	1	c.126T>G	p.Val42Val	126	3822	126	3822	42	1273	0	synonymous_variant	NONE	c.126T>G	p.Val42Val	1273
NC_045512.2	21688	T	G	ORF3a	gene-GU280_gp03	MODIFIER	upstream_gene_variant	transcript	TRANSCRIPT_gene-GU280_gp03	protein_coding	-1	c.-3705T>G	.	-1	-1	-1	-1	-1	-1	3705	upstream_gene_variant	NONE	c.-3705T>G	.	-1
NC_045512.2	21688	T	G	E	gene-GU280_gp04	MODIFIER	upstream_gene_variant	transcript	TRANSCRIPT_gene-GU280_gp04	protein_coding	-1	c.-4557T>G	.	-1	-1	-1	-1	-1	-1	4557	upstream_gene_variant	NONE	c.-4557T>G	.	-1
NC_045512.2	21688	T	G	M	gene-GU280_gp05	MODIFIER	upstream_gene_variant	transcript	TRANSCRIPT_gene-GU280_gp05	protein_coding	-1	c.-4835T>G	.	-1	-1	-1	-1	-1	-1	4835	upstream_gene_variant	NONE	c.-4835T>G	.	-1
NC_045512.2	21688	T	G	ORF1ab	gene-GU280_gp01	MODIFIER	downstream_gene_variant	transcript	TRANSCRIPT_gene-GU280_gp01	protein_coding	-1	c.*133T>G	.	-1	-1	-1	-1	-1	-1	133	downstream_gene_variant	NONE	c.*133T>G	.	-1
NC_045512.2	22084	T	C	S	gene-GU280_gp02	LOW	synonymous_variant	transcript	TRANSCRIPT_gene-GU280_gp02	protein_coding	1	c.522T>C	p.Pro174Pro	522	3822	522	3822	174	1273	0	synonymous_variant	NONE	c.522T>C	p.Pro174Pro	1273
NC_045512.2	22084	T	C	ORF3a	gene-GU280_gp03	MODIFIER	upstream_gene_variant	transcript	TRANSCRIPT_gene-GU280_gp03	protein_coding	-1	c.-3309T>C	.	-1	-1	-1	-1	-1	-1	3309	upstream_gene_variant	NONE	c.-3309T>C	.	-1
NC_045512.2	22084	T	C	E	gene-GU280_gp04	MODIFIER	upstream_gene_variant	transcript	TRANSCRIPT_gene-GU280_gp04	protein_coding	-1	c.-4161T>C	.	-1	-1	-1	-1	-1	-1	4161	upstream_gene_variant	NONE	c.-4161T>C	.	-1
NC_045512.2	22084	T	C	M	gene-GU280_gp05	MODIFIER	upstream_gene_variant	transcript	TRANSCRIPT_gene-GU280_gp05	protein_coding	-1	c.-4439T>C	.	-1	-1	-1	-1	-1	-1	4439	upstream_gene_variant	NONE	c.-4439T>C	.	-1
NC_045512.2	22084	T	C	ORF1ab	gene-GU280_gp01	MODIFIER	downstream_gene_variant	transcript	TRANSCRIPT_gene-GU280_gp01	protein_coding	-1	c.*529T>C	.	-1	-1	-1	-1	-1	-1	529	downstream_gene_variant	NONE	c.*529T>C	.	-1
NC_045512.2	22218	GT	G	S	gene-GU280_gp02	HIGH	frameshift_variant	transcript	TRANSCRIPT_gene-GU280_gp02	protein_coding	1	c.661delT	p.Ser221fs	661	3822	661	3822	221	1273	0	frameshift_variant	NONE	c.661delT	p.Ser221fs	1273
NC_045512.2	22218	GT	G	ORF3a	gene-GU280_gp03	MODIFIER	upstream_gene_variant	transcript	TRANSCRIPT_gene-GU280_gp03	protein_coding	-1	c.-3174delT	.	-1	-1	-1	-1	-1	-1	3174	upstream_gene_variant	NONE	c.-3174delT	.	-1
NC_045512.2	22218	GT	G	E	gene-GU280_gp04	MODIFIER	upstream_gene_variant	transcript	TRANSCRIPT_gene-GU280_gp04	protein_coding	-1	c.-4026delT	.	-1	-1	-1	-1	-1	-1	4026	upstream_gene_variant	NONE	c.-4026delT	.	-1
NC_045512.2	22218	GT	G	M	gene-GU280_gp05	MODIFIER	upstream_gene_variant	transcript	TRANSCRIPT_gene-GU280_gp05	protein_coding	-1	c.-4304delT	.	-1	-1	-1	-1	-1	-1	4304	upstream_gene_variant	NONE	c.-4304delT	.	-1
NC_045512.2	22218	GT	G	ORF6	gene-GU280_gp06	MODIFIER	upstream_gene_variant	transcript	TRANSCRIPT_gene-GU280_gp06	protein_coding	-1	c.-4983delT	.	-1	-1	-1	-1	-1	-1	4983	upstream_gene_variant	NONE	c.-4983delT	.	-1
NC_045512.2	22218	GT	G	ORF1ab	gene-GU280_gp01	MODIFIER	downstream_gene_variant	transcript	TRANSCRIPT_gene-GU280_gp01	protein_coding	-1	c.*664delT	.	-1	-1	-1	-1	-1	-1	664	downstream_gene_variant	NONE	c.*664delT	.	-1
NC_045512.2	22218	G	GT	S	gene-GU280_gp02	HIGH	frameshift_variant	transcript	TRANSCRIPT_gene-GU280_gp02	protein_coding	1	c.661dupT	p.Ser221fs	662	3822	662	3822	221	1273	0	frameshift_variant	NONE	c.661dupT	p.Ser221fs	1273
NC_045512.2	22218	G	GT	ORF3a	gene-GU280_gp03	MODIFIER	upstream_gene_variant	transcript	TRANSCRIPT_gene-GU280_gp03	protein_coding	-1	c.-3175_-3174insT	.	-1	-1	-1	-1	-1	-1	3174	upstream_gene_variant	NONE	c.-3175_-3174insT	.	-1
NC_045512.2	22218	G	GT	E	gene-GU280_gp04	MODIFIER	upstream_gene_variant	transcript	TRANSCRIPT_gene-GU280_gp04	protein_coding	-1	c.-4027_-4026insT	.	-1	-1	-1	-1	-1	-1	4026	upstream_gene_variant	NONE	c.-4027_-4026insT	.	-1
NC_045512.2	22218	G	GT	M	gene-GU280_gp05	MODIFIER	upstream_gene_variant	transcript	TRANSCRIPT_gene-GU280_gp05	protein_coding	-1	c.-4305_-4304insT	.	-1	-1	-1	-1	-1	-1	4304	upstream_gene_variant	NONE	c.-4305_-4304insT	.	-1
NC_045512.2	22218	G	GT	ORF6	gene-GU280_gp06	MODIFIER	upstream_gene_variant	transcript	TRANSCRIPT_gene-GU280_gp06	protein_coding	-1	c.-4984_-4983insT	.	-1	-1	-1	-1	-1	-1	4983	upstream_gene_variant	NONE	c.-4984_-4983insT	.	-1
NC_045512.2	22218	G	GT	ORF1ab	gene-GU280_gp01	MODIFIER	downstream_gene_variant	transcript	TRANSCRIPT_gene-GU280_gp01	protein_coding	-1	c.*663_*664insT	.	-1	-1	-1	-1	-1	-1	664	downstream_gene_variant	NONE	c.*663_*664insT	.	-1
NC_045512.2	23271	C	T	S	gene-GU280_gp02	MODERATE	missense_variant	transcript	TRANSCRIPT_gene-GU280_gp02	protein_coding	1	c.1709C>T	p.Ala570Val	1709	3822	1709	3822	570	1273	0	missense_variant	NONE	c.1709C>T	p.Ala570Val	1273
NC_045512.2	23271	C	T	ORF3a	gene-GU280_gp03	MODIFIER	upstream_gene_variant	transcript	TRANSCRIPT_gene-GU280_gp03	protein_coding	-1	c.-2122C>T	.	-1	-1	-1	-1	-1	-1	2122	upstream_gene_variant	NONE	c.-2122C>T	.	-1
NC_045512.2	23271	C	T	E	gene-GU280_gp04	MODIFIER	upstream_gene_variant	transcript	TRANSCRIPT_gene-GU280_gp04	protein_coding	-1	c.-2974C>T	.	-1	-1	-1	-1	-1	-1	2974	upstream_gene_variant	NONE	c.-2974C>T	.	-1
NC_045512.2	23271	C	T	M	gene-GU280_gp05	MODIFIER	upstream_gene_variant	transcript	TRANSCRIPT_gene-GU280_gp05	protein_coding	-1	c.-3252C>T	.	-1	-1	-1	-1	-1	-1	3252	upstream_gene_variant	NONE	c.-3252C>T	.	-1
NC_045512.2	23271	C	T	ORF6	gene-GU280_gp06	MODIFIER	upstream_gene_variant	transcript	TRANSCRIPT_gene-GU280_gp06	protein_coding	-1	c.-3931C>T	.	-1	-1	-1	-1	-1	-1	3931	upstream_gene_variant	NONE	c.-3931C>T	.	-1
NC_045512.2	23271	C	T	ORF7a	gene-GU280_gp07	MODIFIER	upstream_gene_variant	transcript	TRANSCRIPT_gene-GU280_gp07	protein_coding	-1	c.-4123C>T	.	-1	-1	-1	-1	-1	-1	4123	upstream_gene_variant	NONE	c.-4123C>T	.	-1
NC_045512.2	23271	C	T	ORF7b	gene-GU280_gp08	MODIFIER	upstream_gene_variant	transcript	TRANSCRIPT_gene-GU280_gp08	protein_coding	-1	c.-4485C>T	.	-1	-1	-1	-1	-1	-1	4485	upstream_gene_variant	NONE	c.-4485C>T	.	-1
NC_045512.2	23271	C	T	ORF8	gene-GU280_gp09	MODIFIER	upstream_gene_variant	transcript	TRANSCRIPT_gene-GU280_gp09	protein_coding	-1	c.-4623C>T	.	-1	-1	-1	-1	-1	-1	4623	upstream_gene_variant	NONE	c.-4623C>T	.	-1
NC_045512.2	23271	C	T	ORF1ab	gene-GU280_gp01	MODIFIER	downstream_gene_variant	transcript	TRANSCRIPT_gene-GU280_gp01	protein_coding	-1	c.*1716C>T	.	-1	-1	-1	-1	-1	-1	1716	downstream_gene_variant	NONE	c.*1716C>T	.	-1
NC_045512.2	23403	A	G	S	gene-GU280_gp02	MODERATE	missense_variant	transcript	TRANSCRIPT_gene-GU280_gp02	protein_coding	1	c.1841A>G	p.Asp614Gly	1841	3822	1841	3822	614	1273	0	missense_variant	NONE	c.1841A>G	p.Asp614Gly	1273
NC_045512.2	23403	A	G	ORF3a	gene-GU280_gp03	MODIFIER	upstream_gene_variant	transcript	TRANSCRIPT_gene-GU280_gp03	protein_coding	-1	c.-1990A>G	.	-1	-1	-1	-1	-1	-1	1990	upstream_gene_variant	NONE	c.-1990A>G	.	-1
NC_045512.2	23403	A	G	E	gene-GU280_gp04	MODIFIER	upstream_gene_variant	transcript	TRANSCRIPT_gene-GU280_gp04	protein_coding	-1	c.-2842A>G	.	-1	-1	-1	-1	-1	-1	2842	upstream_gene_variant	NONE	c.-2842A>G	.	-1
NC_045512.2	23403	A	G	M	gene-GU280_gp05	MODIFIER	upstream_gene_variant	transcript	TRANSCRIPT_gene-GU280_gp05	protein_coding	-1	c.-3120A>G	.	-1	-1	-1	-1	-1	-1	3120	upstream_gene_variant	NONE	c.-3120A>G	.	-1
NC_045512.2	23403	A	G	ORF6	gene-GU280_gp06	MODIFIER	upstream_gene_variant	transcript	TRANSCRIPT_gene-GU280_gp06	protein_coding	-1	c.-3799A>G	.	-1	-1	-1	-1	-1	-1	3799	upstream_gene_variant	NONE	c.-3799A>G	.	-1
NC_045512.2	23403	A	G	ORF7a	gene-GU280_gp07	MODIFIER	upstream_gene_variant	transcript	TRANSCRIPT_gene-GU280_gp07	protein_coding	-1	c.-3991A>G	.	-1	-1	-1	-1	-1	-1	3991	upstream_gene_variant	NONE	c.-3991A>G	.	-1
NC_045512.2	23403	A	G	ORF7b	gene-GU280_gp08	MODIFIER	upstream_gene_variant	transcript	TRANSCRIPT_gene-GU280_gp08	protein_coding	-1	c.-4353A>G	.	-1	-1	-1	-1	-1	-1	4353	upstream_gene_variant	NONE	c.-4353A>G	.	-1
NC_045512.2	23403	A	G	ORF8	gene-GU280_gp09	MODIFIER	upstream_gene_variant	transcript	TRANSCRIPT_gene-GU280_gp09	protein_coding	-1	c.-4491A>G	.	-1	-1	-1	-1	-1	-1	4491	upstream_gene_variant	NONE	c.-4491A>G	.	-1
NC_045512.2	23403	A	G	N	gene-GU280_gp10	MODIFIER	upstream_gene_variant	transcript	TRANSCRIPT_gene-GU280_gp10	protein_coding	-1	c.-4871A>G	.	-1	-1	-1	-1	-1	-1	4871	upstream_gene_variant	NONE	c.-4871A>G	.	-1
NC_045512.2	23403	A	G	ORF1ab	gene-GU280_gp01	MODIFIER	downstream_gene_variant	transcript	TRANSCRIPT_gene-GU280_gp01	protein_coding	-1	c.*1848A>G	.	-1	-1	-1	-1	-1	-1	1848	downstream_gene_variant	NONE	c.*1848A>G	.	-1
NC_045512.2	23758	C	T	S	gene-GU280_gp02	LOW	synonymous_variant	transcript	TRANSCRIPT_gene-GU280_gp02	protein_coding	1	c.2196C>T	p.Thr732Thr	2196	3822	2196	3822	732	1273	0	synonymous_variant	NONE	c.2196C>T	p.Thr732Thr	1273
NC_045512.2	23758	C	T	ORF3a	gene-GU280_gp03	MODIFIER	upstream_gene_variant	transcript	TRANSCRIPT_gene-GU280_gp03	protein_coding	-1	c.-1635C>T	.	-1	-1	-1	-1	-1	-1	1635	upstream_gene_variant	NONE	c.-1635C>T	.	-1
NC_045512.2	23758	C	T	E	gene-GU280_gp04	MODIFIER	upstream_gene_variant	transcript	TRANSCRIPT_gene-GU280_gp04	protein_coding	-1	c.-2487C>T	.	-1	-1	-1	-1	-1	-1	2487	upstream_gene_variant	NONE	c.-2487C>T	.	-1
NC_045512.2	23758	C	T	M	gene-GU280_gp05	MODIFIER	upstream_gene_variant	transcript	TRANSCRIPT_gene-GU280_gp05	protein_coding	-1	c.-2765C>T	.	-1	-1	-1	-1	-1	-1	2765	upstream_gene_variant	NONE	c.-2765C>T	.	-1
NC_045512.2	23758	C	T	ORF6	gene-GU280_gp06	MODIFIER	upstream_gene_variant	transcript	TRANSCRIPT_gene-GU280_gp06	protein_coding	-1	c.-3444C>T	.	-1	-1	-1	-1	-1	-1	3444	upstream_gene_variant	NONE	c.-3444C>T	.	-1
NC_045512.2	23758	C	T	ORF7a	gene-GU280_gp07	MODIFIER	upstream_gene_variant	transcript	TRANSCRIPT_gene-GU280_gp07	protein_coding	-1	c.-3636C>T	.	-1	-1	-1	-1	-1	-1	3636	upstream_gene_variant	NONE	c.-3636C>T	.	-1
NC_045512.2	23758	C	T	ORF7b	gene-GU280_gp08	MODIFIER	upstream_gene_variant	transcript	TRANSCRIPT_gene-GU280_gp08	protein_coding	-1	c.-3998C>T	.	-1	-1	-1	-1	-1	-1	3998	upstream_gene_variant	NONE	c.-3998C>T	.	-1
NC_045512.2	23758	C	T	ORF8	gene-GU280_gp09	MODIFIER	upstream_gene_variant	transcript	TRANSCRIPT_gene-GU280_gp09	protein_coding	-1	c.-4136C>T	.	-1	-1	-1	-1	-1	-1	4136	upstream_gene_variant	NONE	c.-4136C>T	.	-1
NC_045512.2	23758	C	T	N	gene-GU280_gp10	MODIFIER	upstream_gene_variant	transcript	TRANSCRIPT_gene-GU280_gp10	protein_coding	-1	c.-4516C>T	.	-1	-1	-1	-1	-1	-1	4516	upstream_gene_variant	NONE	c.-4516C>T	.	-1
NC_045512.2	23758	C	T	ORF1ab	gene-GU280_gp01	MODIFIER	downstream_gene_variant	transcript	TRANSCRIPT_gene-GU280_gp01	protein_coding	-1	c.*2203C>T	.	-1	-1	-1	-1	-1	-1	2203	downstream_gene_variant	NONE	c.*2203C>T	.	-1
NC_045512.2	23958	G	GT	S	gene-GU280_gp02	HIGH	frameshift_variant&stop_gained	transcript	TRANSCRIPT_gene-GU280_gp02	protein_coding	1	c.2400dupT	p.Asn801fs	2401	3822	2401	3822	801	1273	0	frameshift_variant&stop_gained	NONE	c.2400dupT	p.Asn801fs	1273
NC_045512.2	23958	G	GT	ORF3a	gene-GU280_gp03	MODIFIER	upstream_gene_variant	transcript	TRANSCRIPT_gene-GU280_gp03	protein_coding	-1	c.-1435_-1434insT	.	-1	-1	-1	-1	-1	-1	1434	upstream_gene_variant	NONE	c.-1435_-1434insT	.	-1
NC_045512.2	23958	G	GT	E	gene-GU280_gp04	MODIFIER	upstream_gene_variant	transcript	TRANSCRIPT_gene-GU280_gp04	protein_coding	-1	c.-2287_-2286insT	.	-1	-1	-1	-1	-1	-1	2286	upstream_gene_variant	NONE	c.-2287_-2286insT	.	-1
NC_045512.2	23958	G	GT	M	gene-GU280_gp05	MODIFIER	upstream_gene_variant	transcript	TRANSCRIPT_gene-GU280_gp05	protein_coding	-1	c.-2565_-2564insT	.	-1	-1	-1	-1	-1	-1	2564	upstream_gene_variant	NONE	c.-2565_-2564insT	.	-1
NC_045512.2	23958	G	GT	ORF6	gene-GU280_gp06	MODIFIER	upstream_gene_variant	transcript	TRANSCRIPT_gene-GU280_gp06	protein_coding	-1	c.-3244_-3243insT	.	-1	-1	-1	-1	-1	-1	3243	upstream_gene_variant	NONE	c.-3244_-3243insT	.	-1
NC_045512.2	23958	G	GT	ORF7a	gene-GU280_gp07	MODIFIER	upstream_gene_variant	transcript	TRANSCRIPT_gene-GU280_gp07	protein_coding	-1	c.-3436_-3435insT	.	-1	-1	-1	-1	-1	-1	3435	upstream_gene_variant	NONE	c.-3436_-3435insT	.	-1
NC_045512.2	23958	G	GT	ORF7b	gene-GU280_gp08	MODIFIER	upstream_gene_variant	transcript	TRANSCRIPT_gene-GU280_gp08	protein_coding	-1	c.-3798_-3797insT	.	-1	-1	-1	-1	-1	-1	3797	upstream_gene_variant	NONE	c.-3798_-3797insT	.	-1
NC_045512.2	23958	G	GT	ORF8	gene-GU280_gp09	MODIFIER	upstream_gene_variant	transcript	TRANSCRIPT_gene-GU280_gp09	protein_coding	-1	c.-3936_-3935insT	.	-1	-1	-1	-1	-1	-1	3935	upstream_gene_variant	NONE	c.-3936_-3935insT	.	-1
NC_045512.2	23958	G	GT	N	gene-GU280_gp10	MODIFIER	upstream_gene_variant	transcript	TRANSCRIPT_gene-GU280_gp10	protein_coding	-1	c.-4316_-4315insT	.	-1	-1	-1	-1	-1	-1	4315	upstream_gene_variant	NONE	c.-4316_-4315insT	.	-1
NC_045512.2	23958	G	GT	ORF1ab	gene-GU280_gp01	MODIFIER	downstream_gene_variant	transcript	TRANSCRIPT_gene-GU280_gp01	protein_coding	-1	c.*2403_*2404insT	.	-1	-1	-1	-1	-1	-1	2404	downstream_gene_variant	NONE	c.*2403_*2404insT	.	-1
NC_045512.2	25517	C	G	ORF3a	gene-GU280_gp03	MODERATE	missense_variant	transcript	TRANSCRIPT_gene-GU280_gp03	protein_coding	1	c.125C>G	p.Pro42Arg	125	828	125	828	42	275	0	missense_variant	NONE	c.125C>G	p.Pro42Arg	275
NC_045512.2	25517	C	G	E	gene-GU280_gp04	MODIFIER	upstream_gene_variant	transcript	TRANSCRIPT_gene-GU280_gp04	protein_coding	-1	c.-728C>G	.	-1	-1	-1	-1	-1	-1	728	upstream_gene_variant	NONE	c.-728C>G	.	-1
NC_045512.2	25517	C	G	M	gene-GU280_gp05	MODIFIER	upstream_gene_variant	transcript	TRANSCRIPT_gene-GU280_gp05	protein_coding	-1	c.-1006C>G	.	-1	-1	-1	-1	-1	-1	1006	upstream_gene_variant	NONE	c.-1006C>G	.	-1
NC_045512.2	25517	C	G	ORF6	gene-GU280_gp06	MODIFIER	upstream_gene_variant	transcript	TRANSCRIPT_gene-GU280_gp06	protein_coding	-1	c.-1685C>G	.	-1	-1	-1	-1	-1	-1	1685	upstream_gene_variant	NONE	c.-1685C>G	.	-1
NC_045512.2	25517	C	G	ORF7a	gene-GU280_gp07	MODIFIER	upstream_gene_variant	transcript	TRANSCRIPT_gene-GU280_gp07	protein_coding	-1	c.-1877C>G	.	-1	-1	-1	-1	-1	-1	1877	upstream_gene_variant	NONE	c.-1877C>G	.	-1
NC_045512.2	25517	C	G	ORF7b	gene-GU280_gp08	MODIFIER	upstream_gene_variant	transcript	TRANSCRIPT_gene-GU280_gp08	protein_coding	-1	c.-2239C>G	.	-1	-1	-1	-1	-1	-1	2239	upstream_gene_variant	NONE	c.-2239C>G	.	-1
NC_045512.2	25517	C	G	ORF8	gene-GU280_gp09	MODIFIER	upstream_gene_variant	transcript	TRANSCRIPT_gene-GU280_gp09	protein_coding	-1	c.-2377C>G	.	-1	-1	-1	-1	-1	-1	2377	upstream_gene_variant	NONE	c.-2377C>G	.	-1
NC_045512.2	25517	C	G	N	gene-GU280_gp10	MODIFIER	upstream_gene_variant	transcript	TRANSCRIPT_gene-GU280_gp10	protein_coding	-1	c.-2757C>G	.	-1	-1	-1	-1	-1	-1	2757	upstream_gene_variant	NONE	c.-2757C>G	.	-1
NC_045512.2	25517	C	G	ORF10	gene-GU280_gp11	MODIFIER	upstream_gene_variant	transcript	TRANSCRIPT_gene-GU280_gp11	protein_coding	-1	c.-4041C>G	.	-1	-1	-1	-1	-1	-1	4041	upstream_gene_variant	NONE	c.-4041C>G	.	-1
NC_045512.2	25517	C	G	ORF1ab	gene-GU280_gp01	MODIFIER	downstream_gene_variant	transcript	TRANSCRIPT_gene-GU280_gp01	protein_coding	-1	c.*3962C>G	.	-1	-1	-1	-1	-1	-1	3962	downstream_gene_variant	NONE	c.*3962C>G	.	-1
NC_045512.2	25517	C	G	S	gene-GU280_gp02	MODIFIER	downstream_gene_variant	transcript	TRANSCRIPT_gene-GU280_gp02	protein_coding	-1	c.*133C>G	.	-1	-1	-1	-1	-1	-1	133	downstream_gene_variant	NONE	c.*133C>G	.	-1
NC_045512.2	25563	G	T	ORF3a	gene-GU280_gp03	MODERATE	missense_variant	transcript	TRANSCRIPT_gene-GU280_gp03	protein_coding	1	c.171G>T	p.Gln57His	171	828	171	828	57	275	0	missense_variant	NONE	c.171G>T	p.Gln57His	275
NC_045512.2	25563	G	T	E	gene-GU280_gp04	MODIFIER	upstream_gene_variant	transcript	TRANSCRIPT_gene-GU280_gp04	protein_coding	-1	c.-682G>T	.	-1	-1	-1	-1	-1	-1	682	upstream_gene_variant	NONE	c.-682G>T	.	-1
NC_045512.2	25563	G	T	M	gene-GU280_gp05	MODIFIER	upstream_gene_variant	transcript	TRANSCRIPT_gene-GU280_gp05	protein_coding	-1	c.-960G>T	.	-1	-1	-1	-1	-1	-1	960	upstream_gene_variant	NONE	c.-960G>T	.	-1
NC_045512.2	25563	G	T	ORF6	gene-GU280_gp06	MODIFIER	upstream_gene_variant	transcript	TRANSCRIPT_gene-GU280_gp06	protein_coding	-1	c.-1639G>T	.	-1	-1	-1	-1	-1	-1	1639	upstream_gene_variant	NONE	c.-1639G>T	.	-1
NC_045512.2	25563	G	T	ORF7a	gene-GU280_gp07	MODIFIER	upstream_gene_variant	transcript	TRANSCRIPT_gene-GU280_gp07	protein_coding	-1	c.-1831G>T	.	-1	-1	-1	-1	-1	-1	1831	upstream_gene_variant	NONE	c.-1831G>T	.	-1
NC_045512.2	25563	G	T	ORF7b	gene-GU280_gp08	MODIFIER	upstream_gene_variant	transcript	TRANSCRIPT_gene-GU280_gp08	protein_coding	-1	c.-2193G>T	.	-1	-1	-1	-1	-1	-1	2193	upstream_gene_variant	NONE	c.-2193G>T	.	-1
NC_045512.2	25563	G	T	ORF8	gene-GU280_gp09	MODIFIER	upstream_gene_variant	transcript	TRANSCRIPT_gene-GU280_gp09	protein_coding	-1	c.-2331G>T	.	-1	-1	-1	-1	-1	-1	2331	upstream_gene_variant	NONE	c.-2331G>T	.	-1
NC_045512.2	25563	G	T	N	gene-GU280_gp10	MODIFIER	upstream_gene_variant	transcript	TRANSCRIPT_gene-GU280_gp10	protein_coding	-1	c.-2711G>T	.	-1	-1	-1	-1	-1	-1	2711	upstream_gene_variant	NONE	c.-2711G>T	.	-1
NC_045512.2	25563	G	T	ORF10	gene-GU280_gp11	MODIFIER	upstream_gene_variant	transcript	TRANSCRIPT_gene-GU280_gp11	protein_coding	-1	c.-3995G>T	.	-1	-1	-1	-1	-1	-1	3995	upstream_gene_variant	NONE	c.-3995G>T	.	-1
NC_045512.2	25563	G	T	ORF1ab	gene-GU280_gp01	MODIFIER	downstream_gene_variant	transcript	TRANSCRIPT_gene-GU280_gp01	protein_coding	-1	c.*4008G>T	.	-1	-1	-1	-1	-1	-1	4008	downstream_gene_variant	NONE	c.*4008G>T	.	-1
NC_045512.2	25563	G	T	S	gene-GU280_gp02	MODIFIER	downstream_gene_variant	transcript	TRANSCRIPT_gene-GU280_gp02	protein_coding	-1	c.*179G>T	.	-1	-1	-1	-1	-1	-1	179	downstream_gene_variant	NONE	c.*179G>T	.	-1
NC_045512.2	25674	T	C	ORF3a	gene-GU280_gp03	LOW	synonymous_variant	transcript	TRANSCRIPT_gene-GU280_gp03	protein_coding	1	c.282T>C	p.Leu94Leu	282	828	282	828	94	275	0	synonymous_variant	NONE	c.282T>C	p.Leu94Leu	275
NC_045512.2	25674	T	C	E	gene-GU280_gp04	MODIFIER	upstream_gene_variant	transcript	TRANSCRIPT_gene-GU280_gp04	protein_coding	-1	c.-571T>C	.	-1	-1	-1	-1	-1	-1	571	upstream_gene_variant	NONE	c.-571T>C	.	-1
NC_045512.2	25674	T	C	M	gene-GU280_gp05	MODIFIER	upstream_gene_variant	transcript	TRANSCRIPT_gene-GU280_gp05	protein_coding	-1	c.-849T>C	.	-1	-1	-1	-1	-1	-1	849	upstream_gene_variant	NONE	c.-849T>C	.	-1
NC_045512.2	25674	T	C	ORF6	gene-GU280_gp06	MODIFIER	upstream_gene_variant	transcript	TRANSCRIPT_gene-GU280_gp06	protein_coding	-1	c.-1528T>C	.	-1	-1	-1	-1	-1	-1	1528	upstream_gene_variant	NONE	c.-1528T>C	.	-1
NC_045512.2	25674	T	C	ORF7a	gene-GU280_gp07	MODIFIER	upstream_gene_variant	transcript	TRANSCRIPT_gene-GU280_gp07	protein_coding	-1	c.-1720T>C	.	-1	-1	-1	-1	-1	-1	1720	upstream_gene_variant	NONE	c.-1720T>C	.	-1
NC_045512.2	25674	T	C	ORF7b	gene-GU280_gp08	MODIFIER	upstream_gene_variant	transcript	TRANSCRIPT_gene-GU280_gp08	protein_coding	-1	c.-2082T>C	.	-1	-1	-1	-1	-1	-1	2082	upstream_gene_variant	NONE	c.-2082T>C	.	-1
NC_045512.2	25674	T	C	ORF8	gene-GU280_gp09	MODIFIER	upstream_gene_variant	transcript	TRANSCRIPT_gene-GU280_gp09	protein_coding	-1	c.-2220T>C	.	-1	-1	-1	-1	-1	-1	2220	upstream_gene_variant	NONE	c.-2220T>C	.	-1
NC_045512.2	25674	T	C	N	gene-GU280_gp10	MODIFIER	upstream_gene_variant	transcript	TRANSCRIPT_gene-GU280_gp10	protein_coding	-1	c.-2600T>C	.	-1	-1	-1	-1	-1	-1	2600	upstream_gene_variant	NONE	c.-2600T>C	.	-1
NC_045512.2	25674	T	C	ORF10	gene-GU280_gp11	MODIFIER	upstream_gene_variant	transcript	TRANSCRIPT_gene-GU280_gp11	protein_coding	-1	c.-3884T>C	.	-1	-1	-1	-1	-1	-1	3884	upstream_gene_variant	NONE	c.-3884T>C	.	-1
NC_045512.2	25674	T	C	ORF1ab	gene-GU280_gp01	MODIFIER	downstream_gene_variant	transcript	TRANSCRIPT_gene-GU280_gp01	protein_coding	-1	c.*4119T>C	.	-1	-1	-1	-1	-1	-1	4119	downstream_gene_variant	NONE	c.*4119T>C	.	-1
NC_045512.2	25674	T	C	S	gene-GU280_gp02	MODIFIER	downstream_gene_variant	transcript	TRANSCRIPT_gene-GU280_gp02	protein_coding	-1	c.*290T>C	.	-1	-1	-1	-1	-1	-1	290	downstream_gene_variant	NONE	c.*290T>C	.	-1
NC_045512.2	25907	G	T	ORF3a	gene-GU280_gp03	MODERATE	missense_variant	transcript	TRANSCRIPT_gene-GU280_gp03	protein_coding	1	c.515G>T	p.Gly172Val	515	828	515	828	172	275	0	missense_variant	NONE	c.515G>T	p.Gly172Val	275
NC_045512.2	25907	G	T	E	gene-GU280_gp04	MODIFIER	upstream_gene_variant	transcript	TRANSCRIPT_gene-GU280_gp04	protein_coding	-1	c.-338G>T	.	-1	-1	-1	-1	-1	-1	338	upstream_gene_variant	NONE	c.-338G>T	.	-1
NC_045512.2	25907	G	T	M	gene-GU280_gp05	MODIFIER	upstream_gene_variant	transcript	TRANSCRIPT_gene-GU280_gp05	protein_coding	-1	c.-616G>T	.	-1	-1	-1	-1	-1	-1	616	upstream_gene_variant	NONE	c.-616G>T	.	-1
NC_045512.2	25907	G	T	ORF6	gene-GU280_gp06	MODIFIER	upstream_gene_variant	transcript	TRANSCRIPT_gene-GU280_gp06	protein_coding	-1	c.-1295G>T	.	-1	-1	-1	-1	-1	-1	1295	upstream_gene_variant	NONE	c.-1295G>T	.	-1
NC_045512.2	25907	G	T	ORF7a	gene-GU280_gp07	MODIFIER	upstream_gene_variant	transcript	TRANSCRIPT_gene-GU280_gp07	protein_coding	-1	c.-1487G>T	.	-1	-1	-1	-1	-1	-1	1487	upstream_gene_variant	NONE	c.-1487G>T	.	-1
NC_045512.2	25907	G	T	ORF7b	gene-GU280_gp08	MODIFIER	upstream_gene_variant	transcript	TRANSCRIPT_gene-GU280_gp08	protein_coding	-1	c.-1849G>T	.	-1	-1	-1	-1	-1	-1	1849	upstream_gene_variant	NONE	c.-1849G>T	.	-1
NC_045512.2	25907	G	T	ORF8	gene-GU280_gp09	MODIFIER	upstream_gene_variant	transcript	TRANSCRIPT_gene-GU280_gp09	protein_coding	-1	c.-1987G>T	.	-1	-1	-1	-1	-1	-1	1987	upstream_gene_variant	NONE	c.-1987G>T	.	-1
NC_045512.2	25907	G	T	N	gene-GU280_gp10	MODIFIER	upstream_gene_variant	transcript	TRANSCRIPT_gene-GU280_gp10	protein_coding	-1	c.-2367G>T	.	-1	-1	-1	-1	-1	-1	2367	upstream_gene_variant	NONE	c.-2367G>T	.	-1
NC_045512.2	25907	G	T	ORF10	gene-GU280_gp11	MODIFIER	upstream_gene_variant	transcript	TRANSCRIPT_gene-GU280_gp11	protein_coding	-1	c.-3651G>T	.	-1	-1	-1	-1	-1	-1	3651	upstream_gene_variant	NONE	c.-3651G>T	.	-1
NC_045512.2	25907	G	T	ORF1ab	gene-GU280_gp01	MODIFIER	downstream_gene_variant	transcript	TRANSCRIPT_gene-GU280_gp01	protein_coding	-1	c.*4352G>T	.	-1	-1	-1	-1	-1	-1	4352	downstream_gene_variant	NONE	c.*4352G>T	.	-1
NC_045512.2	25907	G	T	S	gene-GU280_gp02	MODIFIER	downstream_gene_variant	transcript	TRANSCRIPT_gene-GU280_gp02	protein_coding	-1	c.*523G>T	.	-1	-1	-1	-1	-1	-1	523	downstream_gene_variant	NONE	c.*523G>T	.	-1
NC_045512.2	26408	CT	C	E	gene-GU280_gp04	HIGH	frameshift_variant	transcript	TRANSCRIPT_gene-GU280_gp04	protein_coding	1	c.169delT	p.Tyr57fs	169	228	169	228	57	75	0	frameshift_variant	NONE	c.169delT	p.Tyr57fs	75
NC_045512.2	26408	CT	C	M	gene-GU280_gp05	MODIFIER	upstream_gene_variant	transcript	TRANSCRIPT_gene-GU280_gp05	protein_coding	-1	c.-114delT	.	-1	-1	-1	-1	-1	-1	114	upstream_gene_variant	NONE	c.-114delT	.	-1
NC_045512.2	26408	CT	C	ORF6	gene-GU280_gp06	MODIFIER	upstream_gene_variant	transcript	TRANSCRIPT_gene-GU280_gp06	protein_coding	-1	c.-793delT	.	-1	-1	-1	-1	-1	-1	793	upstream_gene_variant	NONE	c.-793delT	.	-1
NC_045512.2	26408	CT	C	ORF7a	gene-GU280_gp07	MODIFIER	upstream_gene_variant	transcript	TRANSCRIPT_gene-GU280_gp07	protein_coding	-1	c.-985delT	.	-1	-1	-1	-1	-1	-1	985	upstream_gene_variant	NONE	c.-985delT	.	-1
NC_045512.2	26408	CT	C	ORF7b	gene-GU280_gp08	MODIFIER	upstream_gene_variant	transcript	TRANSCRIPT_gene-GU280_gp08	protein_coding	-1	c.-1347delT	.	-1	-1	-1	-1	-1	-1	1347	upstream_gene_variant	NONE	c.-1347delT	.	-1
NC_045512.2	26408	CT	C	ORF8	gene-GU280_gp09	MODIFIER	upstream_gene_variant	transcript	TRANSCRIPT_gene-GU280_gp09	protein_coding	-1	c.-1485delT	.	-1	-1	-1	-1	-1	-1	1485	upstream_gene_variant	NONE	c.-1485delT	.	-1
NC_045512.2	26408	CT	C	N	gene-GU280_gp10	MODIFIER	upstream_gene_variant	transcript	TRANSCRIPT_gene-GU280_gp10	protein_coding	-1	c.-1865delT	.	-1	-1	-1	-1	-1	-1	1865	upstream_gene_variant	NONE	c.-1865delT	.	-1
NC_045512.2	26408	CT	C	ORF10	gene-GU280_gp11	MODIFIER	upstream_gene_variant	transcript	TRANSCRIPT_gene-GU280_gp11	protein_coding	-1	c.-3149delT	.	-1	-1	-1	-1	-1	-1	3149	upstream_gene_variant	NONE	c.-3149delT	.	-1
NC_045512.2	26408	CT	C	ORF1ab	gene-GU280_gp01	MODIFIER	downstream_gene_variant	transcript	TRANSCRIPT_gene-GU280_gp01	protein_coding	-1	c.*4854delT	.	-1	-1	-1	-1	-1	-1	4854	downstream_gene_variant	NONE	c.*4854delT	.	-1
NC_045512.2	26408	CT	C	S	gene-GU280_gp02	MODIFIER	downstream_gene_variant	transcript	TRANSCRIPT_gene-GU280_gp02	protein_coding	-1	c.*1025delT	.	-1	-1	-1	-1	-1	-1	1025	downstream_gene_variant	NONE	c.*1025delT	.	-1
NC_045512.2	26408	CT	C	ORF3a	gene-GU280_gp03	MODIFIER	downstream_gene_variant	transcript	TRANSCRIPT_gene-GU280_gp03	protein_coding	-1	c.*189delT	.	-1	-1	-1	-1	-1	-1	189	downstream_gene_variant	NONE	c.*189delT	.	-1
NC_045512.2	26654	G	GT	M	gene-GU280_gp05	HIGH	frameshift_variant	transcript	TRANSCRIPT_gene-GU280_gp05	protein_coding	1	c.137dupT	p.Leu46fs	138	669	138	669	46	222	0	frameshift_variant	NONE	c.137dupT	p.Leu46fs	222
NC_045512.2	26654	G	GT	ORF6	gene-GU280_gp06	MODIFIER	upstream_gene_variant	transcript	TRANSCRIPT_gene-GU280_gp06	protein_coding	-1	c.-548_-547insT	.	-1	-1	-1	-1	-1	-1	547	upstream_gene_variant	NONE	c.-548_-547insT	.	-1
NC_045512.2	26654	G	GT	ORF7a	gene-GU280_gp07	MODIFIER	upstream_gene_variant	transcript	TRANSCRIPT_gene-GU280_gp07	protein_coding	-1	c.-740_-739insT	.	-1	-1	-1	-1	-1	-1	739	upstream_gene_variant	NONE	c.-740_-739insT	.	-1
NC_045512.2	26654	G	GT	ORF7b	gene-GU280_gp08	MODIFIER	upstream_gene_variant	transcript	TRANSCRIPT_gene-GU280_gp08	protein_coding	-1	c.-1102_-1101insT	.	-1	-1	-1	-1	-1	-1	1101	upstream_gene_variant	NONE	c.-1102_-1101insT	.	-1
NC_045512.2	26654	G	GT	ORF8	gene-GU280_gp09	MODIFIER	upstream_gene_variant	transcript	TRANSCRIPT_gene-GU280_gp09	protein_coding	-1	c.-1240_-1239insT	.	-1	-1	-1	-1	-1	-1	1239	upstream_gene_variant	NONE	c.-1240_-1239insT	.	-1
NC_045512.2	26654	G	GT	N	gene-GU280_gp10	MODIFIER	upstream_gene_variant	transcript	TRANSCRIPT_gene-GU280_gp10	protein_coding	-1	c.-1620_-1619insT	.	-1	-1	-1	-1	-1	-1	1619	upstream_gene_variant	NONE	c.-1620_-1619insT	.	-1
NC_045512.2	26654	G	GT	ORF10	gene-GU280_gp11	MODIFIER	upstream_gene_variant	transcript	TRANSCRIPT_gene-GU280_gp11	protein_coding	-1	c.-2904_-2903insT	.	-1	-1	-1	-1	-1	-1	2903	upstream_gene_variant	NONE	c.-2904_-2903insT	.	-1
NC_045512.2	26654	G	GT	S	gene-GU280_gp02	MODIFIER	downstream_gene_variant	transcript	TRANSCRIPT_gene-GU280_gp02	protein_coding	-1	c.*1270_*1271insT	.	-1	-1	-1	-1	-1	-1	1271	downstream_gene_variant	NONE	c.*1270_*1271insT	.	-1
NC_045512.2	26654	G	GT	ORF3a	gene-GU280_gp03	MODIFIER	downstream_gene_variant	transcript	TRANSCRIPT_gene-GU280_gp03	protein_coding	-1	c.*434_*435insT	.	-1	-1	-1	-1	-1	-1	435	downstream_gene_variant	NONE	c.*434_*435insT	.	-1
NC_045512.2	26654	G	GT	E	gene-GU280_gp04	MODIFIER	downstream_gene_variant	transcript	TRANSCRIPT_gene-GU280_gp04	protein_coding	-1	c.*182_*183insT	.	-1	-1	-1	-1	-1	-1	183	downstream_gene_variant	NONE	c.*182_*183insT	.	-1
NC_045512.2	27264	T	C	ORF6	gene-GU280_gp06	LOW	synonymous_variant	transcript	TRANSCRIPT_gene-GU280_gp06	protein_coding	1	c.63T>C	p.Thr21Thr	63	186	63	186	21	61	0	synonymous_variant	NONE	c.63T>C	p.Thr21Thr	61
NC_045512.2	27264	T	C	ORF7a	gene-GU280_gp07	MODIFIER	upstream_gene_variant	transcript	TRANSCRIPT_gene-GU280_gp07	protein_coding	-1	c.-130T>C	.	-1	-1	-1	-1	-1	-1	130	upstream_gene_variant	NONE	c.-130T>C	.	-1
NC_045512.2	27264	T	C	ORF7b	gene-GU280_gp08	MODIFIER	upstream_gene_variant	transcript	TRANSCRIPT_gene-GU280_gp08	protein_coding	-1	c.-492T>C	.	-1	-1	-1	-1	-1	-1	492	upstream_gene_variant	NONE	c.-492T>C	.	-1
NC_045512.2	27264	T	C	ORF8	gene-GU280_gp09	MODIFIER	upstream_gene_variant	transcript	TRANSCRIPT_gene-GU280_gp09	protein_coding	-1	c.-630T>C	.	-1	-1	-1	-1	-1	-1	630	upstream_gene_variant	NONE	c.-630T>C	.	-1
NC_045512.2	27264	T	C	N	gene-GU280_gp10	MODIFIER	upstream_gene_variant	transcript	TRANSCRIPT_gene-GU280_gp10	protein_coding	-1	c.-1010T>C	.	-1	-1	-1	-1	-1	-1	1010	upstream_gene_variant	NONE	c.-1010T>C	.	-1
NC_045512.2	27264	T	C	ORF10	gene-GU280_gp11	MODIFIER	upstream_gene_variant	transcript	TRANSCRIPT_gene-GU280_gp11	protein_coding	-1	c.-2294T>C	.	-1	-1	-1	-1	-1	-1	2294	upstream_gene_variant	NONE	c.-2294T>C	.	-1
NC_045512.2	27264	T	C	S	gene-GU280_gp02	MODIFIER	downstream_gene_variant	transcript	TRANSCRIPT_gene-GU280_gp02	protein_coding	-1	c.*1880T>C	.	-1	-1	-1	-1	-1	-1	1880	downstream_gene_variant	NONE	c.*1880T>C	.	-1
NC_045512.2	27264	T	C	ORF3a	gene-GU280_gp03	MODIFIER	downstream_gene_variant	transcript	TRANSCRIPT_gene-GU280_gp03	protein_coding	-1	c.*1044T>C	.	-1	-1	-1	-1	-1	-1	1044	downstream_gene_variant	NONE	c.*1044T>C	.	-1
NC_045512.2	27264	T	C	E	gene-GU280_gp04	MODIFIER	downstream_gene_variant	transcript	TRANSCRIPT_gene-GU280_gp04	protein_coding	-1	c.*792T>C	.	-1	-1	-1	-1	-1	-1	792	downstream_gene_variant	NONE	c.*792T>C	.	-1
NC_045512.2	27264	T	C	M	gene-GU280_gp05	MODIFIER	downstream_gene_variant	transcript	TRANSCRIPT_gene-GU280_gp05	protein_coding	-1	c.*73T>C	.	-1	-1	-1	-1	-1	-1	73	downstream_gene_variant	NONE	c.*73T>C	.	-1
NC_045512.2	27964	C	T	ORF8	gene-GU280_gp09	MODERATE	missense_variant	transcript	TRANSCRIPT_gene-GU280_gp09	protein_coding	1	c.71C>T	p.Ser24Leu	71	366	71	366	24	121	0	missense_variant	NONE	c.71C>T	p.Ser24Leu	121
NC_045512.2	27964	C	T	N	gene-GU280_gp10	MODIFIER	upstream_gene_variant	transcript	TRANSCRIPT_gene-GU280_gp10	protein_coding	-1	c.-310C>T	.	-1	-1	-1	-1	-1	-1	310	upstream_gene_variant	NONE	c.-310C>T	.	-1
NC_045512.2	27964	C	T	ORF10	gene-GU280_gp11	MODIFIER	upstream_gene_variant	transcript	TRANSCRIPT_gene-GU280_gp11	protein_coding	-1	c.-1594C>T	.	-1	-1	-1	-1	-1	-1	1594	upstream_gene_variant	NONE	c.-1594C>T	.	-1
NC_045512.2	27964	C	T	S	gene-GU280_gp02	MODIFIER	downstream_gene_variant	transcript	TRANSCRIPT_gene-GU280_gp02	protein_coding	-1	c.*2580C>T	.	-1	-1	-1	-1	-1	-1	2580	downstream_gene_variant	NONE	c.*2580C>T	.	-1
NC_045512.2	27964	C	T	ORF3a	gene-GU280_gp03	MODIFIER	downstream_gene_variant	transcript	TRANSCRIPT_gene-GU280_gp03	protein_coding	-1	c.*1744C>T	.	-1	-1	-1	-1	-1	-1	1744	downstream_gene_variant	NONE	c.*1744C>T	.	-1
NC_045512.2	27964	C	T	E	gene-GU280_gp04	MODIFIER	downstream_gene_variant	transcript	TRANSCRIPT_gene-GU280_gp04	protein_coding	-1	c.*1492C>T	.	-1	-1	-1	-1	-1	-1	1492	downstream_gene_variant	NONE	c.*1492C>T	.	-1
NC_045512.2	27964	C	T	M	gene-GU280_gp05	MODIFIER	downstream_gene_variant	transcript	TRANSCRIPT_gene-GU280_gp05	protein_coding	-1	c.*773C>T	.	-1	-1	-1	-1	-1	-1	773	downstream_gene_variant	NONE	c.*773C>T	.	-1
NC_045512.2	27964	C	T	ORF6	gene-GU280_gp06	MODIFIER	downstream_gene_variant	transcript	TRANSCRIPT_gene-GU280_gp06	protein_coding	-1	c.*577C>T	.	-1	-1	-1	-1	-1	-1	577	downstream_gene_variant	NONE	c.*577C>T	.	-1
NC_045512.2	27964	C	T	ORF7a	gene-GU280_gp07	MODIFIER	downstream_gene_variant	transcript	TRANSCRIPT_gene-GU280_gp07	protein_coding	-1	c.*205C>T	.	-1	-1	-1	-1	-1	-1	205	downstream_gene_variant	NONE	c.*205C>T	.	-1
NC_045512.2	27964	C	T	ORF7b	gene-GU280_gp08	MODIFIER	downstream_gene_variant	transcript	TRANSCRIPT_gene-GU280_gp08	protein_coding	-1	c.*77C>T	.	-1	-1	-1	-1	-1	-1	77	downstream_gene_variant	NONE	c.*77C>T	.	-1
NC_045512.2	28329	G	T	N	gene-GU280_gp10	MODERATE	missense_variant	transcript	TRANSCRIPT_gene-GU280_gp10	protein_coding	1	c.56G>T	p.Gly19Val	56	1260	56	1260	19	419	0	missense_variant	NONE	c.56G>T	p.Gly19Val	419
NC_045512.2	28329	G	T	ORF10	gene-GU280_gp11	MODIFIER	upstream_gene_variant	transcript	TRANSCRIPT_gene-GU280_gp11	protein_coding	-1	c.-1229G>T	.	-1	-1	-1	-1	-1	-1	1229	upstream_gene_variant	NONE	c.-1229G>T	.	-1
NC_045512.2	28329	G	T	S	gene-GU280_gp02	MODIFIER	downstream_gene_variant	transcript	TRANSCRIPT_gene-GU280_gp02	protein_coding	-1	c.*2945G>T	.	-1	-1	-1	-1	-1	-1	2945	downstream_gene_variant	NONE	c.*2945G>T	.	-1
NC_045512.2	28329	G	T	ORF3a	gene-GU280_gp03	MODIFIER	downstream_gene_variant	transcript	TRANSCRIPT_gene-GU280_gp03	protein_coding	-1	c.*2109G>T	.	-1	-1	-1	-1	-1	-1	2109	downstream_gene_variant	NONE	c.*2109G>T	.	-1
NC_045512.2	28329	G	T	E	gene-GU280_gp04	MODIFIER	downstream_gene_variant	transcript	TRANSCRIPT_gene-GU280_gp04	protein_coding	-1	c.*1857G>T	.	-1	-1	-1	-1	-1	-1	1857	downstream_gene_variant	NONE	c.*1857G>T	.	-1
NC_045512.2	28329	G	T	M	gene-GU280_gp05	MODIFIER	downstream_gene_variant	transcript	TRANSCRIPT_gene-GU280_gp05	protein_coding	-1	c.*1138G>T	.	-1	-1	-1	-1	-1	-1	1138	downstream_gene_variant	NONE	c.*1138G>T	.	-1
NC_045512.2	28329	G	T	ORF6	gene-GU280_gp06	MODIFIER	downstream_gene_variant	transcript	TRANSCRIPT_gene-GU280_gp06	protein_coding	-1	c.*942G>T	.	-1	-1	-1	-1	-1	-1	942	downstream_gene_variant	NONE	c.*942G>T	.	-1
NC_045512.2	28329	G	T	ORF7a	gene-GU280_gp07	MODIFIER	downstream_gene_variant	transcript	TRANSCRIPT_gene-GU280_gp07	protein_coding	-1	c.*570G>T	.	-1	-1	-1	-1	-1	-1	570	downstream_gene_variant	NONE	c.*570G>T	.	-1
NC_045512.2	28329	G	T	ORF7b	gene-GU280_gp08	MODIFIER	downstream_gene_variant	transcript	TRANSCRIPT_gene-GU280_gp08	protein_coding	-1	c.*442G>T	.	-1	-1	-1	-1	-1	-1	442	downstream_gene_variant	NONE	c.*442G>T	.	-1
NC_045512.2	28329	G	T	ORF8	gene-GU280_gp09	MODIFIER	downstream_gene_variant	transcript	TRANSCRIPT_gene-GU280_gp09	protein_coding	-1	c.*70G>T	.	-1	-1	-1	-1	-1	-1	70	downstream_gene_variant	NONE	c.*70G>T	.	-1
NC_045512.2	28472	C	T	N	gene-GU280_gp10	MODERATE	missense_variant	transcript	TRANSCRIPT_gene-GU280_gp10	protein_coding	1	c.199C>T	p.Pro67Ser	199	1260	199	1260	67	419	0	missense_variant	NONE	c.199C>T	p.Pro67Ser	419
NC_045512.2	28472	C	T	ORF10	gene-GU280_gp11	MODIFIER	upstream_gene_variant	transcript	TRANSCRIPT_gene-GU280_gp11	protein_coding	-1	c.-1086C>T	.	-1	-1	-1	-1	-1	-1	1086	upstream_gene_variant	NONE	c.-1086C>T	.	-1
NC_045512.2	28472	C	T	S	gene-GU280_gp02	MODIFIER	downstream_gene_variant	transcript	TRANSCRIPT_gene-GU280_gp02	protein_coding	-1	c.*3088C>T	.	-1	-1	-1	-1	-1	-1	3088	downstream_gene_variant	NONE	c.*3088C>T	.	-1
NC_045512.2	28472	C	T	ORF3a	gene-GU280_gp03	MODIFIER	downstream_gene_variant	transcript	TRANSCRIPT_gene-GU280_gp03	protein_coding	-1	c.*2252C>T	.	-1	-1	-1	-1	-1	-1	2252	downstream_gene_variant	NONE	c.*2252C>T	.	-1
NC_045512.2	28472	C	T	E	gene-GU280_gp04	MODIFIER	downstream_gene_variant	transcript	TRANSCRIPT_gene-GU280_gp04	protein_coding	-1	c.*2000C>T	.	-1	-1	-1	-1	-1	-1	2000	downstream_gene_variant	NONE	c.*2000C>T	.	-1
NC_045512.2	28472	C	T	M	gene-GU280_gp05	MODIFIER	downstream_gene_variant	transcript	TRANSCRIPT_gene-GU280_gp05	protein_coding	-1	c.*1281C>T	.	-1	-1	-1	-1	-1	-1	1281	downstream_gene_variant	NONE	c.*1281C>T	.	-1
NC_045512.2	28472	C	T	ORF6	gene-GU280_gp06	MODIFIER	downstream_gene_variant	transcript	TRANSCRIPT_gene-GU280_gp06	protein_coding	-1	c.*1085C>T	.	-1	-1	-1	-1	-1	-1	1085	downstream_gene_variant	NONE	c.*1085C>T	.	-1
NC_045512.2	28472	C	T	ORF7a	gene-GU280_gp07	MODIFIER	downstream_gene_variant	transcript	TRANSCRIPT_gene-GU280_gp07	protein_coding	-1	c.*713C>T	.	-1	-1	-1	-1	-1	-1	713	downstream_gene_variant	NONE	c.*713C>T	.	-1
NC_045512.2	28472	C	T	ORF7b	gene-GU280_gp08	MODIFIER	downstream_gene_variant	transcript	TRANSCRIPT_gene-GU280_gp08	protein_coding	-1	c.*585C>T	.	-1	-1	-1	-1	-1	-1	585	downstream_gene_variant	NONE	c.*585C>T	.	-1
NC_045512.2	28472	C	T	ORF8	gene-GU280_gp09	MODIFIER	downstream_gene_variant	transcript	TRANSCRIPT_gene-GU280_gp09	protein_coding	-1	c.*213C>T	.	-1	-1	-1	-1	-1	-1	213	downstream_gene_variant	NONE	c.*213C>T	.	-1
NC_045512.2	28869	C	T	N	gene-GU280_gp10	MODERATE	missense_variant	transcript	TRANSCRIPT_gene-GU280_gp10	protein_coding	1	c.596C>T	p.Pro199Leu	596	1260	596	1260	199	419	0	missense_variant	NONE	c.596C>T	p.Pro199Leu	419
NC_045512.2	28869	C	T	ORF10	gene-GU280_gp11	MODIFIER	upstream_gene_variant	transcript	TRANSCRIPT_gene-GU280_gp11	protein_coding	-1	c.-689C>T	.	-1	-1	-1	-1	-1	-1	689	upstream_gene_variant	NONE	c.-689C>T	.	-1
NC_045512.2	28869	C	T	S	gene-GU280_gp02	MODIFIER	downstream_gene_variant	transcript	TRANSCRIPT_gene-GU280_gp02	protein_coding	-1	c.*3485C>T	.	-1	-1	-1	-1	-1	-1	3485	downstream_gene_variant	NONE	c.*3485C>T	.	-1
NC_045512.2	28869	C	T	ORF3a	gene-GU280_gp03	MODIFIER	downstream_gene_variant	transcript	TRANSCRIPT_gene-GU280_gp03	protein_coding	-1	c.*2649C>T	.	-1	-1	-1	-1	-1	-1	2649	downstream_gene_variant	NONE	c.*2649C>T	.	-1
NC_045512.2	28869	C	T	E	gene-GU280_gp04	MODIFIER	downstream_gene_variant	transcript	TRANSCRIPT_gene-GU280_gp04	protein_coding	-1	c.*2397C>T	.	-1	-1	-1	-1	-1	-1	2397	downstream_gene_variant	NONE	c.*2397C>T	.	-1
NC_045512.2	28869	C	T	M	gene-GU280_gp05	MODIFIER	downstream_gene_variant	transcript	TRANSCRIPT_gene-GU280_gp05	protein_coding	-1	c.*1678C>T	.	-1	-1	-1	-1	-1	-1	1678	downstream_gene_variant	NONE	c.*1678C>T	.	-1
NC_045512.2	28869	C	T	ORF6	gene-GU280_gp06	MODIFIER	downstream_gene_variant	transcript	TRANSCRIPT_gene-GU280_gp06	protein_coding	-1	c.*1482C>T	.	-1	-1	-1	-1	-1	-1	1482	downstream_gene_variant	NONE	c.*1482C>T	.	-1
NC_045512.2	28869	C	T	ORF7a	gene-GU280_gp07	MODIFIER	downstream_gene_variant	transcript	TRANSCRIPT_gene-GU280_gp07	protein_coding	-1	c.*1110C>T	.	-1	-1	-1	-1	-1	-1	1110	downstream_gene_variant	NONE	c.*1110C>T	.	-1
NC_045512.2	28869	C	T	ORF7b	gene-GU280_gp08	MODIFIER	downstream_gene_variant	transcript	TRANSCRIPT_gene-GU280_gp08	protein_coding	-1	c.*982C>T	.	-1	-1	-1	-1	-1	-1	982	downstream_gene_variant	NONE	c.*982C>T	.	-1
NC_045512.2	28869	C	T	ORF8	gene-GU280_gp09	MODIFIER	downstream_gene_variant	transcript	TRANSCRIPT_gene-GU280_gp09	protein_coding	-1	c.*610C>T	.	-1	-1	-1	-1	-1	-1	610	downstream_gene_variant	NONE	c.*610C>T	.	-1
NC_045512.2	29051	C	CA	N	gene-GU280_gp10	HIGH	frameshift_variant	transcript	TRANSCRIPT_gene-GU280_gp10	protein_coding	1	c.783dupA	p.Arg262fs	784	1260	784	1260	262	419	0	frameshift_variant	NONE	c.783dupA	p.Arg262fs	419
NC_045512.2	29051	C	CA	ORF10	gene-GU280_gp11	MODIFIER	upstream_gene_variant	transcript	TRANSCRIPT_gene-GU280_gp11	protein_coding	-1	c.-507_-506insA	.	-1	-1	-1	-1	-1	-1	506	upstream_gene_variant	NONE	c.-507_-506insA	.	-1
NC_045512.2	29051	C	CA	S	gene-GU280_gp02	MODIFIER	downstream_gene_variant	transcript	TRANSCRIPT_gene-GU280_gp02	protein_coding	-1	c.*3667_*3668insA	.	-1	-1	-1	-1	-1	-1	3668	downstream_gene_variant	NONE	c.*3667_*3668insA	.	-1
NC_045512.2	29051	C	CA	ORF3a	gene-GU280_gp03	MODIFIER	downstream_gene_variant	transcript	TRANSCRIPT_gene-GU280_gp03	protein_coding	-1	c.*2831_*2832insA	.	-1	-1	-1	-1	-1	-1	2832	downstream_gene_variant	NONE	c.*2831_*2832insA	.	-1
NC_045512.2	29051	C	CA	E	gene-GU280_gp04	MODIFIER	downstream_gene_variant	transcript	TRANSCRIPT_gene-GU280_gp04	protein_coding	-1	c.*2579_*2580insA	.	-1	-1	-1	-1	-1	-1	2580	downstream_gene_variant	NONE	c.*2579_*2580insA	.	-1
NC_045512.2	29051	C	CA	M	gene-GU280_gp05	MODIFIER	downstream_gene_variant	transcript	TRANSCRIPT_gene-GU280_gp05	protein_coding	-1	c.*1860_*1861insA	.	-1	-1	-1	-1	-1	-1	1861	downstream_gene_variant	NONE	c.*1860_*1861insA	.	-1
NC_045512.2	29051	C	CA	ORF6	gene-GU280_gp06	MODIFIER	downstream_gene_variant	transcript	TRANSCRIPT_gene-GU280_gp06	protein_coding	-1	c.*1664_*1665insA	.	-1	-1	-1	-1	-1	-1	1665	downstream_gene_variant	NONE	c.*1664_*1665insA	.	-1
NC_045512.2	29051	C	CA	ORF7a	gene-GU280_gp07	MODIFIER	downstream_gene_variant	transcript	TRANSCRIPT_gene-GU280_gp07	protein_coding	-1	c.*1292_*1293insA	.	-1	-1	-1	-1	-1	-1	1293	downstream_gene_variant	NONE	c.*1292_*1293insA	.	-1
NC_045512.2	29051	C	CA	ORF7b	gene-GU280_gp08	MODIFIER	downstream_gene_variant	transcript	TRANSCRIPT_gene-GU280_gp08	protein_coding	-1	c.*1164_*1165insA	.	-1	-1	-1	-1	-1	-1	1165	downstream_gene_variant	NONE	c.*1164_*1165insA	.	-1
NC_045512.2	29051	C	CA	ORF8	gene-GU280_gp09	MODIFIER	downstream_gene_variant	transcript	TRANSCRIPT_gene-GU280_gp09	protein_coding	-1	c.*792_*793insA	.	-1	-1	-1	-1	-1	-1	793	downstream_gene_variant	NONE	c.*792_*793insA	.	-1
NC_045512.2	29580	CT	C	ORF10	gene-GU280_gp11	HIGH	frameshift_variant	transcript	TRANSCRIPT_gene-GU280_gp11	protein_coding	1	c.27delT	p.Pro10fs	27	117	27	117	9	38	0	frameshift_variant	NONE	c.27delT	p.Pro10fs	38
NC_045512.2	29580	CT	C	S	gene-GU280_gp02	MODIFIER	downstream_gene_variant	transcript	TRANSCRIPT_gene-GU280_gp02	protein_coding	-1	c.*4197delT	.	-1	-1	-1	-1	-1	-1	4197	downstream_gene_variant	NONE	c.*4197delT	.	-1
NC_045512.2	29580	CT	C	ORF3a	gene-GU280_gp03	MODIFIER	downstream_gene_variant	transcript	TRANSCRIPT_gene-GU280_gp03	protein_coding	-1	c.*3361delT	.	-1	-1	-1	-1	-1	-1	3361	downstream_gene_variant	NONE	c.*3361delT	.	-1
NC_045512.2	29580	CT	C	E	gene-GU280_gp04	MODIFIER	downstream_gene_variant	transcript	TRANSCRIPT_gene-GU280_gp04	protein_coding	-1	c.*3109delT	.	-1	-1	-1	-1	-1	-1	3109	downstream_gene_variant	NONE	c.*3109delT	.	-1
NC_045512.2	29580	CT	C	M	gene-GU280_gp05	MODIFIER	downstream_gene_variant	transcript	TRANSCRIPT_gene-GU280_gp05	protein_coding	-1	c.*2390delT	.	-1	-1	-1	-1	-1	-1	2390	downstream_gene_variant	NONE	c.*2390delT	.	-1
NC_045512.2	29580	CT	C	ORF6	gene-GU280_gp06	MODIFIER	downstream_gene_variant	transcript	TRANSCRIPT_gene-GU280_gp06	protein_coding	-1	c.*2194delT	.	-1	-1	-1	-1	-1	-1	2194	downstream_gene_variant	NONE	c.*2194delT	.	-1
NC_045512.2	29580	CT	C	ORF7a	gene-GU280_gp07	MODIFIER	downstream_gene_variant	transcript	TRANSCRIPT_gene-GU280_gp07	protein_coding	-1	c.*1822delT	.	-1	-1	-1	-1	-1	-1	1822	downstream_gene_variant	NONE	c.*1822delT	.	-1
NC_045512.2	29580	CT	C	ORF7b	gene-GU280_gp08	MODIFIER	downstream_gene_variant	transcript	TRANSCRIPT_gene-GU280_gp08	protein_coding	-1	c.*1694delT	.	-1	-1	-1	-1	-1	-1	1694	downstream_gene_variant	NONE	c.*1694delT	.	-1
NC_045512.2	29580	CT	C	ORF8	gene-GU280_gp09	MODIFIER	downstream_gene_variant	transcript	TRANSCRIPT_gene-GU280_gp09	protein_coding	-1	c.*1322delT	.	-1	-1	-1	-1	-1	-1	1322	downstream_gene_variant	NONE	c.*1322delT	.	-1
NC_045512.2	29580	CT	C	N	gene-GU280_gp10	MODIFIER	downstream_gene_variant	transcript	TRANSCRIPT_gene-GU280_gp10	protein_coding	-1	c.*48delT	.	-1	-1	-1	-1	-1	-1	48	downstream_gene_variant	NONE	c.*48delT	.	-1
NC_045512.2	29760	T	C	S	gene-GU280_gp02	MODIFIER	downstream_gene_variant	transcript	TRANSCRIPT_gene-GU280_gp02	protein_coding	-1	c.*4376T>C	.	-1	-1	-1	-1	-1	-1	4376	downstream_gene_variant	NONE	c.*4376T>C	.	-1
NC_045512.2	29760	T	C	ORF3a	gene-GU280_gp03	MODIFIER	downstream_gene_variant	transcript	TRANSCRIPT_gene-GU280_gp03	protein_coding	-1	c.*3540T>C	.	-1	-1	-1	-1	-1	-1	3540	downstream_gene_variant	NONE	c.*3540T>C	.	-1
NC_045512.2	29760	T	C	E	gene-GU280_gp04	MODIFIER	downstream_gene_variant	transcript	TRANSCRIPT_gene-GU280_gp04	protein_coding	-1	c.*3288T>C	.	-1	-1	-1	-1	-1	-1	3288	downstream_gene_variant	NONE	c.*3288T>C	.	-1
NC_045512.2	29760	T	C	M	gene-GU280_gp05	MODIFIER	downstream_gene_variant	transcript	TRANSCRIPT_gene-GU280_gp05	protein_coding	-1	c.*2569T>C	.	-1	-1	-1	-1	-1	-1	2569	downstream_gene_variant	NONE	c.*2569T>C	.	-1
NC_045512.2	29760	T	C	ORF6	gene-GU280_gp06	MODIFIER	downstream_gene_variant	transcript	TRANSCRIPT_gene-GU280_gp06	protein_coding	-1	c.*2373T>C	.	-1	-1	-1	-1	-1	-1	2373	downstream_gene_variant	NONE	c.*2373T>C	.	-1
NC_045512.2	29760	T	C	ORF7a	gene-GU280_gp07	MODIFIER	downstream_gene_variant	transcript	TRANSCRIPT_gene-GU280_gp07	protein_coding	-1	c.*2001T>C	.	-1	-1	-1	-1	-1	-1	2001	downstream_gene_variant	NONE	c.*2001T>C	.	-1
NC_045512.2	29760	T	C	ORF7b	gene-GU280_gp08	MODIFIER	downstream_gene_variant	transcript	TRANSCRIPT_gene-GU280_gp08	protein_coding	-1	c.*1873T>C	.	-1	-1	-1	-1	-1	-1	1873	downstream_gene_variant	NONE	c.*1873T>C	.	-1
NC_045512.2	29760	T	C	ORF8	gene-GU280_gp09	MODIFIER	downstream_gene_variant	transcript	TRANSCRIPT_gene-GU280_gp09	protein_coding	-1	c.*1501T>C	.	-1	-1	-1	-1	-1	-1	1501	downstream_gene_variant	NONE	c.*1501T>C	.	-1
NC_045512.2	29760	T	C	N	gene-GU280_gp10	MODIFIER	downstream_gene_variant	transcript	TRANSCRIPT_gene-GU280_gp10	protein_coding	-1	c.*227T>C	.	-1	-1	-1	-1	-1	-1	227	downstream_gene_variant	NONE	c.*227T>C	.	-1
NC_045512.2	29760	T	C	ORF10	gene-GU280_gp11	MODIFIER	downstream_gene_variant	transcript	TRANSCRIPT_gene-GU280_gp11	protein_coding	-1	c.*86T>C	.	-1	-1	-1	-1	-1	-1	86	downstream_gene_variant	NONE	c.*86T>C	.	-1
NC_045512.2	29760	T	C	ORF10-CHR_END	gene-GU280_gp11-CHR_END	MODIFIER	intergenic_region	intergenic_region	gene-GU280_gp11-CHR_END	.	-1	n.29760T>C	.	-1	-1	-1	-1	-1	-1	0	intergenic_region	NONE	n.29760T>C	.	-1
