CHROM	POS	REF	ALT	ANN[*].GENE	ANN[*].GENEID	ANN[*].IMPACT	ANN[*].EFFECT	ANN[*].FEATURE	ANN[*].FEATUREID	ANN[*].BIOTYPE	ANN[*].RANK	ANN[*].HGVS_C	ANN[*].HGVS_P	ANN[*].CDNA_POS	ANN[*].CDNA_LEN	ANN[*].CDS_POS	ANN[*].CDS_LEN	ANN[*].AA_POS	ANN[*].AA_LEN	ANN[*].DISTANCE	EFF[*].EFFECT	EFF[*].FUNCLASS	EFF[*].CODON	EFF[*].AA	EFF[*].AA_LEN
NC_045512.2	37	CA	C	ORF1ab	gene-GU280_gp01	MODIFIER	upstream_gene_variant	transcript	TRANSCRIPT_gene-GU280_gp01	protein_coding	-1	c.-228delA	.	-1	-1	-1	-1	-1	-1	228	upstream_gene_variant	NONE	c.-228delA	.	-1
NC_045512.2	37	CA	C	CHR_START-ORF1ab	CHR_START-gene-GU280_gp01	MODIFIER	intergenic_region	intergenic_region	CHR_START-gene-GU280_gp01	.	-1	n.38delA	.	-1	-1	-1	-1	-1	-1	0	intergenic_region	NONE	n.38delA	.	-1
NC_045512.2	241	C	T	ORF1ab	gene-GU280_gp01	MODIFIER	upstream_gene_variant	transcript	TRANSCRIPT_gene-GU280_gp01	protein_coding	-1	c.-25C>T	.	-1	-1	-1	-1	-1	-1	25	upstream_gene_variant	NONE	c.-25C>T	.	-1
NC_045512.2	241	C	T	CHR_START-ORF1ab	CHR_START-gene-GU280_gp01	MODIFIER	intergenic_region	intergenic_region	CHR_START-gene-GU280_gp01	.	-1	n.241C>T	.	-1	-1	-1	-1	-1	-1	0	intergenic_region	NONE	n.241C>T	.	-1
NC_045512.2	1059	C	T	ORF1ab	gene-GU280_gp01	MODERATE	missense_variant	transcript	TRANSCRIPT_gene-GU280_gp01	protein_coding	1	c.794C>T	p.Thr265Ile	794	21290	794	21290	265	7095	0	missense_variant	NONE	c.794C>T	p.Thr265Ile	7095
NC_045512.2	1594	C	T	ORF1ab	gene-GU280_gp01	LOW	synonymous_variant	transcript	TRANSCRIPT_gene-GU280_gp01	protein_coding	1	c.1329C>T	p.Ser443Ser	1329	21290	1329	21290	443	7095	0	synonymous_variant	NONE	c.1329C>T	p.Ser443Ser	7095
NC_045512.2	3037	C	T	ORF1ab	gene-GU280_gp01	LOW	synonymous_variant	transcript	TRANSCRIPT_gene-GU280_gp01	protein_coding	1	c.2772C>T	p.Phe924Phe	2772	21290	2772	21290	924	7095	0	synonymous_variant	NONE	c.2772C>T	p.Phe924Phe	7095
NC_045512.2	6696	C	CT	ORF1ab	gene-GU280_gp01	HIGH	frameshift_variant	transcript	TRANSCRIPT_gene-GU280_gp01	protein_coding	1	c.6435dupT	p.Leu2146fs	6436	21290	6436	21290	2146	7095	0	frameshift_variant	NONE	c.6435dupT	p.Leu2146fs	7095
NC_045512.2	7056	C	T	ORF1ab	gene-GU280_gp01	MODERATE	missense_variant	transcript	TRANSCRIPT_gene-GU280_gp01	protein_coding	1	c.6791C>T	p.Thr2264Ile	6791	21290	6791	21290	2264	7095	0	missense_variant	NONE	c.6791C>T	p.Thr2264Ile	7095
NC_045512.2	7203	CT	C	ORF1ab	gene-GU280_gp01	HIGH	frameshift_variant	transcript	TRANSCRIPT_gene-GU280_gp01	protein_coding	1	c.6942delT	p.Phe2314fs	6942	21290	6942	21290	2314	7095	0	frameshift_variant	NONE	c.6942delT	p.Phe2314fs	7095
NC_045512.2	7564	C	T	ORF1ab	gene-GU280_gp01	LOW	synonymous_variant	transcript	TRANSCRIPT_gene-GU280_gp01	protein_coding	1	c.7299C>T	p.Ser2433Ser	7299	21290	7299	21290	2433	7095	0	synonymous_variant	NONE	c.7299C>T	p.Ser2433Ser	7095
NC_045512.2	8083	G	A	ORF1ab	gene-GU280_gp01	MODERATE	missense_variant	transcript	TRANSCRIPT_gene-GU280_gp01	protein_coding	1	c.7818G>A	p.Met2606Ile	7818	21290	7818	21290	2606	7095	0	missense_variant	NONE	c.7818G>A	p.Met2606Ile	7095
NC_045512.2	8547	AG	A	ORF1ab	gene-GU280_gp01	HIGH	frameshift_variant	transcript	TRANSCRIPT_gene-GU280_gp01	protein_coding	1	c.8285delG	p.Gly2762fs	8285	21290	8285	21290	2762	7095	0	frameshift_variant	NONE	c.8285delG	p.Gly2762fs	7095
NC_045512.2	8554	TA	T	ORF1ab	gene-GU280_gp01	HIGH	frameshift_variant	transcript	TRANSCRIPT_gene-GU280_gp01	protein_coding	1	c.8293delA	p.Ile2765fs	8293	21290	8293	21290	2765	7095	0	frameshift_variant	NONE	c.8293delA	p.Ile2765fs	7095
NC_045512.2	8604	TC	T	ORF1ab	gene-GU280_gp01	HIGH	frameshift_variant	transcript	TRANSCRIPT_gene-GU280_gp01	protein_coding	1	c.8341delC	p.Leu2781fs	8341	21290	8341	21290	2781	7095	0	frameshift_variant	NONE	c.8341delC	p.Leu2781fs	7095
NC_045512.2	9085	A	G	ORF1ab	gene-GU280_gp01	LOW	synonymous_variant	transcript	TRANSCRIPT_gene-GU280_gp01	protein_coding	1	c.8820A>G	p.Glu2940Glu	8820	21290	8820	21290	2940	7095	0	synonymous_variant	NONE	c.8820A>G	p.Glu2940Glu	7095
NC_045512.2	10319	C	T	ORF1ab	gene-GU280_gp01	MODERATE	missense_variant	transcript	TRANSCRIPT_gene-GU280_gp01	protein_coding	1	c.10054C>T	p.Leu3352Phe	10054	21290	10054	21290	3352	7095	0	missense_variant	NONE	c.10054C>T	p.Leu3352Phe	7095
NC_045512.2	11074	CT	C	ORF1ab	gene-GU280_gp01	HIGH	frameshift_variant	transcript	TRANSCRIPT_gene-GU280_gp01	protein_coding	1	c.10817delT	p.Leu3606fs	10817	21290	10817	21290	3606	7095	0	frameshift_variant	NONE	c.10817delT	p.Leu3606fs	7095
NC_045512.2	11074	C	CT	ORF1ab	gene-GU280_gp01	HIGH	frameshift_variant	transcript	TRANSCRIPT_gene-GU280_gp01	protein_coding	1	c.10817dupT	p.Leu3606fs	10818	21290	10818	21290	3606	7095	0	frameshift_variant	NONE	c.10817dupT	p.Leu3606fs	7095
NC_045512.2	11937	G	T	ORF1ab	gene-GU280_gp01	MODERATE	missense_variant	transcript	TRANSCRIPT_gene-GU280_gp01	protein_coding	1	c.11672G>T	p.Cys3891Phe	11672	21290	11672	21290	3891	7095	0	missense_variant	NONE	c.11672G>T	p.Cys3891Phe	7095
NC_045512.2	11956	C	T	ORF1ab	gene-GU280_gp01	LOW	synonymous_variant	transcript	TRANSCRIPT_gene-GU280_gp01	protein_coding	1	c.11691C>T	p.Asp3897Asp	11691	21290	11691	21290	3897	7095	0	synonymous_variant	NONE	c.11691C>T	p.Asp3897Asp	7095
NC_045512.2	12623	C	T	ORF1ab	gene-GU280_gp01	MODERATE	missense_variant	transcript	TRANSCRIPT_gene-GU280_gp01	protein_coding	1	c.12358C>T	p.Pro4120Ser	12358	21290	12358	21290	4120	7095	0	missense_variant	NONE	c.12358C>T	p.Pro4120Ser	7095
NC_045512.2	13078	T	C	ORF1ab	gene-GU280_gp01	LOW	synonymous_variant	transcript	TRANSCRIPT_gene-GU280_gp01	protein_coding	1	c.12813T>C	p.Ala4271Ala	12813	21290	12813	21290	4271	7095	0	synonymous_variant	NONE	c.12813T>C	p.Ala4271Ala	7095
NC_045512.2	13152	A	G	ORF1ab	gene-GU280_gp01	MODERATE	missense_variant	transcript	TRANSCRIPT_gene-GU280_gp01	protein_coding	1	c.12887A>G	p.Lys4296Arg	12887	21290	12887	21290	4296	7095	0	missense_variant	NONE	c.12887A>G	p.Lys4296Arg	7095
NC_045512.2	14408	C	T	ORF1ab	gene-GU280_gp01	LOW	synonymous_variant	transcript	TRANSCRIPT_gene-GU280_gp01	protein_coding	1	c.14143C>T	p.Leu4715Leu	14143	21290	14143	21290	4715	7095	0	synonymous_variant	NONE	c.14143C>T	p.Leu4715Leu	7095
NC_045512.2	14805	C	T	ORF1ab	gene-GU280_gp01	MODERATE	missense_variant	transcript	TRANSCRIPT_gene-GU280_gp01	protein_coding	1	c.14540C>T	p.Thr4847Ile	14540	21290	14540	21290	4847	7095	0	missense_variant	NONE	c.14540C>T	p.Thr4847Ile	7095
NC_045512.2	14933	T	A	ORF1ab	gene-GU280_gp01	HIGH	stop_lost	transcript	TRANSCRIPT_gene-GU280_gp01	protein_coding	1	c.14668T>A	p.Ter4890Lysext*?	14668	21290	14668	21290	4890	7095	0	stop_lost	NONE	c.14668T>A	p.Ter4890Lysext*?	7095
NC_045512.2	18424	A	G	ORF1ab	gene-GU280_gp01	LOW	synonymous_variant	transcript	TRANSCRIPT_gene-GU280_gp01	protein_coding	1	c.18159A>G	p.Leu6053Leu	18159	21290	18159	21290	6053	7095	0	synonymous_variant	NONE	c.18159A>G	p.Leu6053Leu	7095
NC_045512.2	18424	A	G	S	gene-GU280_gp02	MODIFIER	upstream_gene_variant	transcript	TRANSCRIPT_gene-GU280_gp02	protein_coding	-1	c.-3139A>G	.	-1	-1	-1	-1	-1	-1	3139	upstream_gene_variant	NONE	c.-3139A>G	.	-1
NC_045512.2	21304	C	T	ORF1ab	gene-GU280_gp01	LOW	synonymous_variant	transcript	TRANSCRIPT_gene-GU280_gp01	protein_coding	1	c.21039C>T	p.His7013His	21039	21290	21039	21290	7013	7095	0	synonymous_variant	NONE	c.21039C>T	p.His7013His	7095
NC_045512.2	21304	C	T	S	gene-GU280_gp02	MODIFIER	upstream_gene_variant	transcript	TRANSCRIPT_gene-GU280_gp02	protein_coding	-1	c.-259C>T	.	-1	-1	-1	-1	-1	-1	259	upstream_gene_variant	NONE	c.-259C>T	.	-1
NC_045512.2	21304	C	T	ORF3a	gene-GU280_gp03	MODIFIER	upstream_gene_variant	transcript	TRANSCRIPT_gene-GU280_gp03	protein_coding	-1	c.-4089C>T	.	-1	-1	-1	-1	-1	-1	4089	upstream_gene_variant	NONE	c.-4089C>T	.	-1
NC_045512.2	21304	C	T	E	gene-GU280_gp04	MODIFIER	upstream_gene_variant	transcript	TRANSCRIPT_gene-GU280_gp04	protein_coding	-1	c.-4941C>T	.	-1	-1	-1	-1	-1	-1	4941	upstream_gene_variant	NONE	c.-4941C>T	.	-1
NC_045512.2	21666	G	A	S	gene-GU280_gp02	MODERATE	missense_variant	transcript	TRANSCRIPT_gene-GU280_gp02	protein_coding	1	c.104G>A	p.Gly35Asp	104	3822	104	3822	35	1273	0	missense_variant	NONE	c.104G>A	p.Gly35Asp	1273
NC_045512.2	21666	G	A	ORF3a	gene-GU280_gp03	MODIFIER	upstream_gene_variant	transcript	TRANSCRIPT_gene-GU280_gp03	protein_coding	-1	c.-3727G>A	.	-1	-1	-1	-1	-1	-1	3727	upstream_gene_variant	NONE	c.-3727G>A	.	-1
NC_045512.2	21666	G	A	E	gene-GU280_gp04	MODIFIER	upstream_gene_variant	transcript	TRANSCRIPT_gene-GU280_gp04	protein_coding	-1	c.-4579G>A	.	-1	-1	-1	-1	-1	-1	4579	upstream_gene_variant	NONE	c.-4579G>A	.	-1
NC_045512.2	21666	G	A	M	gene-GU280_gp05	MODIFIER	upstream_gene_variant	transcript	TRANSCRIPT_gene-GU280_gp05	protein_coding	-1	c.-4857G>A	.	-1	-1	-1	-1	-1	-1	4857	upstream_gene_variant	NONE	c.-4857G>A	.	-1
NC_045512.2	21666	G	A	ORF1ab	gene-GU280_gp01	MODIFIER	downstream_gene_variant	transcript	TRANSCRIPT_gene-GU280_gp01	protein_coding	-1	c.*111G>A	.	-1	-1	-1	-1	-1	-1	111	downstream_gene_variant	NONE	c.*111G>A	.	-1
NC_045512.2	22084	T	C	S	gene-GU280_gp02	LOW	synonymous_variant	transcript	TRANSCRIPT_gene-GU280_gp02	protein_coding	1	c.522T>C	p.Pro174Pro	522	3822	522	3822	174	1273	0	synonymous_variant	NONE	c.522T>C	p.Pro174Pro	1273
NC_045512.2	22084	T	C	ORF3a	gene-GU280_gp03	MODIFIER	upstream_gene_variant	transcript	TRANSCRIPT_gene-GU280_gp03	protein_coding	-1	c.-3309T>C	.	-1	-1	-1	-1	-1	-1	3309	upstream_gene_variant	NONE	c.-3309T>C	.	-1
NC_045512.2	22084	T	C	E	gene-GU280_gp04	MODIFIER	upstream_gene_variant	transcript	TRANSCRIPT_gene-GU280_gp04	protein_coding	-1	c.-4161T>C	.	-1	-1	-1	-1	-1	-1	4161	upstream_gene_variant	NONE	c.-4161T>C	.	-1
NC_045512.2	22084	T	C	M	gene-GU280_gp05	MODIFIER	upstream_gene_variant	transcript	TRANSCRIPT_gene-GU280_gp05	protein_coding	-1	c.-4439T>C	.	-1	-1	-1	-1	-1	-1	4439	upstream_gene_variant	NONE	c.-4439T>C	.	-1
NC_045512.2	22084	T	C	ORF1ab	gene-GU280_gp01	MODIFIER	downstream_gene_variant	transcript	TRANSCRIPT_gene-GU280_gp01	protein_coding	-1	c.*529T>C	.	-1	-1	-1	-1	-1	-1	529	downstream_gene_variant	NONE	c.*529T>C	.	-1
NC_045512.2	22090	T	C	S	gene-GU280_gp02	LOW	synonymous_variant	transcript	TRANSCRIPT_gene-GU280_gp02	protein_coding	1	c.528T>C	p.Leu176Leu	528	3822	528	3822	176	1273	0	synonymous_variant	NONE	c.528T>C	p.Leu176Leu	1273
NC_045512.2	22090	T	C	ORF3a	gene-GU280_gp03	MODIFIER	upstream_gene_variant	transcript	TRANSCRIPT_gene-GU280_gp03	protein_coding	-1	c.-3303T>C	.	-1	-1	-1	-1	-1	-1	3303	upstream_gene_variant	NONE	c.-3303T>C	.	-1
NC_045512.2	22090	T	C	E	gene-GU280_gp04	MODIFIER	upstream_gene_variant	transcript	TRANSCRIPT_gene-GU280_gp04	protein_coding	-1	c.-4155T>C	.	-1	-1	-1	-1	-1	-1	4155	upstream_gene_variant	NONE	c.-4155T>C	.	-1
NC_045512.2	22090	T	C	M	gene-GU280_gp05	MODIFIER	upstream_gene_variant	transcript	TRANSCRIPT_gene-GU280_gp05	protein_coding	-1	c.-4433T>C	.	-1	-1	-1	-1	-1	-1	4433	upstream_gene_variant	NONE	c.-4433T>C	.	-1
NC_045512.2	22090	T	C	ORF1ab	gene-GU280_gp01	MODIFIER	downstream_gene_variant	transcript	TRANSCRIPT_gene-GU280_gp01	protein_coding	-1	c.*535T>C	.	-1	-1	-1	-1	-1	-1	535	downstream_gene_variant	NONE	c.*535T>C	.	-1
NC_045512.2	22103	G	C	S	gene-GU280_gp02	MODERATE	missense_variant	transcript	TRANSCRIPT_gene-GU280_gp02	protein_coding	1	c.541G>C	p.Gly181Arg	541	3822	541	3822	181	1273	0	missense_variant	NONE	c.541G>C	p.Gly181Arg	1273
NC_045512.2	22103	G	C	ORF3a	gene-GU280_gp03	MODIFIER	upstream_gene_variant	transcript	TRANSCRIPT_gene-GU280_gp03	protein_coding	-1	c.-3290G>C	.	-1	-1	-1	-1	-1	-1	3290	upstream_gene_variant	NONE	c.-3290G>C	.	-1
NC_045512.2	22103	G	C	E	gene-GU280_gp04	MODIFIER	upstream_gene_variant	transcript	TRANSCRIPT_gene-GU280_gp04	protein_coding	-1	c.-4142G>C	.	-1	-1	-1	-1	-1	-1	4142	upstream_gene_variant	NONE	c.-4142G>C	.	-1
NC_045512.2	22103	G	C	M	gene-GU280_gp05	MODIFIER	upstream_gene_variant	transcript	TRANSCRIPT_gene-GU280_gp05	protein_coding	-1	c.-4420G>C	.	-1	-1	-1	-1	-1	-1	4420	upstream_gene_variant	NONE	c.-4420G>C	.	-1
NC_045512.2	22103	G	C	ORF1ab	gene-GU280_gp01	MODIFIER	downstream_gene_variant	transcript	TRANSCRIPT_gene-GU280_gp01	protein_coding	-1	c.*548G>C	.	-1	-1	-1	-1	-1	-1	548	downstream_gene_variant	NONE	c.*548G>C	.	-1
NC_045512.2	22120	CA	C	S	gene-GU280_gp02	HIGH	frameshift_variant	transcript	TRANSCRIPT_gene-GU280_gp02	protein_coding	1	c.563delA	p.Asn188fs	563	3822	563	3822	188	1273	0	frameshift_variant	NONE	c.563delA	p.Asn188fs	1273
NC_045512.2	22120	CA	C	ORF3a	gene-GU280_gp03	MODIFIER	upstream_gene_variant	transcript	TRANSCRIPT_gene-GU280_gp03	protein_coding	-1	c.-3272delA	.	-1	-1	-1	-1	-1	-1	3272	upstream_gene_variant	NONE	c.-3272delA	.	-1
NC_045512.2	22120	CA	C	E	gene-GU280_gp04	MODIFIER	upstream_gene_variant	transcript	TRANSCRIPT_gene-GU280_gp04	protein_coding	-1	c.-4124delA	.	-1	-1	-1	-1	-1	-1	4124	upstream_gene_variant	NONE	c.-4124delA	.	-1
NC_045512.2	22120	CA	C	M	gene-GU280_gp05	MODIFIER	upstream_gene_variant	transcript	TRANSCRIPT_gene-GU280_gp05	protein_coding	-1	c.-4402delA	.	-1	-1	-1	-1	-1	-1	4402	upstream_gene_variant	NONE	c.-4402delA	.	-1
NC_045512.2	22120	CA	C	ORF1ab	gene-GU280_gp01	MODIFIER	downstream_gene_variant	transcript	TRANSCRIPT_gene-GU280_gp01	protein_coding	-1	c.*566delA	.	-1	-1	-1	-1	-1	-1	566	downstream_gene_variant	NONE	c.*566delA	.	-1
NC_045512.2	22218	GT	G	S	gene-GU280_gp02	HIGH	frameshift_variant	transcript	TRANSCRIPT_gene-GU280_gp02	protein_coding	1	c.661delT	p.Ser221fs	661	3822	661	3822	221	1273	0	frameshift_variant	NONE	c.661delT	p.Ser221fs	1273
NC_045512.2	22218	GT	G	ORF3a	gene-GU280_gp03	MODIFIER	upstream_gene_variant	transcript	TRANSCRIPT_gene-GU280_gp03	protein_coding	-1	c.-3174delT	.	-1	-1	-1	-1	-1	-1	3174	upstream_gene_variant	NONE	c.-3174delT	.	-1
NC_045512.2	22218	GT	G	E	gene-GU280_gp04	MODIFIER	upstream_gene_variant	transcript	TRANSCRIPT_gene-GU280_gp04	protein_coding	-1	c.-4026delT	.	-1	-1	-1	-1	-1	-1	4026	upstream_gene_variant	NONE	c.-4026delT	.	-1
NC_045512.2	22218	GT	G	M	gene-GU280_gp05	MODIFIER	upstream_gene_variant	transcript	TRANSCRIPT_gene-GU280_gp05	protein_coding	-1	c.-4304delT	.	-1	-1	-1	-1	-1	-1	4304	upstream_gene_variant	NONE	c.-4304delT	.	-1
NC_045512.2	22218	GT	G	ORF6	gene-GU280_gp06	MODIFIER	upstream_gene_variant	transcript	TRANSCRIPT_gene-GU280_gp06	protein_coding	-1	c.-4983delT	.	-1	-1	-1	-1	-1	-1	4983	upstream_gene_variant	NONE	c.-4983delT	.	-1
NC_045512.2	22218	GT	G	ORF1ab	gene-GU280_gp01	MODIFIER	downstream_gene_variant	transcript	TRANSCRIPT_gene-GU280_gp01	protein_coding	-1	c.*664delT	.	-1	-1	-1	-1	-1	-1	664	downstream_gene_variant	NONE	c.*664delT	.	-1
NC_045512.2	23403	A	G	S	gene-GU280_gp02	MODERATE	missense_variant	transcript	TRANSCRIPT_gene-GU280_gp02	protein_coding	1	c.1841A>G	p.Asp614Gly	1841	3822	1841	3822	614	1273	0	missense_variant	NONE	c.1841A>G	p.Asp614Gly	1273
NC_045512.2	23403	A	G	ORF3a	gene-GU280_gp03	MODIFIER	upstream_gene_variant	transcript	TRANSCRIPT_gene-GU280_gp03	protein_coding	-1	c.-1990A>G	.	-1	-1	-1	-1	-1	-1	1990	upstream_gene_variant	NONE	c.-1990A>G	.	-1
NC_045512.2	23403	A	G	E	gene-GU280_gp04	MODIFIER	upstream_gene_variant	transcript	TRANSCRIPT_gene-GU280_gp04	protein_coding	-1	c.-2842A>G	.	-1	-1	-1	-1	-1	-1	2842	upstream_gene_variant	NONE	c.-2842A>G	.	-1
NC_045512.2	23403	A	G	M	gene-GU280_gp05	MODIFIER	upstream_gene_variant	transcript	TRANSCRIPT_gene-GU280_gp05	protein_coding	-1	c.-3120A>G	.	-1	-1	-1	-1	-1	-1	3120	upstream_gene_variant	NONE	c.-3120A>G	.	-1
NC_045512.2	23403	A	G	ORF6	gene-GU280_gp06	MODIFIER	upstream_gene_variant	transcript	TRANSCRIPT_gene-GU280_gp06	protein_coding	-1	c.-3799A>G	.	-1	-1	-1	-1	-1	-1	3799	upstream_gene_variant	NONE	c.-3799A>G	.	-1
NC_045512.2	23403	A	G	ORF7a	gene-GU280_gp07	MODIFIER	upstream_gene_variant	transcript	TRANSCRIPT_gene-GU280_gp07	protein_coding	-1	c.-3991A>G	.	-1	-1	-1	-1	-1	-1	3991	upstream_gene_variant	NONE	c.-3991A>G	.	-1
NC_045512.2	23403	A	G	ORF7b	gene-GU280_gp08	MODIFIER	upstream_gene_variant	transcript	TRANSCRIPT_gene-GU280_gp08	protein_coding	-1	c.-4353A>G	.	-1	-1	-1	-1	-1	-1	4353	upstream_gene_variant	NONE	c.-4353A>G	.	-1
NC_045512.2	23403	A	G	ORF8	gene-GU280_gp09	MODIFIER	upstream_gene_variant	transcript	TRANSCRIPT_gene-GU280_gp09	protein_coding	-1	c.-4491A>G	.	-1	-1	-1	-1	-1	-1	4491	upstream_gene_variant	NONE	c.-4491A>G	.	-1
NC_045512.2	23403	A	G	N	gene-GU280_gp10	MODIFIER	upstream_gene_variant	transcript	TRANSCRIPT_gene-GU280_gp10	protein_coding	-1	c.-4871A>G	.	-1	-1	-1	-1	-1	-1	4871	upstream_gene_variant	NONE	c.-4871A>G	.	-1
NC_045512.2	23403	A	G	ORF1ab	gene-GU280_gp01	MODIFIER	downstream_gene_variant	transcript	TRANSCRIPT_gene-GU280_gp01	protein_coding	-1	c.*1848A>G	.	-1	-1	-1	-1	-1	-1	1848	downstream_gene_variant	NONE	c.*1848A>G	.	-1
NC_045512.2	24933	G	T	S	gene-GU280_gp02	MODERATE	missense_variant	transcript	TRANSCRIPT_gene-GU280_gp02	protein_coding	1	c.3371G>T	p.Gly1124Val	3371	3822	3371	3822	1124	1273	0	missense_variant	NONE	c.3371G>T	p.Gly1124Val	1273
NC_045512.2	24933	G	T	ORF3a	gene-GU280_gp03	MODIFIER	upstream_gene_variant	transcript	TRANSCRIPT_gene-GU280_gp03	protein_coding	-1	c.-460G>T	.	-1	-1	-1	-1	-1	-1	460	upstream_gene_variant	NONE	c.-460G>T	.	-1
NC_045512.2	24933	G	T	E	gene-GU280_gp04	MODIFIER	upstream_gene_variant	transcript	TRANSCRIPT_gene-GU280_gp04	protein_coding	-1	c.-1312G>T	.	-1	-1	-1	-1	-1	-1	1312	upstream_gene_variant	NONE	c.-1312G>T	.	-1
NC_045512.2	24933	G	T	M	gene-GU280_gp05	MODIFIER	upstream_gene_variant	transcript	TRANSCRIPT_gene-GU280_gp05	protein_coding	-1	c.-1590G>T	.	-1	-1	-1	-1	-1	-1	1590	upstream_gene_variant	NONE	c.-1590G>T	.	-1
NC_045512.2	24933	G	T	ORF6	gene-GU280_gp06	MODIFIER	upstream_gene_variant	transcript	TRANSCRIPT_gene-GU280_gp06	protein_coding	-1	c.-2269G>T	.	-1	-1	-1	-1	-1	-1	2269	upstream_gene_variant	NONE	c.-2269G>T	.	-1
NC_045512.2	24933	G	T	ORF7a	gene-GU280_gp07	MODIFIER	upstream_gene_variant	transcript	TRANSCRIPT_gene-GU280_gp07	protein_coding	-1	c.-2461G>T	.	-1	-1	-1	-1	-1	-1	2461	upstream_gene_variant	NONE	c.-2461G>T	.	-1
NC_045512.2	24933	G	T	ORF7b	gene-GU280_gp08	MODIFIER	upstream_gene_variant	transcript	TRANSCRIPT_gene-GU280_gp08	protein_coding	-1	c.-2823G>T	.	-1	-1	-1	-1	-1	-1	2823	upstream_gene_variant	NONE	c.-2823G>T	.	-1
NC_045512.2	24933	G	T	ORF8	gene-GU280_gp09	MODIFIER	upstream_gene_variant	transcript	TRANSCRIPT_gene-GU280_gp09	protein_coding	-1	c.-2961G>T	.	-1	-1	-1	-1	-1	-1	2961	upstream_gene_variant	NONE	c.-2961G>T	.	-1
NC_045512.2	24933	G	T	N	gene-GU280_gp10	MODIFIER	upstream_gene_variant	transcript	TRANSCRIPT_gene-GU280_gp10	protein_coding	-1	c.-3341G>T	.	-1	-1	-1	-1	-1	-1	3341	upstream_gene_variant	NONE	c.-3341G>T	.	-1
NC_045512.2	24933	G	T	ORF10	gene-GU280_gp11	MODIFIER	upstream_gene_variant	transcript	TRANSCRIPT_gene-GU280_gp11	protein_coding	-1	c.-4625G>T	.	-1	-1	-1	-1	-1	-1	4625	upstream_gene_variant	NONE	c.-4625G>T	.	-1
NC_045512.2	24933	G	T	ORF1ab	gene-GU280_gp01	MODIFIER	downstream_gene_variant	transcript	TRANSCRIPT_gene-GU280_gp01	protein_coding	-1	c.*3378G>T	.	-1	-1	-1	-1	-1	-1	3378	downstream_gene_variant	NONE	c.*3378G>T	.	-1
NC_045512.2	25563	G	T	ORF3a	gene-GU280_gp03	MODERATE	missense_variant	transcript	TRANSCRIPT_gene-GU280_gp03	protein_coding	1	c.171G>T	p.Gln57His	171	828	171	828	57	275	0	missense_variant	NONE	c.171G>T	p.Gln57His	275
NC_045512.2	25563	G	T	E	gene-GU280_gp04	MODIFIER	upstream_gene_variant	transcript	TRANSCRIPT_gene-GU280_gp04	protein_coding	-1	c.-682G>T	.	-1	-1	-1	-1	-1	-1	682	upstream_gene_variant	NONE	c.-682G>T	.	-1
NC_045512.2	25563	G	T	M	gene-GU280_gp05	MODIFIER	upstream_gene_variant	transcript	TRANSCRIPT_gene-GU280_gp05	protein_coding	-1	c.-960G>T	.	-1	-1	-1	-1	-1	-1	960	upstream_gene_variant	NONE	c.-960G>T	.	-1
NC_045512.2	25563	G	T	ORF6	gene-GU280_gp06	MODIFIER	upstream_gene_variant	transcript	TRANSCRIPT_gene-GU280_gp06	protein_coding	-1	c.-1639G>T	.	-1	-1	-1	-1	-1	-1	1639	upstream_gene_variant	NONE	c.-1639G>T	.	-1
NC_045512.2	25563	G	T	ORF7a	gene-GU280_gp07	MODIFIER	upstream_gene_variant	transcript	TRANSCRIPT_gene-GU280_gp07	protein_coding	-1	c.-1831G>T	.	-1	-1	-1	-1	-1	-1	1831	upstream_gene_variant	NONE	c.-1831G>T	.	-1
NC_045512.2	25563	G	T	ORF7b	gene-GU280_gp08	MODIFIER	upstream_gene_variant	transcript	TRANSCRIPT_gene-GU280_gp08	protein_coding	-1	c.-2193G>T	.	-1	-1	-1	-1	-1	-1	2193	upstream_gene_variant	NONE	c.-2193G>T	.	-1
NC_045512.2	25563	G	T	ORF8	gene-GU280_gp09	MODIFIER	upstream_gene_variant	transcript	TRANSCRIPT_gene-GU280_gp09	protein_coding	-1	c.-2331G>T	.	-1	-1	-1	-1	-1	-1	2331	upstream_gene_variant	NONE	c.-2331G>T	.	-1
NC_045512.2	25563	G	T	N	gene-GU280_gp10	MODIFIER	upstream_gene_variant	transcript	TRANSCRIPT_gene-GU280_gp10	protein_coding	-1	c.-2711G>T	.	-1	-1	-1	-1	-1	-1	2711	upstream_gene_variant	NONE	c.-2711G>T	.	-1
NC_045512.2	25563	G	T	ORF10	gene-GU280_gp11	MODIFIER	upstream_gene_variant	transcript	TRANSCRIPT_gene-GU280_gp11	protein_coding	-1	c.-3995G>T	.	-1	-1	-1	-1	-1	-1	3995	upstream_gene_variant	NONE	c.-3995G>T	.	-1
NC_045512.2	25563	G	T	ORF1ab	gene-GU280_gp01	MODIFIER	downstream_gene_variant	transcript	TRANSCRIPT_gene-GU280_gp01	protein_coding	-1	c.*4008G>T	.	-1	-1	-1	-1	-1	-1	4008	downstream_gene_variant	NONE	c.*4008G>T	.	-1
NC_045512.2	25563	G	T	S	gene-GU280_gp02	MODIFIER	downstream_gene_variant	transcript	TRANSCRIPT_gene-GU280_gp02	protein_coding	-1	c.*179G>T	.	-1	-1	-1	-1	-1	-1	179	downstream_gene_variant	NONE	c.*179G>T	.	-1
NC_045512.2	25721	C	T	ORF3a	gene-GU280_gp03	MODERATE	missense_variant	transcript	TRANSCRIPT_gene-GU280_gp03	protein_coding	1	c.329C>T	p.Ala110Val	329	828	329	828	110	275	0	missense_variant	NONE	c.329C>T	p.Ala110Val	275
NC_045512.2	25721	C	T	E	gene-GU280_gp04	MODIFIER	upstream_gene_variant	transcript	TRANSCRIPT_gene-GU280_gp04	protein_coding	-1	c.-524C>T	.	-1	-1	-1	-1	-1	-1	524	upstream_gene_variant	NONE	c.-524C>T	.	-1
NC_045512.2	25721	C	T	M	gene-GU280_gp05	MODIFIER	upstream_gene_variant	transcript	TRANSCRIPT_gene-GU280_gp05	protein_coding	-1	c.-802C>T	.	-1	-1	-1	-1	-1	-1	802	upstream_gene_variant	NONE	c.-802C>T	.	-1
NC_045512.2	25721	C	T	ORF6	gene-GU280_gp06	MODIFIER	upstream_gene_variant	transcript	TRANSCRIPT_gene-GU280_gp06	protein_coding	-1	c.-1481C>T	.	-1	-1	-1	-1	-1	-1	1481	upstream_gene_variant	NONE	c.-1481C>T	.	-1
NC_045512.2	25721	C	T	ORF7a	gene-GU280_gp07	MODIFIER	upstream_gene_variant	transcript	TRANSCRIPT_gene-GU280_gp07	protein_coding	-1	c.-1673C>T	.	-1	-1	-1	-1	-1	-1	1673	upstream_gene_variant	NONE	c.-1673C>T	.	-1
NC_045512.2	25721	C	T	ORF7b	gene-GU280_gp08	MODIFIER	upstream_gene_variant	transcript	TRANSCRIPT_gene-GU280_gp08	protein_coding	-1	c.-2035C>T	.	-1	-1	-1	-1	-1	-1	2035	upstream_gene_variant	NONE	c.-2035C>T	.	-1
NC_045512.2	25721	C	T	ORF8	gene-GU280_gp09	MODIFIER	upstream_gene_variant	transcript	TRANSCRIPT_gene-GU280_gp09	protein_coding	-1	c.-2173C>T	.	-1	-1	-1	-1	-1	-1	2173	upstream_gene_variant	NONE	c.-2173C>T	.	-1
NC_045512.2	25721	C	T	N	gene-GU280_gp10	MODIFIER	upstream_gene_variant	transcript	TRANSCRIPT_gene-GU280_gp10	protein_coding	-1	c.-2553C>T	.	-1	-1	-1	-1	-1	-1	2553	upstream_gene_variant	NONE	c.-2553C>T	.	-1
NC_045512.2	25721	C	T	ORF10	gene-GU280_gp11	MODIFIER	upstream_gene_variant	transcript	TRANSCRIPT_gene-GU280_gp11	protein_coding	-1	c.-3837C>T	.	-1	-1	-1	-1	-1	-1	3837	upstream_gene_variant	NONE	c.-3837C>T	.	-1
NC_045512.2	25721	C	T	ORF1ab	gene-GU280_gp01	MODIFIER	downstream_gene_variant	transcript	TRANSCRIPT_gene-GU280_gp01	protein_coding	-1	c.*4166C>T	.	-1	-1	-1	-1	-1	-1	4166	downstream_gene_variant	NONE	c.*4166C>T	.	-1
NC_045512.2	25721	C	T	S	gene-GU280_gp02	MODIFIER	downstream_gene_variant	transcript	TRANSCRIPT_gene-GU280_gp02	protein_coding	-1	c.*337C>T	.	-1	-1	-1	-1	-1	-1	337	downstream_gene_variant	NONE	c.*337C>T	.	-1
NC_045512.2	25797	C	CA	ORF3a	gene-GU280_gp03	HIGH	frameshift_variant	transcript	TRANSCRIPT_gene-GU280_gp03	protein_coding	1	c.410dupA	p.Asn137fs	411	828	411	828	137	275	0	frameshift_variant	NONE	c.410dupA	p.Asn137fs	275
NC_045512.2	25797	C	CA	E	gene-GU280_gp04	MODIFIER	upstream_gene_variant	transcript	TRANSCRIPT_gene-GU280_gp04	protein_coding	-1	c.-448_-447insA	.	-1	-1	-1	-1	-1	-1	447	upstream_gene_variant	NONE	c.-448_-447insA	.	-1
NC_045512.2	25797	C	CA	M	gene-GU280_gp05	MODIFIER	upstream_gene_variant	transcript	TRANSCRIPT_gene-GU280_gp05	protein_coding	-1	c.-726_-725insA	.	-1	-1	-1	-1	-1	-1	725	upstream_gene_variant	NONE	c.-726_-725insA	.	-1
NC_045512.2	25797	C	CA	ORF6	gene-GU280_gp06	MODIFIER	upstream_gene_variant	transcript	TRANSCRIPT_gene-GU280_gp06	protein_coding	-1	c.-1405_-1404insA	.	-1	-1	-1	-1	-1	-1	1404	upstream_gene_variant	NONE	c.-1405_-1404insA	.	-1
NC_045512.2	25797	C	CA	ORF7a	gene-GU280_gp07	MODIFIER	upstream_gene_variant	transcript	TRANSCRIPT_gene-GU280_gp07	protein_coding	-1	c.-1597_-1596insA	.	-1	-1	-1	-1	-1	-1	1596	upstream_gene_variant	NONE	c.-1597_-1596insA	.	-1
NC_045512.2	25797	C	CA	ORF7b	gene-GU280_gp08	MODIFIER	upstream_gene_variant	transcript	TRANSCRIPT_gene-GU280_gp08	protein_coding	-1	c.-1959_-1958insA	.	-1	-1	-1	-1	-1	-1	1958	upstream_gene_variant	NONE	c.-1959_-1958insA	.	-1
NC_045512.2	25797	C	CA	ORF8	gene-GU280_gp09	MODIFIER	upstream_gene_variant	transcript	TRANSCRIPT_gene-GU280_gp09	protein_coding	-1	c.-2097_-2096insA	.	-1	-1	-1	-1	-1	-1	2096	upstream_gene_variant	NONE	c.-2097_-2096insA	.	-1
NC_045512.2	25797	C	CA	N	gene-GU280_gp10	MODIFIER	upstream_gene_variant	transcript	TRANSCRIPT_gene-GU280_gp10	protein_coding	-1	c.-2477_-2476insA	.	-1	-1	-1	-1	-1	-1	2476	upstream_gene_variant	NONE	c.-2477_-2476insA	.	-1
NC_045512.2	25797	C	CA	ORF10	gene-GU280_gp11	MODIFIER	upstream_gene_variant	transcript	TRANSCRIPT_gene-GU280_gp11	protein_coding	-1	c.-3761_-3760insA	.	-1	-1	-1	-1	-1	-1	3760	upstream_gene_variant	NONE	c.-3761_-3760insA	.	-1
NC_045512.2	25797	C	CA	ORF1ab	gene-GU280_gp01	MODIFIER	downstream_gene_variant	transcript	TRANSCRIPT_gene-GU280_gp01	protein_coding	-1	c.*4242_*4243insA	.	-1	-1	-1	-1	-1	-1	4243	downstream_gene_variant	NONE	c.*4242_*4243insA	.	-1
NC_045512.2	25797	C	CA	S	gene-GU280_gp02	MODIFIER	downstream_gene_variant	transcript	TRANSCRIPT_gene-GU280_gp02	protein_coding	-1	c.*413_*414insA	.	-1	-1	-1	-1	-1	-1	414	downstream_gene_variant	NONE	c.*413_*414insA	.	-1
NC_045512.2	25907	G	T	ORF3a	gene-GU280_gp03	MODERATE	missense_variant	transcript	TRANSCRIPT_gene-GU280_gp03	protein_coding	1	c.515G>T	p.Gly172Val	515	828	515	828	172	275	0	missense_variant	NONE	c.515G>T	p.Gly172Val	275
NC_045512.2	25907	G	T	E	gene-GU280_gp04	MODIFIER	upstream_gene_variant	transcript	TRANSCRIPT_gene-GU280_gp04	protein_coding	-1	c.-338G>T	.	-1	-1	-1	-1	-1	-1	338	upstream_gene_variant	NONE	c.-338G>T	.	-1
NC_045512.2	25907	G	T	M	gene-GU280_gp05	MODIFIER	upstream_gene_variant	transcript	TRANSCRIPT_gene-GU280_gp05	protein_coding	-1	c.-616G>T	.	-1	-1	-1	-1	-1	-1	616	upstream_gene_variant	NONE	c.-616G>T	.	-1
NC_045512.2	25907	G	T	ORF6	gene-GU280_gp06	MODIFIER	upstream_gene_variant	transcript	TRANSCRIPT_gene-GU280_gp06	protein_coding	-1	c.-1295G>T	.	-1	-1	-1	-1	-1	-1	1295	upstream_gene_variant	NONE	c.-1295G>T	.	-1
NC_045512.2	25907	G	T	ORF7a	gene-GU280_gp07	MODIFIER	upstream_gene_variant	transcript	TRANSCRIPT_gene-GU280_gp07	protein_coding	-1	c.-1487G>T	.	-1	-1	-1	-1	-1	-1	1487	upstream_gene_variant	NONE	c.-1487G>T	.	-1
NC_045512.2	25907	G	T	ORF7b	gene-GU280_gp08	MODIFIER	upstream_gene_variant	transcript	TRANSCRIPT_gene-GU280_gp08	protein_coding	-1	c.-1849G>T	.	-1	-1	-1	-1	-1	-1	1849	upstream_gene_variant	NONE	c.-1849G>T	.	-1
NC_045512.2	25907	G	T	ORF8	gene-GU280_gp09	MODIFIER	upstream_gene_variant	transcript	TRANSCRIPT_gene-GU280_gp09	protein_coding	-1	c.-1987G>T	.	-1	-1	-1	-1	-1	-1	1987	upstream_gene_variant	NONE	c.-1987G>T	.	-1
NC_045512.2	25907	G	T	N	gene-GU280_gp10	MODIFIER	upstream_gene_variant	transcript	TRANSCRIPT_gene-GU280_gp10	protein_coding	-1	c.-2367G>T	.	-1	-1	-1	-1	-1	-1	2367	upstream_gene_variant	NONE	c.-2367G>T	.	-1
NC_045512.2	25907	G	T	ORF10	gene-GU280_gp11	MODIFIER	upstream_gene_variant	transcript	TRANSCRIPT_gene-GU280_gp11	protein_coding	-1	c.-3651G>T	.	-1	-1	-1	-1	-1	-1	3651	upstream_gene_variant	NONE	c.-3651G>T	.	-1
NC_045512.2	25907	G	T	ORF1ab	gene-GU280_gp01	MODIFIER	downstream_gene_variant	transcript	TRANSCRIPT_gene-GU280_gp01	protein_coding	-1	c.*4352G>T	.	-1	-1	-1	-1	-1	-1	4352	downstream_gene_variant	NONE	c.*4352G>T	.	-1
NC_045512.2	25907	G	T	S	gene-GU280_gp02	MODIFIER	downstream_gene_variant	transcript	TRANSCRIPT_gene-GU280_gp02	protein_coding	-1	c.*523G>T	.	-1	-1	-1	-1	-1	-1	523	downstream_gene_variant	NONE	c.*523G>T	.	-1
NC_045512.2	27312	TAA	T	ORF6	gene-GU280_gp06	HIGH	frameshift_variant	transcript	TRANSCRIPT_gene-GU280_gp06	protein_coding	1	c.115_116delAA	p.Asn39fs	115	186	115	186	39	61	0	frameshift_variant	NONE	c.115_116delAA	p.Asn39fs	61
NC_045512.2	27312	TAA	T	ORF7a	gene-GU280_gp07	MODIFIER	upstream_gene_variant	transcript	TRANSCRIPT_gene-GU280_gp07	protein_coding	-1	c.-81_-80delAA	.	-1	-1	-1	-1	-1	-1	81	upstream_gene_variant	NONE	c.-81_-80delAA	.	-1
NC_045512.2	27312	TAA	T	ORF7b	gene-GU280_gp08	MODIFIER	upstream_gene_variant	transcript	TRANSCRIPT_gene-GU280_gp08	protein_coding	-1	c.-443_-442delAA	.	-1	-1	-1	-1	-1	-1	443	upstream_gene_variant	NONE	c.-443_-442delAA	.	-1
NC_045512.2	27312	TAA	T	ORF8	gene-GU280_gp09	MODIFIER	upstream_gene_variant	transcript	TRANSCRIPT_gene-GU280_gp09	protein_coding	-1	c.-581_-580delAA	.	-1	-1	-1	-1	-1	-1	581	upstream_gene_variant	NONE	c.-581_-580delAA	.	-1
NC_045512.2	27312	TAA	T	N	gene-GU280_gp10	MODIFIER	upstream_gene_variant	transcript	TRANSCRIPT_gene-GU280_gp10	protein_coding	-1	c.-961_-960delAA	.	-1	-1	-1	-1	-1	-1	961	upstream_gene_variant	NONE	c.-961_-960delAA	.	-1
NC_045512.2	27312	TAA	T	ORF10	gene-GU280_gp11	MODIFIER	upstream_gene_variant	transcript	TRANSCRIPT_gene-GU280_gp11	protein_coding	-1	c.-2245_-2244delAA	.	-1	-1	-1	-1	-1	-1	2245	upstream_gene_variant	NONE	c.-2245_-2244delAA	.	-1
NC_045512.2	27312	TAA	T	S	gene-GU280_gp02	MODIFIER	downstream_gene_variant	transcript	TRANSCRIPT_gene-GU280_gp02	protein_coding	-1	c.*1929_*1930delAA	.	-1	-1	-1	-1	-1	-1	1929	downstream_gene_variant	NONE	c.*1929_*1930delAA	.	-1
NC_045512.2	27312	TAA	T	ORF3a	gene-GU280_gp03	MODIFIER	downstream_gene_variant	transcript	TRANSCRIPT_gene-GU280_gp03	protein_coding	-1	c.*1093_*1094delAA	.	-1	-1	-1	-1	-1	-1	1093	downstream_gene_variant	NONE	c.*1093_*1094delAA	.	-1
NC_045512.2	27312	TAA	T	E	gene-GU280_gp04	MODIFIER	downstream_gene_variant	transcript	TRANSCRIPT_gene-GU280_gp04	protein_coding	-1	c.*841_*842delAA	.	-1	-1	-1	-1	-1	-1	841	downstream_gene_variant	NONE	c.*841_*842delAA	.	-1
NC_045512.2	27312	TAA	T	M	gene-GU280_gp05	MODIFIER	downstream_gene_variant	transcript	TRANSCRIPT_gene-GU280_gp05	protein_coding	-1	c.*122_*123delAA	.	-1	-1	-1	-1	-1	-1	122	downstream_gene_variant	NONE	c.*122_*123delAA	.	-1
NC_045512.2	27317	A	T	ORF6	gene-GU280_gp06	MODERATE	missense_variant	transcript	TRANSCRIPT_gene-GU280_gp06	protein_coding	1	c.116A>T	p.Asn39Ile	116	186	116	186	39	61	0	missense_variant	NONE	c.116A>T	p.Asn39Ile	61
NC_045512.2	27317	A	T	ORF7a	gene-GU280_gp07	MODIFIER	upstream_gene_variant	transcript	TRANSCRIPT_gene-GU280_gp07	protein_coding	-1	c.-77A>T	.	-1	-1	-1	-1	-1	-1	77	upstream_gene_variant	NONE	c.-77A>T	.	-1
NC_045512.2	27317	A	T	ORF7b	gene-GU280_gp08	MODIFIER	upstream_gene_variant	transcript	TRANSCRIPT_gene-GU280_gp08	protein_coding	-1	c.-439A>T	.	-1	-1	-1	-1	-1	-1	439	upstream_gene_variant	NONE	c.-439A>T	.	-1
NC_045512.2	27317	A	T	ORF8	gene-GU280_gp09	MODIFIER	upstream_gene_variant	transcript	TRANSCRIPT_gene-GU280_gp09	protein_coding	-1	c.-577A>T	.	-1	-1	-1	-1	-1	-1	577	upstream_gene_variant	NONE	c.-577A>T	.	-1
NC_045512.2	27317	A	T	N	gene-GU280_gp10	MODIFIER	upstream_gene_variant	transcript	TRANSCRIPT_gene-GU280_gp10	protein_coding	-1	c.-957A>T	.	-1	-1	-1	-1	-1	-1	957	upstream_gene_variant	NONE	c.-957A>T	.	-1
NC_045512.2	27317	A	T	ORF10	gene-GU280_gp11	MODIFIER	upstream_gene_variant	transcript	TRANSCRIPT_gene-GU280_gp11	protein_coding	-1	c.-2241A>T	.	-1	-1	-1	-1	-1	-1	2241	upstream_gene_variant	NONE	c.-2241A>T	.	-1
NC_045512.2	27317	A	T	S	gene-GU280_gp02	MODIFIER	downstream_gene_variant	transcript	TRANSCRIPT_gene-GU280_gp02	protein_coding	-1	c.*1933A>T	.	-1	-1	-1	-1	-1	-1	1933	downstream_gene_variant	NONE	c.*1933A>T	.	-1
NC_045512.2	27317	A	T	ORF3a	gene-GU280_gp03	MODIFIER	downstream_gene_variant	transcript	TRANSCRIPT_gene-GU280_gp03	protein_coding	-1	c.*1097A>T	.	-1	-1	-1	-1	-1	-1	1097	downstream_gene_variant	NONE	c.*1097A>T	.	-1
NC_045512.2	27317	A	T	E	gene-GU280_gp04	MODIFIER	downstream_gene_variant	transcript	TRANSCRIPT_gene-GU280_gp04	protein_coding	-1	c.*845A>T	.	-1	-1	-1	-1	-1	-1	845	downstream_gene_variant	NONE	c.*845A>T	.	-1
NC_045512.2	27317	A	T	M	gene-GU280_gp05	MODIFIER	downstream_gene_variant	transcript	TRANSCRIPT_gene-GU280_gp05	protein_coding	-1	c.*126A>T	.	-1	-1	-1	-1	-1	-1	126	downstream_gene_variant	NONE	c.*126A>T	.	-1
NC_045512.2	27964	C	T	ORF8	gene-GU280_gp09	MODERATE	missense_variant	transcript	TRANSCRIPT_gene-GU280_gp09	protein_coding	1	c.71C>T	p.Ser24Leu	71	366	71	366	24	121	0	missense_variant	NONE	c.71C>T	p.Ser24Leu	121
NC_045512.2	27964	C	T	N	gene-GU280_gp10	MODIFIER	upstream_gene_variant	transcript	TRANSCRIPT_gene-GU280_gp10	protein_coding	-1	c.-310C>T	.	-1	-1	-1	-1	-1	-1	310	upstream_gene_variant	NONE	c.-310C>T	.	-1
NC_045512.2	27964	C	T	ORF10	gene-GU280_gp11	MODIFIER	upstream_gene_variant	transcript	TRANSCRIPT_gene-GU280_gp11	protein_coding	-1	c.-1594C>T	.	-1	-1	-1	-1	-1	-1	1594	upstream_gene_variant	NONE	c.-1594C>T	.	-1
NC_045512.2	27964	C	T	S	gene-GU280_gp02	MODIFIER	downstream_gene_variant	transcript	TRANSCRIPT_gene-GU280_gp02	protein_coding	-1	c.*2580C>T	.	-1	-1	-1	-1	-1	-1	2580	downstream_gene_variant	NONE	c.*2580C>T	.	-1
NC_045512.2	27964	C	T	ORF3a	gene-GU280_gp03	MODIFIER	downstream_gene_variant	transcript	TRANSCRIPT_gene-GU280_gp03	protein_coding	-1	c.*1744C>T	.	-1	-1	-1	-1	-1	-1	1744	downstream_gene_variant	NONE	c.*1744C>T	.	-1
NC_045512.2	27964	C	T	E	gene-GU280_gp04	MODIFIER	downstream_gene_variant	transcript	TRANSCRIPT_gene-GU280_gp04	protein_coding	-1	c.*1492C>T	.	-1	-1	-1	-1	-1	-1	1492	downstream_gene_variant	NONE	c.*1492C>T	.	-1
NC_045512.2	27964	C	T	M	gene-GU280_gp05	MODIFIER	downstream_gene_variant	transcript	TRANSCRIPT_gene-GU280_gp05	protein_coding	-1	c.*773C>T	.	-1	-1	-1	-1	-1	-1	773	downstream_gene_variant	NONE	c.*773C>T	.	-1
NC_045512.2	27964	C	T	ORF6	gene-GU280_gp06	MODIFIER	downstream_gene_variant	transcript	TRANSCRIPT_gene-GU280_gp06	protein_coding	-1	c.*577C>T	.	-1	-1	-1	-1	-1	-1	577	downstream_gene_variant	NONE	c.*577C>T	.	-1
NC_045512.2	27964	C	T	ORF7a	gene-GU280_gp07	MODIFIER	downstream_gene_variant	transcript	TRANSCRIPT_gene-GU280_gp07	protein_coding	-1	c.*205C>T	.	-1	-1	-1	-1	-1	-1	205	downstream_gene_variant	NONE	c.*205C>T	.	-1
NC_045512.2	27964	C	T	ORF7b	gene-GU280_gp08	MODIFIER	downstream_gene_variant	transcript	TRANSCRIPT_gene-GU280_gp08	protein_coding	-1	c.*77C>T	.	-1	-1	-1	-1	-1	-1	77	downstream_gene_variant	NONE	c.*77C>T	.	-1
NC_045512.2	28171	C	T	ORF8	gene-GU280_gp09	MODERATE	missense_variant	transcript	TRANSCRIPT_gene-GU280_gp09	protein_coding	1	c.278C>T	p.Pro93Leu	278	366	278	366	93	121	0	missense_variant	NONE	c.278C>T	p.Pro93Leu	121
NC_045512.2	28171	C	T	N	gene-GU280_gp10	MODIFIER	upstream_gene_variant	transcript	TRANSCRIPT_gene-GU280_gp10	protein_coding	-1	c.-103C>T	.	-1	-1	-1	-1	-1	-1	103	upstream_gene_variant	NONE	c.-103C>T	.	-1
NC_045512.2	28171	C	T	ORF10	gene-GU280_gp11	MODIFIER	upstream_gene_variant	transcript	TRANSCRIPT_gene-GU280_gp11	protein_coding	-1	c.-1387C>T	.	-1	-1	-1	-1	-1	-1	1387	upstream_gene_variant	NONE	c.-1387C>T	.	-1
NC_045512.2	28171	C	T	S	gene-GU280_gp02	MODIFIER	downstream_gene_variant	transcript	TRANSCRIPT_gene-GU280_gp02	protein_coding	-1	c.*2787C>T	.	-1	-1	-1	-1	-1	-1	2787	downstream_gene_variant	NONE	c.*2787C>T	.	-1
NC_045512.2	28171	C	T	ORF3a	gene-GU280_gp03	MODIFIER	downstream_gene_variant	transcript	TRANSCRIPT_gene-GU280_gp03	protein_coding	-1	c.*1951C>T	.	-1	-1	-1	-1	-1	-1	1951	downstream_gene_variant	NONE	c.*1951C>T	.	-1
NC_045512.2	28171	C	T	E	gene-GU280_gp04	MODIFIER	downstream_gene_variant	transcript	TRANSCRIPT_gene-GU280_gp04	protein_coding	-1	c.*1699C>T	.	-1	-1	-1	-1	-1	-1	1699	downstream_gene_variant	NONE	c.*1699C>T	.	-1
NC_045512.2	28171	C	T	M	gene-GU280_gp05	MODIFIER	downstream_gene_variant	transcript	TRANSCRIPT_gene-GU280_gp05	protein_coding	-1	c.*980C>T	.	-1	-1	-1	-1	-1	-1	980	downstream_gene_variant	NONE	c.*980C>T	.	-1
NC_045512.2	28171	C	T	ORF6	gene-GU280_gp06	MODIFIER	downstream_gene_variant	transcript	TRANSCRIPT_gene-GU280_gp06	protein_coding	-1	c.*784C>T	.	-1	-1	-1	-1	-1	-1	784	downstream_gene_variant	NONE	c.*784C>T	.	-1
NC_045512.2	28171	C	T	ORF7a	gene-GU280_gp07	MODIFIER	downstream_gene_variant	transcript	TRANSCRIPT_gene-GU280_gp07	protein_coding	-1	c.*412C>T	.	-1	-1	-1	-1	-1	-1	412	downstream_gene_variant	NONE	c.*412C>T	.	-1
NC_045512.2	28171	C	T	ORF7b	gene-GU280_gp08	MODIFIER	downstream_gene_variant	transcript	TRANSCRIPT_gene-GU280_gp08	protein_coding	-1	c.*284C>T	.	-1	-1	-1	-1	-1	-1	284	downstream_gene_variant	NONE	c.*284C>T	.	-1
NC_045512.2	28472	C	T	N	gene-GU280_gp10	MODERATE	missense_variant	transcript	TRANSCRIPT_gene-GU280_gp10	protein_coding	1	c.199C>T	p.Pro67Ser	199	1260	199	1260	67	419	0	missense_variant	NONE	c.199C>T	p.Pro67Ser	419
NC_045512.2	28472	C	T	ORF10	gene-GU280_gp11	MODIFIER	upstream_gene_variant	transcript	TRANSCRIPT_gene-GU280_gp11	protein_coding	-1	c.-1086C>T	.	-1	-1	-1	-1	-1	-1	1086	upstream_gene_variant	NONE	c.-1086C>T	.	-1
NC_045512.2	28472	C	T	S	gene-GU280_gp02	MODIFIER	downstream_gene_variant	transcript	TRANSCRIPT_gene-GU280_gp02	protein_coding	-1	c.*3088C>T	.	-1	-1	-1	-1	-1	-1	3088	downstream_gene_variant	NONE	c.*3088C>T	.	-1
NC_045512.2	28472	C	T	ORF3a	gene-GU280_gp03	MODIFIER	downstream_gene_variant	transcript	TRANSCRIPT_gene-GU280_gp03	protein_coding	-1	c.*2252C>T	.	-1	-1	-1	-1	-1	-1	2252	downstream_gene_variant	NONE	c.*2252C>T	.	-1
NC_045512.2	28472	C	T	E	gene-GU280_gp04	MODIFIER	downstream_gene_variant	transcript	TRANSCRIPT_gene-GU280_gp04	protein_coding	-1	c.*2000C>T	.	-1	-1	-1	-1	-1	-1	2000	downstream_gene_variant	NONE	c.*2000C>T	.	-1
NC_045512.2	28472	C	T	M	gene-GU280_gp05	MODIFIER	downstream_gene_variant	transcript	TRANSCRIPT_gene-GU280_gp05	protein_coding	-1	c.*1281C>T	.	-1	-1	-1	-1	-1	-1	1281	downstream_gene_variant	NONE	c.*1281C>T	.	-1
NC_045512.2	28472	C	T	ORF6	gene-GU280_gp06	MODIFIER	downstream_gene_variant	transcript	TRANSCRIPT_gene-GU280_gp06	protein_coding	-1	c.*1085C>T	.	-1	-1	-1	-1	-1	-1	1085	downstream_gene_variant	NONE	c.*1085C>T	.	-1
NC_045512.2	28472	C	T	ORF7a	gene-GU280_gp07	MODIFIER	downstream_gene_variant	transcript	TRANSCRIPT_gene-GU280_gp07	protein_coding	-1	c.*713C>T	.	-1	-1	-1	-1	-1	-1	713	downstream_gene_variant	NONE	c.*713C>T	.	-1
NC_045512.2	28472	C	T	ORF7b	gene-GU280_gp08	MODIFIER	downstream_gene_variant	transcript	TRANSCRIPT_gene-GU280_gp08	protein_coding	-1	c.*585C>T	.	-1	-1	-1	-1	-1	-1	585	downstream_gene_variant	NONE	c.*585C>T	.	-1
NC_045512.2	28472	C	T	ORF8	gene-GU280_gp09	MODIFIER	downstream_gene_variant	transcript	TRANSCRIPT_gene-GU280_gp09	protein_coding	-1	c.*213C>T	.	-1	-1	-1	-1	-1	-1	213	downstream_gene_variant	NONE	c.*213C>T	.	-1
NC_045512.2	28869	C	T	N	gene-GU280_gp10	MODERATE	missense_variant	transcript	TRANSCRIPT_gene-GU280_gp10	protein_coding	1	c.596C>T	p.Pro199Leu	596	1260	596	1260	199	419	0	missense_variant	NONE	c.596C>T	p.Pro199Leu	419
NC_045512.2	28869	C	T	ORF10	gene-GU280_gp11	MODIFIER	upstream_gene_variant	transcript	TRANSCRIPT_gene-GU280_gp11	protein_coding	-1	c.-689C>T	.	-1	-1	-1	-1	-1	-1	689	upstream_gene_variant	NONE	c.-689C>T	.	-1
NC_045512.2	28869	C	T	S	gene-GU280_gp02	MODIFIER	downstream_gene_variant	transcript	TRANSCRIPT_gene-GU280_gp02	protein_coding	-1	c.*3485C>T	.	-1	-1	-1	-1	-1	-1	3485	downstream_gene_variant	NONE	c.*3485C>T	.	-1
NC_045512.2	28869	C	T	ORF3a	gene-GU280_gp03	MODIFIER	downstream_gene_variant	transcript	TRANSCRIPT_gene-GU280_gp03	protein_coding	-1	c.*2649C>T	.	-1	-1	-1	-1	-1	-1	2649	downstream_gene_variant	NONE	c.*2649C>T	.	-1
NC_045512.2	28869	C	T	E	gene-GU280_gp04	MODIFIER	downstream_gene_variant	transcript	TRANSCRIPT_gene-GU280_gp04	protein_coding	-1	c.*2397C>T	.	-1	-1	-1	-1	-1	-1	2397	downstream_gene_variant	NONE	c.*2397C>T	.	-1
NC_045512.2	28869	C	T	M	gene-GU280_gp05	MODIFIER	downstream_gene_variant	transcript	TRANSCRIPT_gene-GU280_gp05	protein_coding	-1	c.*1678C>T	.	-1	-1	-1	-1	-1	-1	1678	downstream_gene_variant	NONE	c.*1678C>T	.	-1
NC_045512.2	28869	C	T	ORF6	gene-GU280_gp06	MODIFIER	downstream_gene_variant	transcript	TRANSCRIPT_gene-GU280_gp06	protein_coding	-1	c.*1482C>T	.	-1	-1	-1	-1	-1	-1	1482	downstream_gene_variant	NONE	c.*1482C>T	.	-1
NC_045512.2	28869	C	T	ORF7a	gene-GU280_gp07	MODIFIER	downstream_gene_variant	transcript	TRANSCRIPT_gene-GU280_gp07	protein_coding	-1	c.*1110C>T	.	-1	-1	-1	-1	-1	-1	1110	downstream_gene_variant	NONE	c.*1110C>T	.	-1
NC_045512.2	28869	C	T	ORF7b	gene-GU280_gp08	MODIFIER	downstream_gene_variant	transcript	TRANSCRIPT_gene-GU280_gp08	protein_coding	-1	c.*982C>T	.	-1	-1	-1	-1	-1	-1	982	downstream_gene_variant	NONE	c.*982C>T	.	-1
NC_045512.2	28869	C	T	ORF8	gene-GU280_gp09	MODIFIER	downstream_gene_variant	transcript	TRANSCRIPT_gene-GU280_gp09	protein_coding	-1	c.*610C>T	.	-1	-1	-1	-1	-1	-1	610	downstream_gene_variant	NONE	c.*610C>T	.	-1
NC_045512.2	29051	C	CA	N	gene-GU280_gp10	HIGH	frameshift_variant	transcript	TRANSCRIPT_gene-GU280_gp10	protein_coding	1	c.783dupA	p.Arg262fs	784	1260	784	1260	262	419	0	frameshift_variant	NONE	c.783dupA	p.Arg262fs	419
NC_045512.2	29051	C	CA	ORF10	gene-GU280_gp11	MODIFIER	upstream_gene_variant	transcript	TRANSCRIPT_gene-GU280_gp11	protein_coding	-1	c.-507_-506insA	.	-1	-1	-1	-1	-1	-1	506	upstream_gene_variant	NONE	c.-507_-506insA	.	-1
NC_045512.2	29051	C	CA	S	gene-GU280_gp02	MODIFIER	downstream_gene_variant	transcript	TRANSCRIPT_gene-GU280_gp02	protein_coding	-1	c.*3667_*3668insA	.	-1	-1	-1	-1	-1	-1	3668	downstream_gene_variant	NONE	c.*3667_*3668insA	.	-1
NC_045512.2	29051	C	CA	ORF3a	gene-GU280_gp03	MODIFIER	downstream_gene_variant	transcript	TRANSCRIPT_gene-GU280_gp03	protein_coding	-1	c.*2831_*2832insA	.	-1	-1	-1	-1	-1	-1	2832	downstream_gene_variant	NONE	c.*2831_*2832insA	.	-1
NC_045512.2	29051	C	CA	E	gene-GU280_gp04	MODIFIER	downstream_gene_variant	transcript	TRANSCRIPT_gene-GU280_gp04	protein_coding	-1	c.*2579_*2580insA	.	-1	-1	-1	-1	-1	-1	2580	downstream_gene_variant	NONE	c.*2579_*2580insA	.	-1
NC_045512.2	29051	C	CA	M	gene-GU280_gp05	MODIFIER	downstream_gene_variant	transcript	TRANSCRIPT_gene-GU280_gp05	protein_coding	-1	c.*1860_*1861insA	.	-1	-1	-1	-1	-1	-1	1861	downstream_gene_variant	NONE	c.*1860_*1861insA	.	-1
NC_045512.2	29051	C	CA	ORF6	gene-GU280_gp06	MODIFIER	downstream_gene_variant	transcript	TRANSCRIPT_gene-GU280_gp06	protein_coding	-1	c.*1664_*1665insA	.	-1	-1	-1	-1	-1	-1	1665	downstream_gene_variant	NONE	c.*1664_*1665insA	.	-1
NC_045512.2	29051	C	CA	ORF7a	gene-GU280_gp07	MODIFIER	downstream_gene_variant	transcript	TRANSCRIPT_gene-GU280_gp07	protein_coding	-1	c.*1292_*1293insA	.	-1	-1	-1	-1	-1	-1	1293	downstream_gene_variant	NONE	c.*1292_*1293insA	.	-1
NC_045512.2	29051	C	CA	ORF7b	gene-GU280_gp08	MODIFIER	downstream_gene_variant	transcript	TRANSCRIPT_gene-GU280_gp08	protein_coding	-1	c.*1164_*1165insA	.	-1	-1	-1	-1	-1	-1	1165	downstream_gene_variant	NONE	c.*1164_*1165insA	.	-1
NC_045512.2	29051	C	CA	ORF8	gene-GU280_gp09	MODIFIER	downstream_gene_variant	transcript	TRANSCRIPT_gene-GU280_gp09	protein_coding	-1	c.*792_*793insA	.	-1	-1	-1	-1	-1	-1	793	downstream_gene_variant	NONE	c.*792_*793insA	.	-1
NC_045512.2	29402	G	T	N	gene-GU280_gp10	MODERATE	missense_variant	transcript	TRANSCRIPT_gene-GU280_gp10	protein_coding	1	c.1129G>T	p.Asp377Tyr	1129	1260	1129	1260	377	419	0	missense_variant	NONE	c.1129G>T	p.Asp377Tyr	419
NC_045512.2	29402	G	T	ORF10	gene-GU280_gp11	MODIFIER	upstream_gene_variant	transcript	TRANSCRIPT_gene-GU280_gp11	protein_coding	-1	c.-156G>T	.	-1	-1	-1	-1	-1	-1	156	upstream_gene_variant	NONE	c.-156G>T	.	-1
NC_045512.2	29402	G	T	S	gene-GU280_gp02	MODIFIER	downstream_gene_variant	transcript	TRANSCRIPT_gene-GU280_gp02	protein_coding	-1	c.*4018G>T	.	-1	-1	-1	-1	-1	-1	4018	downstream_gene_variant	NONE	c.*4018G>T	.	-1
NC_045512.2	29402	G	T	ORF3a	gene-GU280_gp03	MODIFIER	downstream_gene_variant	transcript	TRANSCRIPT_gene-GU280_gp03	protein_coding	-1	c.*3182G>T	.	-1	-1	-1	-1	-1	-1	3182	downstream_gene_variant	NONE	c.*3182G>T	.	-1
NC_045512.2	29402	G	T	E	gene-GU280_gp04	MODIFIER	downstream_gene_variant	transcript	TRANSCRIPT_gene-GU280_gp04	protein_coding	-1	c.*2930G>T	.	-1	-1	-1	-1	-1	-1	2930	downstream_gene_variant	NONE	c.*2930G>T	.	-1
NC_045512.2	29402	G	T	M	gene-GU280_gp05	MODIFIER	downstream_gene_variant	transcript	TRANSCRIPT_gene-GU280_gp05	protein_coding	-1	c.*2211G>T	.	-1	-1	-1	-1	-1	-1	2211	downstream_gene_variant	NONE	c.*2211G>T	.	-1
NC_045512.2	29402	G	T	ORF6	gene-GU280_gp06	MODIFIER	downstream_gene_variant	transcript	TRANSCRIPT_gene-GU280_gp06	protein_coding	-1	c.*2015G>T	.	-1	-1	-1	-1	-1	-1	2015	downstream_gene_variant	NONE	c.*2015G>T	.	-1
NC_045512.2	29402	G	T	ORF7a	gene-GU280_gp07	MODIFIER	downstream_gene_variant	transcript	TRANSCRIPT_gene-GU280_gp07	protein_coding	-1	c.*1643G>T	.	-1	-1	-1	-1	-1	-1	1643	downstream_gene_variant	NONE	c.*1643G>T	.	-1
NC_045512.2	29402	G	T	ORF7b	gene-GU280_gp08	MODIFIER	downstream_gene_variant	transcript	TRANSCRIPT_gene-GU280_gp08	protein_coding	-1	c.*1515G>T	.	-1	-1	-1	-1	-1	-1	1515	downstream_gene_variant	NONE	c.*1515G>T	.	-1
NC_045512.2	29402	G	T	ORF8	gene-GU280_gp09	MODIFIER	downstream_gene_variant	transcript	TRANSCRIPT_gene-GU280_gp09	protein_coding	-1	c.*1143G>T	.	-1	-1	-1	-1	-1	-1	1143	downstream_gene_variant	NONE	c.*1143G>T	.	-1
NC_045512.2	29581	T	C	ORF10	gene-GU280_gp11	LOW	synonymous_variant	transcript	TRANSCRIPT_gene-GU280_gp11	protein_coding	1	c.24T>C	p.Ala8Ala	24	117	24	117	8	38	0	synonymous_variant	NONE	c.24T>C	p.Ala8Ala	38
NC_045512.2	29581	T	C	S	gene-GU280_gp02	MODIFIER	downstream_gene_variant	transcript	TRANSCRIPT_gene-GU280_gp02	protein_coding	-1	c.*4197T>C	.	-1	-1	-1	-1	-1	-1	4197	downstream_gene_variant	NONE	c.*4197T>C	.	-1
NC_045512.2	29581	T	C	ORF3a	gene-GU280_gp03	MODIFIER	downstream_gene_variant	transcript	TRANSCRIPT_gene-GU280_gp03	protein_coding	-1	c.*3361T>C	.	-1	-1	-1	-1	-1	-1	3361	downstream_gene_variant	NONE	c.*3361T>C	.	-1
NC_045512.2	29581	T	C	E	gene-GU280_gp04	MODIFIER	downstream_gene_variant	transcript	TRANSCRIPT_gene-GU280_gp04	protein_coding	-1	c.*3109T>C	.	-1	-1	-1	-1	-1	-1	3109	downstream_gene_variant	NONE	c.*3109T>C	.	-1
NC_045512.2	29581	T	C	M	gene-GU280_gp05	MODIFIER	downstream_gene_variant	transcript	TRANSCRIPT_gene-GU280_gp05	protein_coding	-1	c.*2390T>C	.	-1	-1	-1	-1	-1	-1	2390	downstream_gene_variant	NONE	c.*2390T>C	.	-1
NC_045512.2	29581	T	C	ORF6	gene-GU280_gp06	MODIFIER	downstream_gene_variant	transcript	TRANSCRIPT_gene-GU280_gp06	protein_coding	-1	c.*2194T>C	.	-1	-1	-1	-1	-1	-1	2194	downstream_gene_variant	NONE	c.*2194T>C	.	-1
NC_045512.2	29581	T	C	ORF7a	gene-GU280_gp07	MODIFIER	downstream_gene_variant	transcript	TRANSCRIPT_gene-GU280_gp07	protein_coding	-1	c.*1822T>C	.	-1	-1	-1	-1	-1	-1	1822	downstream_gene_variant	NONE	c.*1822T>C	.	-1
NC_045512.2	29581	T	C	ORF7b	gene-GU280_gp08	MODIFIER	downstream_gene_variant	transcript	TRANSCRIPT_gene-GU280_gp08	protein_coding	-1	c.*1694T>C	.	-1	-1	-1	-1	-1	-1	1694	downstream_gene_variant	NONE	c.*1694T>C	.	-1
NC_045512.2	29581	T	C	ORF8	gene-GU280_gp09	MODIFIER	downstream_gene_variant	transcript	TRANSCRIPT_gene-GU280_gp09	protein_coding	-1	c.*1322T>C	.	-1	-1	-1	-1	-1	-1	1322	downstream_gene_variant	NONE	c.*1322T>C	.	-1
NC_045512.2	29581	T	C	N	gene-GU280_gp10	MODIFIER	downstream_gene_variant	transcript	TRANSCRIPT_gene-GU280_gp10	protein_coding	-1	c.*48T>C	.	-1	-1	-1	-1	-1	-1	48	downstream_gene_variant	NONE	c.*48T>C	.	-1
NC_045512.2	29760	T	C	S	gene-GU280_gp02	MODIFIER	downstream_gene_variant	transcript	TRANSCRIPT_gene-GU280_gp02	protein_coding	-1	c.*4376T>C	.	-1	-1	-1	-1	-1	-1	4376	downstream_gene_variant	NONE	c.*4376T>C	.	-1
NC_045512.2	29760	T	C	ORF3a	gene-GU280_gp03	MODIFIER	downstream_gene_variant	transcript	TRANSCRIPT_gene-GU280_gp03	protein_coding	-1	c.*3540T>C	.	-1	-1	-1	-1	-1	-1	3540	downstream_gene_variant	NONE	c.*3540T>C	.	-1
NC_045512.2	29760	T	C	E	gene-GU280_gp04	MODIFIER	downstream_gene_variant	transcript	TRANSCRIPT_gene-GU280_gp04	protein_coding	-1	c.*3288T>C	.	-1	-1	-1	-1	-1	-1	3288	downstream_gene_variant	NONE	c.*3288T>C	.	-1
NC_045512.2	29760	T	C	M	gene-GU280_gp05	MODIFIER	downstream_gene_variant	transcript	TRANSCRIPT_gene-GU280_gp05	protein_coding	-1	c.*2569T>C	.	-1	-1	-1	-1	-1	-1	2569	downstream_gene_variant	NONE	c.*2569T>C	.	-1
NC_045512.2	29760	T	C	ORF6	gene-GU280_gp06	MODIFIER	downstream_gene_variant	transcript	TRANSCRIPT_gene-GU280_gp06	protein_coding	-1	c.*2373T>C	.	-1	-1	-1	-1	-1	-1	2373	downstream_gene_variant	NONE	c.*2373T>C	.	-1
NC_045512.2	29760	T	C	ORF7a	gene-GU280_gp07	MODIFIER	downstream_gene_variant	transcript	TRANSCRIPT_gene-GU280_gp07	protein_coding	-1	c.*2001T>C	.	-1	-1	-1	-1	-1	-1	2001	downstream_gene_variant	NONE	c.*2001T>C	.	-1
NC_045512.2	29760	T	C	ORF7b	gene-GU280_gp08	MODIFIER	downstream_gene_variant	transcript	TRANSCRIPT_gene-GU280_gp08	protein_coding	-1	c.*1873T>C	.	-1	-1	-1	-1	-1	-1	1873	downstream_gene_variant	NONE	c.*1873T>C	.	-1
NC_045512.2	29760	T	C	ORF8	gene-GU280_gp09	MODIFIER	downstream_gene_variant	transcript	TRANSCRIPT_gene-GU280_gp09	protein_coding	-1	c.*1501T>C	.	-1	-1	-1	-1	-1	-1	1501	downstream_gene_variant	NONE	c.*1501T>C	.	-1
NC_045512.2	29760	T	C	N	gene-GU280_gp10	MODIFIER	downstream_gene_variant	transcript	TRANSCRIPT_gene-GU280_gp10	protein_coding	-1	c.*227T>C	.	-1	-1	-1	-1	-1	-1	227	downstream_gene_variant	NONE	c.*227T>C	.	-1
NC_045512.2	29760	T	C	ORF10	gene-GU280_gp11	MODIFIER	downstream_gene_variant	transcript	TRANSCRIPT_gene-GU280_gp11	protein_coding	-1	c.*86T>C	.	-1	-1	-1	-1	-1	-1	86	downstream_gene_variant	NONE	c.*86T>C	.	-1
NC_045512.2	29760	T	C	ORF10-CHR_END	gene-GU280_gp11-CHR_END	MODIFIER	intergenic_region	intergenic_region	gene-GU280_gp11-CHR_END	.	-1	n.29760T>C	.	-1	-1	-1	-1	-1	-1	0	intergenic_region	NONE	n.29760T>C	.	-1
NC_045512.2	29805	AATG	A	S	gene-GU280_gp02	MODIFIER	downstream_gene_variant	transcript	TRANSCRIPT_gene-GU280_gp02	protein_coding	-1	c.*4422_*4424delATG	.	-1	-1	-1	-1	-1	-1	4422	downstream_gene_variant	NONE	c.*4422_*4424delATG	.	-1
NC_045512.2	29805	AATG	A	ORF3a	gene-GU280_gp03	MODIFIER	downstream_gene_variant	transcript	TRANSCRIPT_gene-GU280_gp03	protein_coding	-1	c.*3586_*3588delATG	.	-1	-1	-1	-1	-1	-1	3586	downstream_gene_variant	NONE	c.*3586_*3588delATG	.	-1
NC_045512.2	29805	AATG	A	E	gene-GU280_gp04	MODIFIER	downstream_gene_variant	transcript	TRANSCRIPT_gene-GU280_gp04	protein_coding	-1	c.*3334_*3336delATG	.	-1	-1	-1	-1	-1	-1	3334	downstream_gene_variant	NONE	c.*3334_*3336delATG	.	-1
NC_045512.2	29805	AATG	A	M	gene-GU280_gp05	MODIFIER	downstream_gene_variant	transcript	TRANSCRIPT_gene-GU280_gp05	protein_coding	-1	c.*2615_*2617delATG	.	-1	-1	-1	-1	-1	-1	2615	downstream_gene_variant	NONE	c.*2615_*2617delATG	.	-1
NC_045512.2	29805	AATG	A	ORF6	gene-GU280_gp06	MODIFIER	downstream_gene_variant	transcript	TRANSCRIPT_gene-GU280_gp06	protein_coding	-1	c.*2419_*2421delATG	.	-1	-1	-1	-1	-1	-1	2419	downstream_gene_variant	NONE	c.*2419_*2421delATG	.	-1
NC_045512.2	29805	AATG	A	ORF7a	gene-GU280_gp07	MODIFIER	downstream_gene_variant	transcript	TRANSCRIPT_gene-GU280_gp07	protein_coding	-1	c.*2047_*2049delATG	.	-1	-1	-1	-1	-1	-1	2047	downstream_gene_variant	NONE	c.*2047_*2049delATG	.	-1
NC_045512.2	29805	AATG	A	ORF7b	gene-GU280_gp08	MODIFIER	downstream_gene_variant	transcript	TRANSCRIPT_gene-GU280_gp08	protein_coding	-1	c.*1919_*1921delATG	.	-1	-1	-1	-1	-1	-1	1919	downstream_gene_variant	NONE	c.*1919_*1921delATG	.	-1
NC_045512.2	29805	AATG	A	ORF8	gene-GU280_gp09	MODIFIER	downstream_gene_variant	transcript	TRANSCRIPT_gene-GU280_gp09	protein_coding	-1	c.*1547_*1549delATG	.	-1	-1	-1	-1	-1	-1	1547	downstream_gene_variant	NONE	c.*1547_*1549delATG	.	-1
NC_045512.2	29805	AATG	A	N	gene-GU280_gp10	MODIFIER	downstream_gene_variant	transcript	TRANSCRIPT_gene-GU280_gp10	protein_coding	-1	c.*273_*275delATG	.	-1	-1	-1	-1	-1	-1	273	downstream_gene_variant	NONE	c.*273_*275delATG	.	-1
NC_045512.2	29805	AATG	A	ORF10	gene-GU280_gp11	MODIFIER	downstream_gene_variant	transcript	TRANSCRIPT_gene-GU280_gp11	protein_coding	-1	c.*132_*134delATG	.	-1	-1	-1	-1	-1	-1	132	downstream_gene_variant	NONE	c.*132_*134delATG	.	-1
NC_045512.2	29805	AATG	A	ORF10-CHR_END	gene-GU280_gp11-CHR_END	MODIFIER	intergenic_region	intergenic_region	gene-GU280_gp11-CHR_END	.	-1	n.29806_29808delATG	.	-1	-1	-1	-1	-1	-1	0	intergenic_region	NONE	n.29806_29808delATG	.	-1
NC_045512.2	29855	T	C	S	gene-GU280_gp02	MODIFIER	downstream_gene_variant	transcript	TRANSCRIPT_gene-GU280_gp02	protein_coding	-1	c.*4471T>C	.	-1	-1	-1	-1	-1	-1	4471	downstream_gene_variant	NONE	c.*4471T>C	.	-1
NC_045512.2	29855	T	C	ORF3a	gene-GU280_gp03	MODIFIER	downstream_gene_variant	transcript	TRANSCRIPT_gene-GU280_gp03	protein_coding	-1	c.*3635T>C	.	-1	-1	-1	-1	-1	-1	3635	downstream_gene_variant	NONE	c.*3635T>C	.	-1
NC_045512.2	29855	T	C	E	gene-GU280_gp04	MODIFIER	downstream_gene_variant	transcript	TRANSCRIPT_gene-GU280_gp04	protein_coding	-1	c.*3383T>C	.	-1	-1	-1	-1	-1	-1	3383	downstream_gene_variant	NONE	c.*3383T>C	.	-1
NC_045512.2	29855	T	C	M	gene-GU280_gp05	MODIFIER	downstream_gene_variant	transcript	TRANSCRIPT_gene-GU280_gp05	protein_coding	-1	c.*2664T>C	.	-1	-1	-1	-1	-1	-1	2664	downstream_gene_variant	NONE	c.*2664T>C	.	-1
NC_045512.2	29855	T	C	ORF6	gene-GU280_gp06	MODIFIER	downstream_gene_variant	transcript	TRANSCRIPT_gene-GU280_gp06	protein_coding	-1	c.*2468T>C	.	-1	-1	-1	-1	-1	-1	2468	downstream_gene_variant	NONE	c.*2468T>C	.	-1
NC_045512.2	29855	T	C	ORF7a	gene-GU280_gp07	MODIFIER	downstream_gene_variant	transcript	TRANSCRIPT_gene-GU280_gp07	protein_coding	-1	c.*2096T>C	.	-1	-1	-1	-1	-1	-1	2096	downstream_gene_variant	NONE	c.*2096T>C	.	-1
NC_045512.2	29855	T	C	ORF7b	gene-GU280_gp08	MODIFIER	downstream_gene_variant	transcript	TRANSCRIPT_gene-GU280_gp08	protein_coding	-1	c.*1968T>C	.	-1	-1	-1	-1	-1	-1	1968	downstream_gene_variant	NONE	c.*1968T>C	.	-1
NC_045512.2	29855	T	C	ORF8	gene-GU280_gp09	MODIFIER	downstream_gene_variant	transcript	TRANSCRIPT_gene-GU280_gp09	protein_coding	-1	c.*1596T>C	.	-1	-1	-1	-1	-1	-1	1596	downstream_gene_variant	NONE	c.*1596T>C	.	-1
NC_045512.2	29855	T	C	N	gene-GU280_gp10	MODIFIER	downstream_gene_variant	transcript	TRANSCRIPT_gene-GU280_gp10	protein_coding	-1	c.*322T>C	.	-1	-1	-1	-1	-1	-1	322	downstream_gene_variant	NONE	c.*322T>C	.	-1
NC_045512.2	29855	T	C	ORF10	gene-GU280_gp11	MODIFIER	downstream_gene_variant	transcript	TRANSCRIPT_gene-GU280_gp11	protein_coding	-1	c.*181T>C	.	-1	-1	-1	-1	-1	-1	181	downstream_gene_variant	NONE	c.*181T>C	.	-1
NC_045512.2	29855	T	C	ORF10-CHR_END	gene-GU280_gp11-CHR_END	MODIFIER	intergenic_region	intergenic_region	gene-GU280_gp11-CHR_END	.	-1	n.29855T>C	.	-1	-1	-1	-1	-1	-1	0	intergenic_region	NONE	n.29855T>C	.	-1
