"","ID","SNP","POS","REF","ALT","GENE","EFF","AA"
"1","432870","A9085G",9085,"A","G","ORF1ab","synonymous","p.Glu2940Glu"
"2","432870","C11956T",11956,"C","T","ORF1ab","synonymous","p.Asp3897Asp"
"3","432870","C12623T",12623,"C","T","ORF1ab","nonsynonymous","p.Pro4120Ser"
"4","432870","C14805T",14805,"C","T","ORF1ab","nonsynonymous","p.Thr4847Ile"
"5","432870","A18424G",18424,"A","G","ORF1ab","synonymous","p.Leu6053Leu"
"6","432870","C21304T",21304,"C","T","ORF1ab","synonymous","p.His7013His"
"7","432870","G24933T",24933,"G","T","S","nonsynonymous","p.Gly1124Val"
"8","432870","C28869T",28869,"C","T","N","nonsynonymous","p.Pro199Leu"
"9","433227","C1549T",1549,"C","T","ORF1ab","synonymous","p.Ser428Ser"
"10","433227","C17012T",17012,"C","T","ORF1ab","nonsynonymous","p.Gln5583*"
"11","433227","CT23334C",23334,"CT","C","S","nonsynonymous","p.Phe592fs"
"12","433227","C24099G",24099,"C","G","S","nonsynonymous","p.Ala846Gly"
"13","435786","C5416T",5416,"C","T","ORF1ab","synonymous","p.Tyr1717Tyr"
"14","435805","A23583T",23583,"A","T","S","nonsynonymous","p.Tyr674Phe"
"15","435805","C25578T",25578,"C","T","ORF3a","synonymous","p.Ile62Ile"
"16","442978","G1478A",1478,"G","A","ORF1ab","nonsynonymous","p.Ala405Thr"
"17","444332","T4183C",4183,"T","C","ORF1ab","synonymous","p.Ala1306Ala"
"18","444332","T9481C",9481,"T","C","ORF1ab","synonymous","p.Gly3072Gly"
"19","444332","C20178T",20178,"C","T","ORF1ab","nonsynonymous","p.Ser6638Phe"
"20","444332","G25907T",25907,"G","T","ORF3a","nonsynonymous","p.Gly172Val"
"21","444446","C683T",683,"C","T","ORF1ab","synonymous","p.Leu140Leu"
"22","444446","C5654T",5654,"C","T","ORF1ab","synonymous","p.Leu1797Leu"
"23","444446","C13011T",13011,"C","T","ORF1ab","nonsynonymous","p.Thr4249Ile"
"24","444446","C25521T",25521,"C","T","ORF3a","synonymous","p.Phe43Phe"
"25","444446","C28905T",28905,"C","T","N","nonsynonymous","p.Ala211Val"
"26","444633","C3714T",3714,"C","T","ORF1ab","nonsynonymous","p.Ser1150Leu"
"27","444633","C11152T",11152,"C","T","ORF1ab","synonymous","p.Val3629Val"
"28","445602","T29576C",29576,"T","C","ORF10","nonsynonymous","p.Phe7Leu"
"29","449650","C11572T",11572,"C","T","ORF1ab","synonymous","p.Phe3769Phe"
"30","449650","G25500A",25500,"G","A","ORF3a","synonymous","p.Pro36Pro"
"31","450241","C15714T",15714,"C","T","ORF1ab","nonsynonymous","p.Ser5150Phe"
"32","450241","TTTA21990T",21990,"TTTA","T","S","nonsynonymous","p.Tyr145del"
"33","450348","C1628CA",1628,"C","CA","ORF1ab","nonsynonymous","p.Glu457fs"
"34","450348","C2395T",2395,"C","T","ORF1ab","synonymous","p.Val710Val"
"35","451152","C22713T",22713,"C","T","S","nonsynonymous","p.Pro384Leu"
"36","451709","T14933A",14933,"T","A","ORF1ab","nonsynonymous","p.Ter4890Lysext*?"
"37","451709","C28011T",28011,"C","T","ORF8","nonsynonymous","p.His40Tyr"
"38","453058","TGTTATG514T",514,"TGTTATG","T","ORF1ab","nonsynonymous","p.Met85_Val86del"
"39","459597","G7936T",7936,"G","T","ORF1ab","synonymous","p.Ala2557Ala"
"40","471467","CA8376C",8376,"CA","C","ORF1ab","nonsynonymous","p.Ser2706fs"
"41","471467","G27598C",27598,"G","C","ORF7a","nonsynonymous","p.Asp69His"
"42","471588","T76A",76,"T","A","5'UTR","UTR",NA
"43","471588","A16693G",16693,"A","G","ORF1ab","synonymous","p.Leu5476Leu"
"44","471588","G28851T",28851,"G","T","N","nonsynonymous","p.Ser193Ile"
