"","user_432686","user_433227","user_438577","user_442978","user_444332","user_444633","user_450241","user_451152","user_451709","user_453058","user_459597","user_471467","user_471588","user_475670"
"time point 1",5,13,2,3,17,3,8,3,18,0,24,4,5,4
"time point 2",0,4,7,3,4,2,4,5,59,6,2,5,6,8
"time point 3",19,2,8,9,3,5,1,2,6,7,5,7,6,5
"time point 4",18,3,7,6,2,6,NA,26,2,4,12,7,0,6
"time point 5",NA,3,8,4,4,3,NA,39,44,5,3,14,NA,2
"time point 6",NA,9,9,2,4,NA,NA,NA,6,NA,NA,NA,NA,NA
"time point 7",NA,NA,NA,NA,0,NA,NA,NA,9,NA,NA,NA,NA,NA
"time point 8",NA,NA,NA,NA,6,NA,NA,NA,22,NA,NA,NA,NA,NA
"time point 9",NA,NA,NA,NA,6,NA,NA,NA,NA,NA,NA,NA,NA,NA
"time point 10",NA,NA,NA,NA,20,NA,NA,NA,NA,NA,NA,NA,NA,NA
