"","user_432686","user_433227","user_438577","user_442978","user_444332","user_444633","user_450241","user_451152","user_451709","user_453058","user_459597","user_471467","user_471588","user_475670"
"time point 1",NA,NA,NA,NA,NA,NA,NA,NA,NA,NA,NA,NA,NA,NA
"time point 2",NA,NA,NA,NA,NA,NA,NA,NA,NA,NA,NA,NA,NA,NA
"time point 3",NA,NA,NA,NA,NA,NA,NA,NA,NA,NA,NA,NA,NA,NA
"time point 4",NA,NA,NA,NA,NA,NA,NA,NA,NA,NA,NA,NA,NA,NA
"time point 5",NA,NA,NA,NA,NA,NA,NA,NA,NA,NA,NA,NA,NA,NA
"time point 6",NA,NA,NA,NA,NA,NA,NA,NA,NA,NA,NA,NA,NA,NA
"time point 7",NA,NA,NA,NA,NA,NA,NA,NA,NA,NA,NA,NA,NA,NA
"time point 8",NA,NA,NA,NA,NA,NA,NA,NA,NA,NA,NA,NA,NA,NA
"time point 9",NA,NA,NA,NA,NA,NA,NA,NA,NA,NA,NA,NA,NA,NA
"time point 10",NA,NA,NA,NA,NA,NA,NA,NA,NA,NA,NA,NA,NA,NA
