"","user_432686","user_433227","user_438577","user_442978","user_444332","user_444633","user_450241","user_451152","user_451709","user_453058","user_459597","user_471467","user_471588","user_475670"
"time point 1",0,1,0,0,1,0,3,0,1,0,1,1,1,4
"time point 2",0,1,0,35,0,0,5,0,2,0,0,1,0,4
"time point 3",3,1,0,3,0,1,NA,0,1,0,0,1,1,4
"time point 4",NA,1,1,1,0,1,NA,NA,2,0,0,1,0,3
"time point 5",NA,1,1,2,1,1,NA,NA,0,0,0,NA,NA,5
"time point 6",NA,NA,0,NA,2,NA,NA,NA,NA,NA,NA,NA,NA,NA
"time point 7",NA,NA,NA,NA,2,NA,NA,NA,NA,NA,NA,NA,NA,NA
"time point 8",NA,NA,NA,NA,2,NA,NA,NA,NA,NA,NA,NA,NA,NA
"time point 9",NA,NA,NA,NA,1,NA,NA,NA,NA,NA,NA,NA,NA,NA
