"","461913","471876","475670","475951","481242","481672","482828","484249","486422","487250","487297","487941"
"time point 1",194,17,3,1,10,90,3,1,22,10,2,59
"time point 2",NA,20,27,3,79,NA,166,94,93,110,0,NA
"time point 3",NA,4,78,11,17,NA,9,NA,52,82,75,NA
"time point 4",NA,5,25,13,62,NA,80,NA,NA,241,NA,NA
"time point 5",NA,36,6,NA,26,NA,NA,NA,NA,NA,NA,NA
"time point 6",NA,141,4,NA,84,NA,NA,NA,NA,NA,NA,NA
"time point 7",NA,100,40,NA,61,NA,NA,NA,NA,NA,NA,NA
"time point 8",NA,72,NA,NA,NA,NA,NA,NA,NA,NA,NA,NA
