,ID,SNP,POS,REF,ALT,GENE,EFF,AA
44,487250,G2666C,2666,G,C,ORF1ab,nonsynonymous,p.Ala801Pro
45,487250,CA3634C,3634,CA,C,ORF1ab,nonsynonymous,p.Gly1125fs
46,487250,C4901A,4901,C,A,ORF1ab,nonsynonymous,p.Leu1546Ile
19,475670,C6196T,6196,C,T,ORF1ab,synonymous,p.Pro1977Pro
47,487250,G6323A,6323,G,A,ORF1ab,nonsynonymous,p.Glu2020Lys
20,475670,G7405T,7405,G,T,ORF1ab,nonsynonymous,p.Met2380Ile
24,481242,CA8299C,8299,CA,C,ORF1ab,nonsynonymous,p.Val2680fs
48,487250,CA8376C,8376,CA,C,ORF1ab,nonsynonymous,p.Ser2706fs
25,481242,C9502T,9502,C,T,ORF1ab,synonymous,p.Ala3079Ala
26,481242,CA10820C,10820,CA,C,ORF1ab,nonsynonymous,p.Thr3520fs
27,481242,T10933C,10933,T,C,ORF1ab,synonymous,p.Pro3556Pro
28,481242,T11566C,11566,T,C,ORF1ab,synonymous,p.Pro3767Pro
21,475670,C12778T,12778,C,T,ORF1ab,synonymous,p.Tyr4171Tyr
1,471876,T16176C,16176,T,C,ORF1ab,nonsynonymous,p.Leu5304Pro
29,481242,G16396A,16396,G,A,ORF1ab,synonymous,p.Gln5377Gln
2,471876,G17259T,17259,G,T,ORF1ab,nonsynonymous,p.Ser5665Ile
3,471876,C17436T,17436,C,T,ORF1ab,nonsynonymous,p.Ala5724Val
49,487250,CA22009C,22009,CA,C,S,nonsynonymous,p.Ser151fs
38,482828,G22936T,22936,G,T,S,nonsynonymous,p.Lys458Asn
4,471876,G23593T,23593,G,T,S,nonsynonymous,p.Gln677His
5,471876,C23604A,23604,C,A,S,nonsynonymous,p.Pro681His
30,481242,C23604A,23604,C,A,S,nonsynonymous,p.Pro681His
31,481242,C24642T,24642,C,T,S,nonsynonymous,p.Thr1027Ile
39,482828,C25207T,25207,C,T,S,synonymous,p.Tyr1215Tyr
32,481242,G25348C,25348,G,C,S,nonsynonymous,p.Glu1262Asp
6,471876,G26268T,26268,G,T,E,nonsynonymous,p.Glu8Asp
7,471876,G26268C,26268,G,C,E,nonsynonymous,p.Glu8Asp
22,475670,G28262A,28262,G,A,UTR,UTR,NA
23,475670,G28262GAACA,28262,G,GAACA,UTR,UTR,NA
33,481242,G28262A,28262,G,A,UTR,UTR,NA
34,481242,G28262GAACA,28262,G,GAACA,UTR,UTR,NA
40,482828,TA28270T,28270,TA,T,UTR,UTR,NA
41,482828,G28280C,28280,G,C,N,nonsynonymous,p.Asp3His
42,482828,A28281T,28281,A,T,N,nonsynonymous,p.Asp3Val
50,487250,A28281T,28281,A,T,N,nonsynonymous,p.Asp3Val
43,482828,T28282A,28282,T,A,N,nonsynonymous,p.Asp3Glu
8,471876,C28472T,28472,C,T,N,nonsynonymous,p.Pro67Ser
35,481242,C28512G,28512,C,G,N,nonsynonymous,p.Pro80Arg
9,471876,C28869T,28869,C,T,N,nonsynonymous,p.Pro199Leu
10,471876,G28881A,28881,G,A,N,nonsynonymous,p.Arg203Lys
11,471876,G28882A,28882,G,A,N,synonymous,p.Arg203Arg
12,471876,G28883C,28883,G,C,N,nonsynonymous,p.Gly204Arg
13,471876,C29095T,29095,C,T,N,synonymous,p.Phe274Phe
14,471876,TA29377T,29377,TA,T,N,nonsynonymous,p.Lys370fs
15,471876,G29402T,29402,G,T,N,nonsynonymous,p.Asp377Tyr
16,471876,G29422T,29422,G,T,N,synonymous,p.Pro383Pro
17,471876,G29440T,29440,G,T,N,nonsynonymous,p.Gln389His
18,471876,CA29441C,29441,CA,C,N,nonsynonymous,p.Thr391fs
36,481242,CT29679C,29679,CT,C,3'UTR,UTR,NA
37,481242,G29701A,29701,G,A,3'UTR,UTR,NA