CHROM	POS	REF	ALT	ANN[*].GENE	ANN[*].GENEID	ANN[*].IMPACT	ANN[*].EFFECT	ANN[*].FEATURE	ANN[*].FEATUREID	ANN[*].BIOTYPE	ANN[*].RANK	ANN[*].HGVS_C	ANN[*].HGVS_P	ANN[*].CDNA_POS	ANN[*].CDNA_LEN	ANN[*].CDS_POS	ANN[*].CDS_LEN	ANN[*].AA_POS	ANN[*].AA_LEN	ANN[*].DISTANCE	EFF[*].EFFECT	EFF[*].FUNCLASS	EFF[*].CODON	EFF[*].AA	EFF[*].AA_LEN
NC_045512.2	76	T	A	ORF1ab	gene-GU280_gp01	MODIFIER	upstream_gene_variant	transcript	TRANSCRIPT_gene-GU280_gp01	protein_coding	-1	c.-190T>A	.	-1	-1	-1	-1	-1	-1	190	upstream_gene_variant	NONE	c.-190T>A	.	-1
NC_045512.2	76	T	A	CHR_START-ORF1ab	CHR_START-gene-GU280_gp01	MODIFIER	intergenic_region	intergenic_region	CHR_START-gene-GU280_gp01	.	-1	n.76T>A	.	-1	-1	-1	-1	-1	-1	0	intergenic_region	NONE	n.76T>A	.	-1
NC_045512.2	78	T	G	ORF1ab	gene-GU280_gp01	MODIFIER	upstream_gene_variant	transcript	TRANSCRIPT_gene-GU280_gp01	protein_coding	-1	c.-188T>G	.	-1	-1	-1	-1	-1	-1	188	upstream_gene_variant	NONE	c.-188T>G	.	-1
NC_045512.2	78	T	G	CHR_START-ORF1ab	CHR_START-gene-GU280_gp01	MODIFIER	intergenic_region	intergenic_region	CHR_START-gene-GU280_gp01	.	-1	n.78T>G	.	-1	-1	-1	-1	-1	-1	0	intergenic_region	NONE	n.78T>G	.	-1
NC_045512.2	241	C	T	ORF1ab	gene-GU280_gp01	MODIFIER	upstream_gene_variant	transcript	TRANSCRIPT_gene-GU280_gp01	protein_coding	-1	c.-25C>T	.	-1	-1	-1	-1	-1	-1	25	upstream_gene_variant	NONE	c.-25C>T	.	-1
NC_045512.2	241	C	T	CHR_START-ORF1ab	CHR_START-gene-GU280_gp01	MODIFIER	intergenic_region	intergenic_region	CHR_START-gene-GU280_gp01	.	-1	n.241C>T	.	-1	-1	-1	-1	-1	-1	0	intergenic_region	NONE	n.241C>T	.	-1
NC_045512.2	1059	C	T	ORF1ab	gene-GU280_gp01	MODERATE	missense_variant	transcript	TRANSCRIPT_gene-GU280_gp01	protein_coding	1	c.794C>T	p.Thr265Ile	794	21290	794	21290	265	7095	0	missense_variant	NONE	c.794C>T	p.Thr265Ile	7095
NC_045512.2	1148	G	T	ORF1ab	gene-GU280_gp01	MODERATE	missense_variant	transcript	TRANSCRIPT_gene-GU280_gp01	protein_coding	1	c.883G>T	p.Gly295Cys	883	21290	883	21290	295	7095	0	missense_variant	NONE	c.883G>T	p.Gly295Cys	7095
NC_045512.2	2698	T	C	ORF1ab	gene-GU280_gp01	LOW	synonymous_variant	transcript	TRANSCRIPT_gene-GU280_gp01	protein_coding	1	c.2433T>C	p.Asn811Asn	2433	21290	2433	21290	811	7095	0	synonymous_variant	NONE	c.2433T>C	p.Asn811Asn	7095
NC_045512.2	3037	C	T	ORF1ab	gene-GU280_gp01	LOW	synonymous_variant	transcript	TRANSCRIPT_gene-GU280_gp01	protein_coding	1	c.2772C>T	p.Phe924Phe	2772	21290	2772	21290	924	7095	0	synonymous_variant	NONE	c.2772C>T	p.Phe924Phe	7095
NC_045512.2	3739	T	C	ORF1ab	gene-GU280_gp01	LOW	synonymous_variant	transcript	TRANSCRIPT_gene-GU280_gp01	protein_coding	1	c.3474T>C	p.Pro1158Pro	3474	21290	3474	21290	1158	7095	0	synonymous_variant	NONE	c.3474T>C	p.Pro1158Pro	7095
NC_045512.2	3740	A	C	ORF1ab	gene-GU280_gp01	MODERATE	missense_variant	transcript	TRANSCRIPT_gene-GU280_gp01	protein_coding	1	c.3475A>C	p.Ile1159Leu	3475	21290	3475	21290	1159	7095	0	missense_variant	NONE	c.3475A>C	p.Ile1159Leu	7095
NC_045512.2	3747	CT	C	ORF1ab	gene-GU280_gp01	HIGH	frameshift_variant	transcript	TRANSCRIPT_gene-GU280_gp01	protein_coding	1	c.3485delT	p.Leu1162fs	3485	21290	3485	21290	1162	7095	0	frameshift_variant	NONE	c.3485delT	p.Leu1162fs	7095
NC_045512.2	3758	T	C	ORF1ab	gene-GU280_gp01	MODERATE	missense_variant	transcript	TRANSCRIPT_gene-GU280_gp01	protein_coding	1	c.3493T>C	p.Cys1165Arg	3493	21290	3493	21290	1165	7095	0	missense_variant	NONE	c.3493T>C	p.Cys1165Arg	7095
NC_045512.2	3758	TG	T	ORF1ab	gene-GU280_gp01	HIGH	frameshift_variant	transcript	TRANSCRIPT_gene-GU280_gp01	protein_coding	1	c.3494delG	p.Cys1165fs	3494	21290	3494	21290	1165	7095	0	frameshift_variant	NONE	c.3494delG	p.Cys1165fs	7095
NC_045512.2	3792	C	T	ORF1ab	gene-GU280_gp01	MODERATE	missense_variant	transcript	TRANSCRIPT_gene-GU280_gp01	protein_coding	1	c.3527C>T	p.Ala1176Val	3527	21290	3527	21290	1176	7095	0	missense_variant	NONE	c.3527C>T	p.Ala1176Val	7095
NC_045512.2	3802	TA	T	ORF1ab	gene-GU280_gp01	HIGH	frameshift_variant	transcript	TRANSCRIPT_gene-GU280_gp01	protein_coding	1	c.3542delA	p.Asn1181fs	3542	21290	3542	21290	1181	7095	0	frameshift_variant	NONE	c.3542delA	p.Asn1181fs	7095
NC_045512.2	3813	A	T	ORF1ab	gene-GU280_gp01	MODERATE	missense_variant	transcript	TRANSCRIPT_gene-GU280_gp01	protein_coding	1	c.3548A>T	p.Tyr1183Phe	3548	21290	3548	21290	1183	7095	0	missense_variant	NONE	c.3548A>T	p.Tyr1183Phe	7095
NC_045512.2	3850	TG	T	ORF1ab	gene-GU280_gp01	HIGH	frameshift_variant	transcript	TRANSCRIPT_gene-GU280_gp01	protein_coding	1	c.3586delG	p.Glu1196fs	3586	21290	3586	21290	1196	7095	0	frameshift_variant	NONE	c.3586delG	p.Glu1196fs	7095
NC_045512.2	3906	T	C	ORF1ab	gene-GU280_gp01	MODERATE	missense_variant	transcript	TRANSCRIPT_gene-GU280_gp01	protein_coding	1	c.3641T>C	p.Phe1214Ser	3641	21290	3641	21290	1214	7095	0	missense_variant	NONE	c.3641T>C	p.Phe1214Ser	7095
NC_045512.2	3919	TA	T	ORF1ab	gene-GU280_gp01	HIGH	frameshift_variant	transcript	TRANSCRIPT_gene-GU280_gp01	protein_coding	1	c.3657delA	p.Lys1219fs	3657	21290	3657	21290	1219	7095	0	frameshift_variant	NONE	c.3657delA	p.Lys1219fs	7095
NC_045512.2	6787	T	C	ORF1ab	gene-GU280_gp01	LOW	synonymous_variant	transcript	TRANSCRIPT_gene-GU280_gp01	protein_coding	1	c.6522T>C	p.Thr2174Thr	6522	21290	6522	21290	2174	7095	0	synonymous_variant	NONE	c.6522T>C	p.Thr2174Thr	7095
NC_045512.2	6850	G	A	ORF1ab	gene-GU280_gp01	LOW	synonymous_variant	transcript	TRANSCRIPT_gene-GU280_gp01	protein_coding	1	c.6585G>A	p.Pro2195Pro	6585	21290	6585	21290	2195	7095	0	synonymous_variant	NONE	c.6585G>A	p.Pro2195Pro	7095
NC_045512.2	6930	ATT	A	ORF1ab	gene-GU280_gp01	HIGH	frameshift_variant	transcript	TRANSCRIPT_gene-GU280_gp01	protein_coding	1	c.6669_6670delTT	p.Ser2224fs	6669	21290	6669	21290	2223	7095	0	frameshift_variant	NONE	c.6669_6670delTT	p.Ser2224fs	7095
NC_045512.2	7367	A	G	ORF1ab	gene-GU280_gp01	MODERATE	missense_variant	transcript	TRANSCRIPT_gene-GU280_gp01	protein_coding	1	c.7102A>G	p.Ile2368Val	7102	21290	7102	21290	2368	7095	0	missense_variant	NONE	c.7102A>G	p.Ile2368Val	7095
NC_045512.2	8376	CA	C	ORF1ab	gene-GU280_gp01	HIGH	frameshift_variant	transcript	TRANSCRIPT_gene-GU280_gp01	protein_coding	1	c.8116delA	p.Ser2706fs	8116	21290	8116	21290	2706	7095	0	frameshift_variant	NONE	c.8116delA	p.Ser2706fs	7095
NC_045512.2	8556	A	G	ORF1ab	gene-GU280_gp01	MODERATE	missense_variant	transcript	TRANSCRIPT_gene-GU280_gp01	protein_coding	1	c.8291A>G	p.Lys2764Arg	8291	21290	8291	21290	2764	7095	0	missense_variant	NONE	c.8291A>G	p.Lys2764Arg	7095
NC_045512.2	9520	C	T	ORF1ab	gene-GU280_gp01	LOW	synonymous_variant	transcript	TRANSCRIPT_gene-GU280_gp01	protein_coding	1	c.9255C>T	p.Phe3085Phe	9255	21290	9255	21290	3085	7095	0	synonymous_variant	NONE	c.9255C>T	p.Phe3085Phe	7095
NC_045512.2	9733	CT	C	ORF1ab	gene-GU280_gp01	HIGH	frameshift_variant	transcript	TRANSCRIPT_gene-GU280_gp01	protein_coding	1	c.9471delT	p.Phe3157fs	9471	21290	9471	21290	3157	7095	0	frameshift_variant	NONE	c.9471delT	p.Phe3157fs	7095
NC_045512.2	9761	G	C	ORF1ab	gene-GU280_gp01	MODERATE	missense_variant	transcript	TRANSCRIPT_gene-GU280_gp01	protein_coding	1	c.9496G>C	p.Val3166Leu	9496	21290	9496	21290	3166	7095	0	missense_variant	NONE	c.9496G>C	p.Val3166Leu	7095
NC_045512.2	10319	C	T	ORF1ab	gene-GU280_gp01	MODERATE	missense_variant	transcript	TRANSCRIPT_gene-GU280_gp01	protein_coding	1	c.10054C>T	p.Leu3352Phe	10054	21290	10054	21290	3352	7095	0	missense_variant	NONE	c.10054C>T	p.Leu3352Phe	7095
NC_045512.2	11074	CT	C	ORF1ab	gene-GU280_gp01	HIGH	frameshift_variant	transcript	TRANSCRIPT_gene-GU280_gp01	protein_coding	1	c.10817delT	p.Leu3606fs	10817	21290	10817	21290	3606	7095	0	frameshift_variant	NONE	c.10817delT	p.Leu3606fs	7095
NC_045512.2	11074	C	CT	ORF1ab	gene-GU280_gp01	HIGH	frameshift_variant	transcript	TRANSCRIPT_gene-GU280_gp01	protein_coding	1	c.10817dupT	p.Leu3606fs	10818	21290	10818	21290	3606	7095	0	frameshift_variant	NONE	c.10817dupT	p.Leu3606fs	7095
NC_045512.2	11567	A	AT	ORF1ab	gene-GU280_gp01	HIGH	frameshift_variant	transcript	TRANSCRIPT_gene-GU280_gp01	protein_coding	1	c.11306dupT	p.Phe3770fs	11307	21290	11307	21290	3769	7095	0	frameshift_variant	NONE	c.11306dupT	p.Phe3770fs	7095
NC_045512.2	11572	C	T	ORF1ab	gene-GU280_gp01	LOW	synonymous_variant	transcript	TRANSCRIPT_gene-GU280_gp01	protein_coding	1	c.11307C>T	p.Phe3769Phe	11307	21290	11307	21290	3769	7095	0	synonymous_variant	NONE	c.11307C>T	p.Phe3769Phe	7095
NC_045512.2	14408	C	T	ORF1ab	gene-GU280_gp01	LOW	synonymous_variant	transcript	TRANSCRIPT_gene-GU280_gp01	protein_coding	1	c.14143C>T	p.Leu4715Leu	14143	21290	14143	21290	4715	7095	0	synonymous_variant	NONE	c.14143C>T	p.Leu4715Leu	7095
NC_045512.2	14933	T	A	ORF1ab	gene-GU280_gp01	HIGH	stop_lost	transcript	TRANSCRIPT_gene-GU280_gp01	protein_coding	1	c.14668T>A	p.Ter4890Lysext*?	14668	21290	14668	21290	4890	7095	0	stop_lost	NONE	c.14668T>A	p.Ter4890Lysext*?	7095
NC_045512.2	18424	A	G	ORF1ab	gene-GU280_gp01	LOW	synonymous_variant	transcript	TRANSCRIPT_gene-GU280_gp01	protein_coding	1	c.18159A>G	p.Leu6053Leu	18159	21290	18159	21290	6053	7095	0	synonymous_variant	NONE	c.18159A>G	p.Leu6053Leu	7095
NC_045512.2	18424	A	G	S	gene-GU280_gp02	MODIFIER	upstream_gene_variant	transcript	TRANSCRIPT_gene-GU280_gp02	protein_coding	-1	c.-3139A>G	.	-1	-1	-1	-1	-1	-1	3139	upstream_gene_variant	NONE	c.-3139A>G	.	-1
NC_045512.2	20189	C	T	ORF1ab	gene-GU280_gp01	LOW	synonymous_variant	transcript	TRANSCRIPT_gene-GU280_gp01	protein_coding	1	c.19924C>T	p.Leu6642Leu	19924	21290	19924	21290	6642	7095	0	synonymous_variant	NONE	c.19924C>T	p.Leu6642Leu	7095
NC_045512.2	20189	C	T	S	gene-GU280_gp02	MODIFIER	upstream_gene_variant	transcript	TRANSCRIPT_gene-GU280_gp02	protein_coding	-1	c.-1374C>T	.	-1	-1	-1	-1	-1	-1	1374	upstream_gene_variant	NONE	c.-1374C>T	.	-1
NC_045512.2	20275	G	T	ORF1ab	gene-GU280_gp01	MODERATE	missense_variant	transcript	TRANSCRIPT_gene-GU280_gp01	protein_coding	1	c.20010G>T	p.Trp6670Cys	20010	21290	20010	21290	6670	7095	0	missense_variant	NONE	c.20010G>T	p.Trp6670Cys	7095
NC_045512.2	20275	G	T	S	gene-GU280_gp02	MODIFIER	upstream_gene_variant	transcript	TRANSCRIPT_gene-GU280_gp02	protein_coding	-1	c.-1288G>T	.	-1	-1	-1	-1	-1	-1	1288	upstream_gene_variant	NONE	c.-1288G>T	.	-1
NC_045512.2	20332	GGA	G	ORF1ab	gene-GU280_gp01	HIGH	frameshift_variant	transcript	TRANSCRIPT_gene-GU280_gp01	protein_coding	1	c.20070_20071delGA	p.Glu6690fs	20070	21290	20070	21290	6690	7095	0	frameshift_variant	NONE	c.20070_20071delGA	p.Glu6690fs	7095
NC_045512.2	20332	GGA	G	S	gene-GU280_gp02	MODIFIER	upstream_gene_variant	transcript	TRANSCRIPT_gene-GU280_gp02	protein_coding	-1	c.-1230_-1229delGA	.	-1	-1	-1	-1	-1	-1	1230	upstream_gene_variant	NONE	c.-1230_-1229delGA	.	-1
NC_045512.2	20357	G	C	ORF1ab	gene-GU280_gp01	MODERATE	missense_variant	transcript	TRANSCRIPT_gene-GU280_gp01	protein_coding	1	c.20092G>C	p.Val6698Leu	20092	21290	20092	21290	6698	7095	0	missense_variant	NONE	c.20092G>C	p.Val6698Leu	7095
NC_045512.2	20357	G	C	S	gene-GU280_gp02	MODIFIER	upstream_gene_variant	transcript	TRANSCRIPT_gene-GU280_gp02	protein_coding	-1	c.-1206G>C	.	-1	-1	-1	-1	-1	-1	1206	upstream_gene_variant	NONE	c.-1206G>C	.	-1
NC_045512.2	20474	C	T	ORF1ab	gene-GU280_gp01	HIGH	stop_gained	transcript	TRANSCRIPT_gene-GU280_gp01	protein_coding	1	c.20209C>T	p.Gln6737*	20209	21290	20209	21290	6737	7095	0	stop_gained	NONE	c.20209C>T	p.Gln6737*	7095
NC_045512.2	20474	C	T	S	gene-GU280_gp02	MODIFIER	upstream_gene_variant	transcript	TRANSCRIPT_gene-GU280_gp02	protein_coding	-1	c.-1089C>T	.	-1	-1	-1	-1	-1	-1	1089	upstream_gene_variant	NONE	c.-1089C>T	.	-1
NC_045512.2	20474	C	T	ORF3a	gene-GU280_gp03	MODIFIER	upstream_gene_variant	transcript	TRANSCRIPT_gene-GU280_gp03	protein_coding	-1	c.-4919C>T	.	-1	-1	-1	-1	-1	-1	4919	upstream_gene_variant	NONE	c.-4919C>T	.	-1
NC_045512.2	20476	G	A	ORF1ab	gene-GU280_gp01	LOW	synonymous_variant	transcript	TRANSCRIPT_gene-GU280_gp01	protein_coding	1	c.20211G>A	p.Gln6737Gln	20211	21290	20211	21290	6737	7095	0	synonymous_variant	NONE	c.20211G>A	p.Gln6737Gln	7095
NC_045512.2	20476	G	A	S	gene-GU280_gp02	MODIFIER	upstream_gene_variant	transcript	TRANSCRIPT_gene-GU280_gp02	protein_coding	-1	c.-1087G>A	.	-1	-1	-1	-1	-1	-1	1087	upstream_gene_variant	NONE	c.-1087G>A	.	-1
NC_045512.2	20476	G	A	ORF3a	gene-GU280_gp03	MODIFIER	upstream_gene_variant	transcript	TRANSCRIPT_gene-GU280_gp03	protein_coding	-1	c.-4917G>A	.	-1	-1	-1	-1	-1	-1	4917	upstream_gene_variant	NONE	c.-4917G>A	.	-1
NC_045512.2	20486	AGT	A	ORF1ab	gene-GU280_gp01	HIGH	frameshift_variant	transcript	TRANSCRIPT_gene-GU280_gp01	protein_coding	1	c.20230_20231delGT	p.Val6744fs	20230	21290	20230	21290	6744	7095	0	frameshift_variant	NONE	c.20230_20231delGT	p.Val6744fs	7095
NC_045512.2	20486	AGT	A	S	gene-GU280_gp02	MODIFIER	upstream_gene_variant	transcript	TRANSCRIPT_gene-GU280_gp02	protein_coding	-1	c.-1076_-1075delGT	.	-1	-1	-1	-1	-1	-1	1076	upstream_gene_variant	NONE	c.-1076_-1075delGT	.	-1
NC_045512.2	20486	AGT	A	ORF3a	gene-GU280_gp03	MODIFIER	upstream_gene_variant	transcript	TRANSCRIPT_gene-GU280_gp03	protein_coding	-1	c.-4906_-4905delGT	.	-1	-1	-1	-1	-1	-1	4906	upstream_gene_variant	NONE	c.-4906_-4905delGT	.	-1
NC_045512.2	20522	AT	A	ORF1ab	gene-GU280_gp01	HIGH	frameshift_variant	transcript	TRANSCRIPT_gene-GU280_gp01	protein_coding	1	c.20261delT	p.Leu6754fs	20261	21290	20261	21290	6754	7095	0	frameshift_variant	NONE	c.20261delT	p.Leu6754fs	7095
NC_045512.2	20522	AT	A	S	gene-GU280_gp02	MODIFIER	upstream_gene_variant	transcript	TRANSCRIPT_gene-GU280_gp02	protein_coding	-1	c.-1040delT	.	-1	-1	-1	-1	-1	-1	1040	upstream_gene_variant	NONE	c.-1040delT	.	-1
NC_045512.2	20522	AT	A	ORF3a	gene-GU280_gp03	MODIFIER	upstream_gene_variant	transcript	TRANSCRIPT_gene-GU280_gp03	protein_coding	-1	c.-4870delT	.	-1	-1	-1	-1	-1	-1	4870	upstream_gene_variant	NONE	c.-4870delT	.	-1
NC_045512.2	20543	C	T	ORF1ab	gene-GU280_gp01	MODERATE	missense_variant	transcript	TRANSCRIPT_gene-GU280_gp01	protein_coding	1	c.20278C>T	p.Pro6760Ser	20278	21290	20278	21290	6760	7095	0	missense_variant	NONE	c.20278C>T	p.Pro6760Ser	7095
NC_045512.2	20543	C	T	S	gene-GU280_gp02	MODIFIER	upstream_gene_variant	transcript	TRANSCRIPT_gene-GU280_gp02	protein_coding	-1	c.-1020C>T	.	-1	-1	-1	-1	-1	-1	1020	upstream_gene_variant	NONE	c.-1020C>T	.	-1
NC_045512.2	20543	C	T	ORF3a	gene-GU280_gp03	MODIFIER	upstream_gene_variant	transcript	TRANSCRIPT_gene-GU280_gp03	protein_coding	-1	c.-4850C>T	.	-1	-1	-1	-1	-1	-1	4850	upstream_gene_variant	NONE	c.-4850C>T	.	-1
NC_045512.2	20575	A	G	ORF1ab	gene-GU280_gp01	LOW	synonymous_variant	transcript	TRANSCRIPT_gene-GU280_gp01	protein_coding	1	c.20310A>G	p.Ser6770Ser	20310	21290	20310	21290	6770	7095	0	synonymous_variant	NONE	c.20310A>G	p.Ser6770Ser	7095
NC_045512.2	20575	A	G	S	gene-GU280_gp02	MODIFIER	upstream_gene_variant	transcript	TRANSCRIPT_gene-GU280_gp02	protein_coding	-1	c.-988A>G	.	-1	-1	-1	-1	-1	-1	988	upstream_gene_variant	NONE	c.-988A>G	.	-1
NC_045512.2	20575	A	G	ORF3a	gene-GU280_gp03	MODIFIER	upstream_gene_variant	transcript	TRANSCRIPT_gene-GU280_gp03	protein_coding	-1	c.-4818A>G	.	-1	-1	-1	-1	-1	-1	4818	upstream_gene_variant	NONE	c.-4818A>G	.	-1
NC_045512.2	20622	A	G	ORF1ab	gene-GU280_gp01	MODERATE	missense_variant	transcript	TRANSCRIPT_gene-GU280_gp01	protein_coding	1	c.20357A>G	p.Lys6786Arg	20357	21290	20357	21290	6786	7095	0	missense_variant	NONE	c.20357A>G	p.Lys6786Arg	7095
NC_045512.2	20622	A	G	S	gene-GU280_gp02	MODIFIER	upstream_gene_variant	transcript	TRANSCRIPT_gene-GU280_gp02	protein_coding	-1	c.-941A>G	.	-1	-1	-1	-1	-1	-1	941	upstream_gene_variant	NONE	c.-941A>G	.	-1
NC_045512.2	20622	A	G	ORF3a	gene-GU280_gp03	MODIFIER	upstream_gene_variant	transcript	TRANSCRIPT_gene-GU280_gp03	protein_coding	-1	c.-4771A>G	.	-1	-1	-1	-1	-1	-1	4771	upstream_gene_variant	NONE	c.-4771A>G	.	-1
NC_045512.2	20666	A	C	ORF1ab	gene-GU280_gp01	MODERATE	missense_variant	transcript	TRANSCRIPT_gene-GU280_gp01	protein_coding	1	c.20401A>C	p.Lys6801Gln	20401	21290	20401	21290	6801	7095	0	missense_variant	NONE	c.20401A>C	p.Lys6801Gln	7095
NC_045512.2	20666	A	C	S	gene-GU280_gp02	MODIFIER	upstream_gene_variant	transcript	TRANSCRIPT_gene-GU280_gp02	protein_coding	-1	c.-897A>C	.	-1	-1	-1	-1	-1	-1	897	upstream_gene_variant	NONE	c.-897A>C	.	-1
NC_045512.2	20666	A	C	ORF3a	gene-GU280_gp03	MODIFIER	upstream_gene_variant	transcript	TRANSCRIPT_gene-GU280_gp03	protein_coding	-1	c.-4727A>C	.	-1	-1	-1	-1	-1	-1	4727	upstream_gene_variant	NONE	c.-4727A>C	.	-1
NC_045512.2	20994	T	C	ORF1ab	gene-GU280_gp01	MODERATE	missense_variant	transcript	TRANSCRIPT_gene-GU280_gp01	protein_coding	1	c.20729T>C	p.Leu6910Ser	20729	21290	20729	21290	6910	7095	0	missense_variant	NONE	c.20729T>C	p.Leu6910Ser	7095
NC_045512.2	20994	T	C	S	gene-GU280_gp02	MODIFIER	upstream_gene_variant	transcript	TRANSCRIPT_gene-GU280_gp02	protein_coding	-1	c.-569T>C	.	-1	-1	-1	-1	-1	-1	569	upstream_gene_variant	NONE	c.-569T>C	.	-1
NC_045512.2	20994	T	C	ORF3a	gene-GU280_gp03	MODIFIER	upstream_gene_variant	transcript	TRANSCRIPT_gene-GU280_gp03	protein_coding	-1	c.-4399T>C	.	-1	-1	-1	-1	-1	-1	4399	upstream_gene_variant	NONE	c.-4399T>C	.	-1
NC_045512.2	21066	TA	T	ORF1ab	gene-GU280_gp01	HIGH	frameshift_variant	transcript	TRANSCRIPT_gene-GU280_gp01	protein_coding	1	c.20806delA	p.Met6936fs	20806	21290	20806	21290	6936	7095	0	frameshift_variant	NONE	c.20806delA	p.Met6936fs	7095
NC_045512.2	21066	TA	T	S	gene-GU280_gp02	MODIFIER	upstream_gene_variant	transcript	TRANSCRIPT_gene-GU280_gp02	protein_coding	-1	c.-496delA	.	-1	-1	-1	-1	-1	-1	496	upstream_gene_variant	NONE	c.-496delA	.	-1
NC_045512.2	21066	TA	T	ORF3a	gene-GU280_gp03	MODIFIER	upstream_gene_variant	transcript	TRANSCRIPT_gene-GU280_gp03	protein_coding	-1	c.-4326delA	.	-1	-1	-1	-1	-1	-1	4326	upstream_gene_variant	NONE	c.-4326delA	.	-1
NC_045512.2	21304	C	T	ORF1ab	gene-GU280_gp01	LOW	synonymous_variant	transcript	TRANSCRIPT_gene-GU280_gp01	protein_coding	1	c.21039C>T	p.His7013His	21039	21290	21039	21290	7013	7095	0	synonymous_variant	NONE	c.21039C>T	p.His7013His	7095
NC_045512.2	21304	C	T	S	gene-GU280_gp02	MODIFIER	upstream_gene_variant	transcript	TRANSCRIPT_gene-GU280_gp02	protein_coding	-1	c.-259C>T	.	-1	-1	-1	-1	-1	-1	259	upstream_gene_variant	NONE	c.-259C>T	.	-1
NC_045512.2	21304	C	T	ORF3a	gene-GU280_gp03	MODIFIER	upstream_gene_variant	transcript	TRANSCRIPT_gene-GU280_gp03	protein_coding	-1	c.-4089C>T	.	-1	-1	-1	-1	-1	-1	4089	upstream_gene_variant	NONE	c.-4089C>T	.	-1
NC_045512.2	21304	C	T	E	gene-GU280_gp04	MODIFIER	upstream_gene_variant	transcript	TRANSCRIPT_gene-GU280_gp04	protein_coding	-1	c.-4941C>T	.	-1	-1	-1	-1	-1	-1	4941	upstream_gene_variant	NONE	c.-4941C>T	.	-1
NC_045512.2	21629	C	T	S	gene-GU280_gp02	HIGH	stop_gained	transcript	TRANSCRIPT_gene-GU280_gp02	protein_coding	1	c.67C>T	p.Gln23*	67	3822	67	3822	23	1273	0	stop_gained	NONE	c.67C>T	p.Gln23*	1273
NC_045512.2	21629	C	T	ORF3a	gene-GU280_gp03	MODIFIER	upstream_gene_variant	transcript	TRANSCRIPT_gene-GU280_gp03	protein_coding	-1	c.-3764C>T	.	-1	-1	-1	-1	-1	-1	3764	upstream_gene_variant	NONE	c.-3764C>T	.	-1
NC_045512.2	21629	C	T	E	gene-GU280_gp04	MODIFIER	upstream_gene_variant	transcript	TRANSCRIPT_gene-GU280_gp04	protein_coding	-1	c.-4616C>T	.	-1	-1	-1	-1	-1	-1	4616	upstream_gene_variant	NONE	c.-4616C>T	.	-1
NC_045512.2	21629	C	T	M	gene-GU280_gp05	MODIFIER	upstream_gene_variant	transcript	TRANSCRIPT_gene-GU280_gp05	protein_coding	-1	c.-4894C>T	.	-1	-1	-1	-1	-1	-1	4894	upstream_gene_variant	NONE	c.-4894C>T	.	-1
NC_045512.2	21629	C	T	ORF1ab	gene-GU280_gp01	MODIFIER	downstream_gene_variant	transcript	TRANSCRIPT_gene-GU280_gp01	protein_coding	-1	c.*74C>T	.	-1	-1	-1	-1	-1	-1	74	downstream_gene_variant	NONE	c.*74C>T	.	-1
NC_045512.2	21645	A	G	S	gene-GU280_gp02	MODERATE	missense_variant	transcript	TRANSCRIPT_gene-GU280_gp02	protein_coding	1	c.83A>G	p.Tyr28Cys	83	3822	83	3822	28	1273	0	missense_variant	NONE	c.83A>G	p.Tyr28Cys	1273
NC_045512.2	21645	A	G	ORF3a	gene-GU280_gp03	MODIFIER	upstream_gene_variant	transcript	TRANSCRIPT_gene-GU280_gp03	protein_coding	-1	c.-3748A>G	.	-1	-1	-1	-1	-1	-1	3748	upstream_gene_variant	NONE	c.-3748A>G	.	-1
NC_045512.2	21645	A	G	E	gene-GU280_gp04	MODIFIER	upstream_gene_variant	transcript	TRANSCRIPT_gene-GU280_gp04	protein_coding	-1	c.-4600A>G	.	-1	-1	-1	-1	-1	-1	4600	upstream_gene_variant	NONE	c.-4600A>G	.	-1
NC_045512.2	21645	A	G	M	gene-GU280_gp05	MODIFIER	upstream_gene_variant	transcript	TRANSCRIPT_gene-GU280_gp05	protein_coding	-1	c.-4878A>G	.	-1	-1	-1	-1	-1	-1	4878	upstream_gene_variant	NONE	c.-4878A>G	.	-1
NC_045512.2	21645	A	G	ORF1ab	gene-GU280_gp01	MODIFIER	downstream_gene_variant	transcript	TRANSCRIPT_gene-GU280_gp01	protein_coding	-1	c.*90A>G	.	-1	-1	-1	-1	-1	-1	90	downstream_gene_variant	NONE	c.*90A>G	.	-1
NC_045512.2	21682	CA	C	S	gene-GU280_gp02	HIGH	frameshift_variant	transcript	TRANSCRIPT_gene-GU280_gp02	protein_coding	1	c.123delA	p.Val42fs	123	3822	123	3822	41	1273	0	frameshift_variant	NONE	c.123delA	p.Val42fs	1273
NC_045512.2	21682	CA	C	ORF3a	gene-GU280_gp03	MODIFIER	upstream_gene_variant	transcript	TRANSCRIPT_gene-GU280_gp03	protein_coding	-1	c.-3710delA	.	-1	-1	-1	-1	-1	-1	3710	upstream_gene_variant	NONE	c.-3710delA	.	-1
NC_045512.2	21682	CA	C	E	gene-GU280_gp04	MODIFIER	upstream_gene_variant	transcript	TRANSCRIPT_gene-GU280_gp04	protein_coding	-1	c.-4562delA	.	-1	-1	-1	-1	-1	-1	4562	upstream_gene_variant	NONE	c.-4562delA	.	-1
NC_045512.2	21682	CA	C	M	gene-GU280_gp05	MODIFIER	upstream_gene_variant	transcript	TRANSCRIPT_gene-GU280_gp05	protein_coding	-1	c.-4840delA	.	-1	-1	-1	-1	-1	-1	4840	upstream_gene_variant	NONE	c.-4840delA	.	-1
NC_045512.2	21682	CA	C	ORF1ab	gene-GU280_gp01	MODIFIER	downstream_gene_variant	transcript	TRANSCRIPT_gene-GU280_gp01	protein_coding	-1	c.*128delA	.	-1	-1	-1	-1	-1	-1	128	downstream_gene_variant	NONE	c.*128delA	.	-1
NC_045512.2	21962	C	T	S	gene-GU280_gp02	HIGH	stop_gained	transcript	TRANSCRIPT_gene-GU280_gp02	protein_coding	1	c.400C>T	p.Gln134*	400	3822	400	3822	134	1273	0	stop_gained	NONE	c.400C>T	p.Gln134*	1273
NC_045512.2	21962	C	T	ORF3a	gene-GU280_gp03	MODIFIER	upstream_gene_variant	transcript	TRANSCRIPT_gene-GU280_gp03	protein_coding	-1	c.-3431C>T	.	-1	-1	-1	-1	-1	-1	3431	upstream_gene_variant	NONE	c.-3431C>T	.	-1
NC_045512.2	21962	C	T	E	gene-GU280_gp04	MODIFIER	upstream_gene_variant	transcript	TRANSCRIPT_gene-GU280_gp04	protein_coding	-1	c.-4283C>T	.	-1	-1	-1	-1	-1	-1	4283	upstream_gene_variant	NONE	c.-4283C>T	.	-1
NC_045512.2	21962	C	T	M	gene-GU280_gp05	MODIFIER	upstream_gene_variant	transcript	TRANSCRIPT_gene-GU280_gp05	protein_coding	-1	c.-4561C>T	.	-1	-1	-1	-1	-1	-1	4561	upstream_gene_variant	NONE	c.-4561C>T	.	-1
NC_045512.2	21962	C	T	ORF1ab	gene-GU280_gp01	MODIFIER	downstream_gene_variant	transcript	TRANSCRIPT_gene-GU280_gp01	protein_coding	-1	c.*407C>T	.	-1	-1	-1	-1	-1	-1	407	downstream_gene_variant	NONE	c.*407C>T	.	-1
NC_045512.2	21965	T	C	S	gene-GU280_gp02	MODERATE	missense_variant	transcript	TRANSCRIPT_gene-GU280_gp02	protein_coding	1	c.403T>C	p.Phe135Leu	403	3822	403	3822	135	1273	0	missense_variant	NONE	c.403T>C	p.Phe135Leu	1273
NC_045512.2	21965	T	C	ORF3a	gene-GU280_gp03	MODIFIER	upstream_gene_variant	transcript	TRANSCRIPT_gene-GU280_gp03	protein_coding	-1	c.-3428T>C	.	-1	-1	-1	-1	-1	-1	3428	upstream_gene_variant	NONE	c.-3428T>C	.	-1
NC_045512.2	21965	T	C	E	gene-GU280_gp04	MODIFIER	upstream_gene_variant	transcript	TRANSCRIPT_gene-GU280_gp04	protein_coding	-1	c.-4280T>C	.	-1	-1	-1	-1	-1	-1	4280	upstream_gene_variant	NONE	c.-4280T>C	.	-1
NC_045512.2	21965	T	C	M	gene-GU280_gp05	MODIFIER	upstream_gene_variant	transcript	TRANSCRIPT_gene-GU280_gp05	protein_coding	-1	c.-4558T>C	.	-1	-1	-1	-1	-1	-1	4558	upstream_gene_variant	NONE	c.-4558T>C	.	-1
NC_045512.2	21965	T	C	ORF1ab	gene-GU280_gp01	MODIFIER	downstream_gene_variant	transcript	TRANSCRIPT_gene-GU280_gp01	protein_coding	-1	c.*410T>C	.	-1	-1	-1	-1	-1	-1	410	downstream_gene_variant	NONE	c.*410T>C	.	-1
NC_045512.2	21970	TA	T	S	gene-GU280_gp02	HIGH	frameshift_variant	transcript	TRANSCRIPT_gene-GU280_gp02	protein_coding	1	c.410delA	p.Asn137fs	410	3822	410	3822	137	1273	0	frameshift_variant	NONE	c.410delA	p.Asn137fs	1273
NC_045512.2	21970	TA	T	ORF3a	gene-GU280_gp03	MODIFIER	upstream_gene_variant	transcript	TRANSCRIPT_gene-GU280_gp03	protein_coding	-1	c.-3422delA	.	-1	-1	-1	-1	-1	-1	3422	upstream_gene_variant	NONE	c.-3422delA	.	-1
NC_045512.2	21970	TA	T	E	gene-GU280_gp04	MODIFIER	upstream_gene_variant	transcript	TRANSCRIPT_gene-GU280_gp04	protein_coding	-1	c.-4274delA	.	-1	-1	-1	-1	-1	-1	4274	upstream_gene_variant	NONE	c.-4274delA	.	-1
NC_045512.2	21970	TA	T	M	gene-GU280_gp05	MODIFIER	upstream_gene_variant	transcript	TRANSCRIPT_gene-GU280_gp05	protein_coding	-1	c.-4552delA	.	-1	-1	-1	-1	-1	-1	4552	upstream_gene_variant	NONE	c.-4552delA	.	-1
NC_045512.2	21970	TA	T	ORF1ab	gene-GU280_gp01	MODIFIER	downstream_gene_variant	transcript	TRANSCRIPT_gene-GU280_gp01	protein_coding	-1	c.*416delA	.	-1	-1	-1	-1	-1	-1	416	downstream_gene_variant	NONE	c.*416delA	.	-1
NC_045512.2	21979	ATT	A	S	gene-GU280_gp02	HIGH	frameshift_variant	transcript	TRANSCRIPT_gene-GU280_gp02	protein_coding	1	c.421_422delTT	p.Leu141fs	421	3822	421	3822	141	1273	0	frameshift_variant	NONE	c.421_422delTT	p.Leu141fs	1273
NC_045512.2	21979	ATT	A	ORF3a	gene-GU280_gp03	MODIFIER	upstream_gene_variant	transcript	TRANSCRIPT_gene-GU280_gp03	protein_coding	-1	c.-3413_-3412delTT	.	-1	-1	-1	-1	-1	-1	3413	upstream_gene_variant	NONE	c.-3413_-3412delTT	.	-1
NC_045512.2	21979	ATT	A	E	gene-GU280_gp04	MODIFIER	upstream_gene_variant	transcript	TRANSCRIPT_gene-GU280_gp04	protein_coding	-1	c.-4265_-4264delTT	.	-1	-1	-1	-1	-1	-1	4265	upstream_gene_variant	NONE	c.-4265_-4264delTT	.	-1
NC_045512.2	21979	ATT	A	M	gene-GU280_gp05	MODIFIER	upstream_gene_variant	transcript	TRANSCRIPT_gene-GU280_gp05	protein_coding	-1	c.-4543_-4542delTT	.	-1	-1	-1	-1	-1	-1	4543	upstream_gene_variant	NONE	c.-4543_-4542delTT	.	-1
NC_045512.2	21979	ATT	A	ORF1ab	gene-GU280_gp01	MODIFIER	downstream_gene_variant	transcript	TRANSCRIPT_gene-GU280_gp01	protein_coding	-1	c.*425_*426delTT	.	-1	-1	-1	-1	-1	-1	425	downstream_gene_variant	NONE	c.*425_*426delTT	.	-1
NC_045512.2	22083	CT	C	S	gene-GU280_gp02	HIGH	frameshift_variant	transcript	TRANSCRIPT_gene-GU280_gp02	protein_coding	1	c.525delT	p.Met177fs	525	3822	525	3822	175	1273	0	frameshift_variant	NONE	c.525delT	p.Met177fs	1273
NC_045512.2	22083	CT	C	ORF3a	gene-GU280_gp03	MODIFIER	upstream_gene_variant	transcript	TRANSCRIPT_gene-GU280_gp03	protein_coding	-1	c.-3309delT	.	-1	-1	-1	-1	-1	-1	3309	upstream_gene_variant	NONE	c.-3309delT	.	-1
NC_045512.2	22083	CT	C	E	gene-GU280_gp04	MODIFIER	upstream_gene_variant	transcript	TRANSCRIPT_gene-GU280_gp04	protein_coding	-1	c.-4161delT	.	-1	-1	-1	-1	-1	-1	4161	upstream_gene_variant	NONE	c.-4161delT	.	-1
NC_045512.2	22083	CT	C	M	gene-GU280_gp05	MODIFIER	upstream_gene_variant	transcript	TRANSCRIPT_gene-GU280_gp05	protein_coding	-1	c.-4439delT	.	-1	-1	-1	-1	-1	-1	4439	upstream_gene_variant	NONE	c.-4439delT	.	-1
NC_045512.2	22083	CT	C	ORF1ab	gene-GU280_gp01	MODIFIER	downstream_gene_variant	transcript	TRANSCRIPT_gene-GU280_gp01	protein_coding	-1	c.*529delT	.	-1	-1	-1	-1	-1	-1	529	downstream_gene_variant	NONE	c.*529delT	.	-1
NC_045512.2	22104	GA	G	S	gene-GU280_gp02	HIGH	frameshift_variant	transcript	TRANSCRIPT_gene-GU280_gp02	protein_coding	1	c.546delA	p.Lys182fs	546	3822	546	3822	182	1273	0	frameshift_variant	NONE	c.546delA	p.Lys182fs	1273
NC_045512.2	22104	GA	G	ORF3a	gene-GU280_gp03	MODIFIER	upstream_gene_variant	transcript	TRANSCRIPT_gene-GU280_gp03	protein_coding	-1	c.-3288delA	.	-1	-1	-1	-1	-1	-1	3288	upstream_gene_variant	NONE	c.-3288delA	.	-1
NC_045512.2	22104	GA	G	E	gene-GU280_gp04	MODIFIER	upstream_gene_variant	transcript	TRANSCRIPT_gene-GU280_gp04	protein_coding	-1	c.-4140delA	.	-1	-1	-1	-1	-1	-1	4140	upstream_gene_variant	NONE	c.-4140delA	.	-1
NC_045512.2	22104	GA	G	M	gene-GU280_gp05	MODIFIER	upstream_gene_variant	transcript	TRANSCRIPT_gene-GU280_gp05	protein_coding	-1	c.-4418delA	.	-1	-1	-1	-1	-1	-1	4418	upstream_gene_variant	NONE	c.-4418delA	.	-1
NC_045512.2	22104	GA	G	ORF1ab	gene-GU280_gp01	MODIFIER	downstream_gene_variant	transcript	TRANSCRIPT_gene-GU280_gp01	protein_coding	-1	c.*550delA	.	-1	-1	-1	-1	-1	-1	550	downstream_gene_variant	NONE	c.*550delA	.	-1
NC_045512.2	22120	CA	C	S	gene-GU280_gp02	HIGH	frameshift_variant	transcript	TRANSCRIPT_gene-GU280_gp02	protein_coding	1	c.563delA	p.Asn188fs	563	3822	563	3822	188	1273	0	frameshift_variant	NONE	c.563delA	p.Asn188fs	1273
NC_045512.2	22120	CA	C	ORF3a	gene-GU280_gp03	MODIFIER	upstream_gene_variant	transcript	TRANSCRIPT_gene-GU280_gp03	protein_coding	-1	c.-3272delA	.	-1	-1	-1	-1	-1	-1	3272	upstream_gene_variant	NONE	c.-3272delA	.	-1
NC_045512.2	22120	CA	C	E	gene-GU280_gp04	MODIFIER	upstream_gene_variant	transcript	TRANSCRIPT_gene-GU280_gp04	protein_coding	-1	c.-4124delA	.	-1	-1	-1	-1	-1	-1	4124	upstream_gene_variant	NONE	c.-4124delA	.	-1
NC_045512.2	22120	CA	C	M	gene-GU280_gp05	MODIFIER	upstream_gene_variant	transcript	TRANSCRIPT_gene-GU280_gp05	protein_coding	-1	c.-4402delA	.	-1	-1	-1	-1	-1	-1	4402	upstream_gene_variant	NONE	c.-4402delA	.	-1
NC_045512.2	22120	CA	C	ORF1ab	gene-GU280_gp01	MODIFIER	downstream_gene_variant	transcript	TRANSCRIPT_gene-GU280_gp01	protein_coding	-1	c.*566delA	.	-1	-1	-1	-1	-1	-1	566	downstream_gene_variant	NONE	c.*566delA	.	-1
NC_045512.2	22227	C	T	S	gene-GU280_gp02	MODERATE	missense_variant	transcript	TRANSCRIPT_gene-GU280_gp02	protein_coding	1	c.665C>T	p.Ala222Val	665	3822	665	3822	222	1273	0	missense_variant	NONE	c.665C>T	p.Ala222Val	1273
NC_045512.2	22227	C	T	ORF3a	gene-GU280_gp03	MODIFIER	upstream_gene_variant	transcript	TRANSCRIPT_gene-GU280_gp03	protein_coding	-1	c.-3166C>T	.	-1	-1	-1	-1	-1	-1	3166	upstream_gene_variant	NONE	c.-3166C>T	.	-1
NC_045512.2	22227	C	T	E	gene-GU280_gp04	MODIFIER	upstream_gene_variant	transcript	TRANSCRIPT_gene-GU280_gp04	protein_coding	-1	c.-4018C>T	.	-1	-1	-1	-1	-1	-1	4018	upstream_gene_variant	NONE	c.-4018C>T	.	-1
NC_045512.2	22227	C	T	M	gene-GU280_gp05	MODIFIER	upstream_gene_variant	transcript	TRANSCRIPT_gene-GU280_gp05	protein_coding	-1	c.-4296C>T	.	-1	-1	-1	-1	-1	-1	4296	upstream_gene_variant	NONE	c.-4296C>T	.	-1
NC_045512.2	22227	C	T	ORF6	gene-GU280_gp06	MODIFIER	upstream_gene_variant	transcript	TRANSCRIPT_gene-GU280_gp06	protein_coding	-1	c.-4975C>T	.	-1	-1	-1	-1	-1	-1	4975	upstream_gene_variant	NONE	c.-4975C>T	.	-1
NC_045512.2	22227	C	T	ORF1ab	gene-GU280_gp01	MODIFIER	downstream_gene_variant	transcript	TRANSCRIPT_gene-GU280_gp01	protein_coding	-1	c.*672C>T	.	-1	-1	-1	-1	-1	-1	672	downstream_gene_variant	NONE	c.*672C>T	.	-1
NC_045512.2	23403	A	G	S	gene-GU280_gp02	MODERATE	missense_variant	transcript	TRANSCRIPT_gene-GU280_gp02	protein_coding	1	c.1841A>G	p.Asp614Gly	1841	3822	1841	3822	614	1273	0	missense_variant	NONE	c.1841A>G	p.Asp614Gly	1273
NC_045512.2	23403	A	G	ORF3a	gene-GU280_gp03	MODIFIER	upstream_gene_variant	transcript	TRANSCRIPT_gene-GU280_gp03	protein_coding	-1	c.-1990A>G	.	-1	-1	-1	-1	-1	-1	1990	upstream_gene_variant	NONE	c.-1990A>G	.	-1
NC_045512.2	23403	A	G	E	gene-GU280_gp04	MODIFIER	upstream_gene_variant	transcript	TRANSCRIPT_gene-GU280_gp04	protein_coding	-1	c.-2842A>G	.	-1	-1	-1	-1	-1	-1	2842	upstream_gene_variant	NONE	c.-2842A>G	.	-1
NC_045512.2	23403	A	G	M	gene-GU280_gp05	MODIFIER	upstream_gene_variant	transcript	TRANSCRIPT_gene-GU280_gp05	protein_coding	-1	c.-3120A>G	.	-1	-1	-1	-1	-1	-1	3120	upstream_gene_variant	NONE	c.-3120A>G	.	-1
NC_045512.2	23403	A	G	ORF6	gene-GU280_gp06	MODIFIER	upstream_gene_variant	transcript	TRANSCRIPT_gene-GU280_gp06	protein_coding	-1	c.-3799A>G	.	-1	-1	-1	-1	-1	-1	3799	upstream_gene_variant	NONE	c.-3799A>G	.	-1
NC_045512.2	23403	A	G	ORF7a	gene-GU280_gp07	MODIFIER	upstream_gene_variant	transcript	TRANSCRIPT_gene-GU280_gp07	protein_coding	-1	c.-3991A>G	.	-1	-1	-1	-1	-1	-1	3991	upstream_gene_variant	NONE	c.-3991A>G	.	-1
NC_045512.2	23403	A	G	ORF7b	gene-GU280_gp08	MODIFIER	upstream_gene_variant	transcript	TRANSCRIPT_gene-GU280_gp08	protein_coding	-1	c.-4353A>G	.	-1	-1	-1	-1	-1	-1	4353	upstream_gene_variant	NONE	c.-4353A>G	.	-1
NC_045512.2	23403	A	G	ORF8	gene-GU280_gp09	MODIFIER	upstream_gene_variant	transcript	TRANSCRIPT_gene-GU280_gp09	protein_coding	-1	c.-4491A>G	.	-1	-1	-1	-1	-1	-1	4491	upstream_gene_variant	NONE	c.-4491A>G	.	-1
NC_045512.2	23403	A	G	N	gene-GU280_gp10	MODIFIER	upstream_gene_variant	transcript	TRANSCRIPT_gene-GU280_gp10	protein_coding	-1	c.-4871A>G	.	-1	-1	-1	-1	-1	-1	4871	upstream_gene_variant	NONE	c.-4871A>G	.	-1
NC_045512.2	23403	A	G	ORF1ab	gene-GU280_gp01	MODIFIER	downstream_gene_variant	transcript	TRANSCRIPT_gene-GU280_gp01	protein_coding	-1	c.*1848A>G	.	-1	-1	-1	-1	-1	-1	1848	downstream_gene_variant	NONE	c.*1848A>G	.	-1
NC_045512.2	23483	A	G	S	gene-GU280_gp02	MODERATE	missense_variant	transcript	TRANSCRIPT_gene-GU280_gp02	protein_coding	1	c.1921A>G	p.Asn641Asp	1921	3822	1921	3822	641	1273	0	missense_variant	NONE	c.1921A>G	p.Asn641Asp	1273
NC_045512.2	23483	A	G	ORF3a	gene-GU280_gp03	MODIFIER	upstream_gene_variant	transcript	TRANSCRIPT_gene-GU280_gp03	protein_coding	-1	c.-1910A>G	.	-1	-1	-1	-1	-1	-1	1910	upstream_gene_variant	NONE	c.-1910A>G	.	-1
NC_045512.2	23483	A	G	E	gene-GU280_gp04	MODIFIER	upstream_gene_variant	transcript	TRANSCRIPT_gene-GU280_gp04	protein_coding	-1	c.-2762A>G	.	-1	-1	-1	-1	-1	-1	2762	upstream_gene_variant	NONE	c.-2762A>G	.	-1
NC_045512.2	23483	A	G	M	gene-GU280_gp05	MODIFIER	upstream_gene_variant	transcript	TRANSCRIPT_gene-GU280_gp05	protein_coding	-1	c.-3040A>G	.	-1	-1	-1	-1	-1	-1	3040	upstream_gene_variant	NONE	c.-3040A>G	.	-1
NC_045512.2	23483	A	G	ORF6	gene-GU280_gp06	MODIFIER	upstream_gene_variant	transcript	TRANSCRIPT_gene-GU280_gp06	protein_coding	-1	c.-3719A>G	.	-1	-1	-1	-1	-1	-1	3719	upstream_gene_variant	NONE	c.-3719A>G	.	-1
NC_045512.2	23483	A	G	ORF7a	gene-GU280_gp07	MODIFIER	upstream_gene_variant	transcript	TRANSCRIPT_gene-GU280_gp07	protein_coding	-1	c.-3911A>G	.	-1	-1	-1	-1	-1	-1	3911	upstream_gene_variant	NONE	c.-3911A>G	.	-1
NC_045512.2	23483	A	G	ORF7b	gene-GU280_gp08	MODIFIER	upstream_gene_variant	transcript	TRANSCRIPT_gene-GU280_gp08	protein_coding	-1	c.-4273A>G	.	-1	-1	-1	-1	-1	-1	4273	upstream_gene_variant	NONE	c.-4273A>G	.	-1
NC_045512.2	23483	A	G	ORF8	gene-GU280_gp09	MODIFIER	upstream_gene_variant	transcript	TRANSCRIPT_gene-GU280_gp09	protein_coding	-1	c.-4411A>G	.	-1	-1	-1	-1	-1	-1	4411	upstream_gene_variant	NONE	c.-4411A>G	.	-1
NC_045512.2	23483	A	G	N	gene-GU280_gp10	MODIFIER	upstream_gene_variant	transcript	TRANSCRIPT_gene-GU280_gp10	protein_coding	-1	c.-4791A>G	.	-1	-1	-1	-1	-1	-1	4791	upstream_gene_variant	NONE	c.-4791A>G	.	-1
NC_045512.2	23483	A	G	ORF1ab	gene-GU280_gp01	MODIFIER	downstream_gene_variant	transcript	TRANSCRIPT_gene-GU280_gp01	protein_coding	-1	c.*1928A>G	.	-1	-1	-1	-1	-1	-1	1928	downstream_gene_variant	NONE	c.*1928A>G	.	-1
NC_045512.2	23509	T	C	S	gene-GU280_gp02	LOW	synonymous_variant	transcript	TRANSCRIPT_gene-GU280_gp02	protein_coding	1	c.1947T>C	p.Cys649Cys	1947	3822	1947	3822	649	1273	0	synonymous_variant	NONE	c.1947T>C	p.Cys649Cys	1273
NC_045512.2	23509	T	C	ORF3a	gene-GU280_gp03	MODIFIER	upstream_gene_variant	transcript	TRANSCRIPT_gene-GU280_gp03	protein_coding	-1	c.-1884T>C	.	-1	-1	-1	-1	-1	-1	1884	upstream_gene_variant	NONE	c.-1884T>C	.	-1
NC_045512.2	23509	T	C	E	gene-GU280_gp04	MODIFIER	upstream_gene_variant	transcript	TRANSCRIPT_gene-GU280_gp04	protein_coding	-1	c.-2736T>C	.	-1	-1	-1	-1	-1	-1	2736	upstream_gene_variant	NONE	c.-2736T>C	.	-1
NC_045512.2	23509	T	C	M	gene-GU280_gp05	MODIFIER	upstream_gene_variant	transcript	TRANSCRIPT_gene-GU280_gp05	protein_coding	-1	c.-3014T>C	.	-1	-1	-1	-1	-1	-1	3014	upstream_gene_variant	NONE	c.-3014T>C	.	-1
NC_045512.2	23509	T	C	ORF6	gene-GU280_gp06	MODIFIER	upstream_gene_variant	transcript	TRANSCRIPT_gene-GU280_gp06	protein_coding	-1	c.-3693T>C	.	-1	-1	-1	-1	-1	-1	3693	upstream_gene_variant	NONE	c.-3693T>C	.	-1
NC_045512.2	23509	T	C	ORF7a	gene-GU280_gp07	MODIFIER	upstream_gene_variant	transcript	TRANSCRIPT_gene-GU280_gp07	protein_coding	-1	c.-3885T>C	.	-1	-1	-1	-1	-1	-1	3885	upstream_gene_variant	NONE	c.-3885T>C	.	-1
NC_045512.2	23509	T	C	ORF7b	gene-GU280_gp08	MODIFIER	upstream_gene_variant	transcript	TRANSCRIPT_gene-GU280_gp08	protein_coding	-1	c.-4247T>C	.	-1	-1	-1	-1	-1	-1	4247	upstream_gene_variant	NONE	c.-4247T>C	.	-1
NC_045512.2	23509	T	C	ORF8	gene-GU280_gp09	MODIFIER	upstream_gene_variant	transcript	TRANSCRIPT_gene-GU280_gp09	protein_coding	-1	c.-4385T>C	.	-1	-1	-1	-1	-1	-1	4385	upstream_gene_variant	NONE	c.-4385T>C	.	-1
NC_045512.2	23509	T	C	N	gene-GU280_gp10	MODIFIER	upstream_gene_variant	transcript	TRANSCRIPT_gene-GU280_gp10	protein_coding	-1	c.-4765T>C	.	-1	-1	-1	-1	-1	-1	4765	upstream_gene_variant	NONE	c.-4765T>C	.	-1
NC_045512.2	23509	T	C	ORF1ab	gene-GU280_gp01	MODIFIER	downstream_gene_variant	transcript	TRANSCRIPT_gene-GU280_gp01	protein_coding	-1	c.*1954T>C	.	-1	-1	-1	-1	-1	-1	1954	downstream_gene_variant	NONE	c.*1954T>C	.	-1
NC_045512.2	23511	T	C	S	gene-GU280_gp02	MODERATE	missense_variant	transcript	TRANSCRIPT_gene-GU280_gp02	protein_coding	1	c.1949T>C	p.Leu650Ser	1949	3822	1949	3822	650	1273	0	missense_variant	NONE	c.1949T>C	p.Leu650Ser	1273
NC_045512.2	23511	T	C	ORF3a	gene-GU280_gp03	MODIFIER	upstream_gene_variant	transcript	TRANSCRIPT_gene-GU280_gp03	protein_coding	-1	c.-1882T>C	.	-1	-1	-1	-1	-1	-1	1882	upstream_gene_variant	NONE	c.-1882T>C	.	-1
NC_045512.2	23511	T	C	E	gene-GU280_gp04	MODIFIER	upstream_gene_variant	transcript	TRANSCRIPT_gene-GU280_gp04	protein_coding	-1	c.-2734T>C	.	-1	-1	-1	-1	-1	-1	2734	upstream_gene_variant	NONE	c.-2734T>C	.	-1
NC_045512.2	23511	T	C	M	gene-GU280_gp05	MODIFIER	upstream_gene_variant	transcript	TRANSCRIPT_gene-GU280_gp05	protein_coding	-1	c.-3012T>C	.	-1	-1	-1	-1	-1	-1	3012	upstream_gene_variant	NONE	c.-3012T>C	.	-1
NC_045512.2	23511	T	C	ORF6	gene-GU280_gp06	MODIFIER	upstream_gene_variant	transcript	TRANSCRIPT_gene-GU280_gp06	protein_coding	-1	c.-3691T>C	.	-1	-1	-1	-1	-1	-1	3691	upstream_gene_variant	NONE	c.-3691T>C	.	-1
NC_045512.2	23511	T	C	ORF7a	gene-GU280_gp07	MODIFIER	upstream_gene_variant	transcript	TRANSCRIPT_gene-GU280_gp07	protein_coding	-1	c.-3883T>C	.	-1	-1	-1	-1	-1	-1	3883	upstream_gene_variant	NONE	c.-3883T>C	.	-1
NC_045512.2	23511	T	C	ORF7b	gene-GU280_gp08	MODIFIER	upstream_gene_variant	transcript	TRANSCRIPT_gene-GU280_gp08	protein_coding	-1	c.-4245T>C	.	-1	-1	-1	-1	-1	-1	4245	upstream_gene_variant	NONE	c.-4245T>C	.	-1
NC_045512.2	23511	T	C	ORF8	gene-GU280_gp09	MODIFIER	upstream_gene_variant	transcript	TRANSCRIPT_gene-GU280_gp09	protein_coding	-1	c.-4383T>C	.	-1	-1	-1	-1	-1	-1	4383	upstream_gene_variant	NONE	c.-4383T>C	.	-1
NC_045512.2	23511	T	C	N	gene-GU280_gp10	MODIFIER	upstream_gene_variant	transcript	TRANSCRIPT_gene-GU280_gp10	protein_coding	-1	c.-4763T>C	.	-1	-1	-1	-1	-1	-1	4763	upstream_gene_variant	NONE	c.-4763T>C	.	-1
NC_045512.2	23511	T	C	ORF1ab	gene-GU280_gp01	MODIFIER	downstream_gene_variant	transcript	TRANSCRIPT_gene-GU280_gp01	protein_coding	-1	c.*1956T>C	.	-1	-1	-1	-1	-1	-1	1956	downstream_gene_variant	NONE	c.*1956T>C	.	-1
NC_045512.2	23551	C	T	S	gene-GU280_gp02	LOW	synonymous_variant	transcript	TRANSCRIPT_gene-GU280_gp02	protein_coding	1	c.1989C>T	p.Asp663Asp	1989	3822	1989	3822	663	1273	0	synonymous_variant	NONE	c.1989C>T	p.Asp663Asp	1273
NC_045512.2	23551	C	T	ORF3a	gene-GU280_gp03	MODIFIER	upstream_gene_variant	transcript	TRANSCRIPT_gene-GU280_gp03	protein_coding	-1	c.-1842C>T	.	-1	-1	-1	-1	-1	-1	1842	upstream_gene_variant	NONE	c.-1842C>T	.	-1
NC_045512.2	23551	C	T	E	gene-GU280_gp04	MODIFIER	upstream_gene_variant	transcript	TRANSCRIPT_gene-GU280_gp04	protein_coding	-1	c.-2694C>T	.	-1	-1	-1	-1	-1	-1	2694	upstream_gene_variant	NONE	c.-2694C>T	.	-1
NC_045512.2	23551	C	T	M	gene-GU280_gp05	MODIFIER	upstream_gene_variant	transcript	TRANSCRIPT_gene-GU280_gp05	protein_coding	-1	c.-2972C>T	.	-1	-1	-1	-1	-1	-1	2972	upstream_gene_variant	NONE	c.-2972C>T	.	-1
NC_045512.2	23551	C	T	ORF6	gene-GU280_gp06	MODIFIER	upstream_gene_variant	transcript	TRANSCRIPT_gene-GU280_gp06	protein_coding	-1	c.-3651C>T	.	-1	-1	-1	-1	-1	-1	3651	upstream_gene_variant	NONE	c.-3651C>T	.	-1
NC_045512.2	23551	C	T	ORF7a	gene-GU280_gp07	MODIFIER	upstream_gene_variant	transcript	TRANSCRIPT_gene-GU280_gp07	protein_coding	-1	c.-3843C>T	.	-1	-1	-1	-1	-1	-1	3843	upstream_gene_variant	NONE	c.-3843C>T	.	-1
NC_045512.2	23551	C	T	ORF7b	gene-GU280_gp08	MODIFIER	upstream_gene_variant	transcript	TRANSCRIPT_gene-GU280_gp08	protein_coding	-1	c.-4205C>T	.	-1	-1	-1	-1	-1	-1	4205	upstream_gene_variant	NONE	c.-4205C>T	.	-1
NC_045512.2	23551	C	T	ORF8	gene-GU280_gp09	MODIFIER	upstream_gene_variant	transcript	TRANSCRIPT_gene-GU280_gp09	protein_coding	-1	c.-4343C>T	.	-1	-1	-1	-1	-1	-1	4343	upstream_gene_variant	NONE	c.-4343C>T	.	-1
NC_045512.2	23551	C	T	N	gene-GU280_gp10	MODIFIER	upstream_gene_variant	transcript	TRANSCRIPT_gene-GU280_gp10	protein_coding	-1	c.-4723C>T	.	-1	-1	-1	-1	-1	-1	4723	upstream_gene_variant	NONE	c.-4723C>T	.	-1
NC_045512.2	23551	C	T	ORF1ab	gene-GU280_gp01	MODIFIER	downstream_gene_variant	transcript	TRANSCRIPT_gene-GU280_gp01	protein_coding	-1	c.*1996C>T	.	-1	-1	-1	-1	-1	-1	1996	downstream_gene_variant	NONE	c.*1996C>T	.	-1
NC_045512.2	23817	T	C	S	gene-GU280_gp02	MODERATE	missense_variant	transcript	TRANSCRIPT_gene-GU280_gp02	protein_coding	1	c.2255T>C	p.Leu752Pro	2255	3822	2255	3822	752	1273	0	missense_variant	NONE	c.2255T>C	p.Leu752Pro	1273
NC_045512.2	23817	T	C	ORF3a	gene-GU280_gp03	MODIFIER	upstream_gene_variant	transcript	TRANSCRIPT_gene-GU280_gp03	protein_coding	-1	c.-1576T>C	.	-1	-1	-1	-1	-1	-1	1576	upstream_gene_variant	NONE	c.-1576T>C	.	-1
NC_045512.2	23817	T	C	E	gene-GU280_gp04	MODIFIER	upstream_gene_variant	transcript	TRANSCRIPT_gene-GU280_gp04	protein_coding	-1	c.-2428T>C	.	-1	-1	-1	-1	-1	-1	2428	upstream_gene_variant	NONE	c.-2428T>C	.	-1
NC_045512.2	23817	T	C	M	gene-GU280_gp05	MODIFIER	upstream_gene_variant	transcript	TRANSCRIPT_gene-GU280_gp05	protein_coding	-1	c.-2706T>C	.	-1	-1	-1	-1	-1	-1	2706	upstream_gene_variant	NONE	c.-2706T>C	.	-1
NC_045512.2	23817	T	C	ORF6	gene-GU280_gp06	MODIFIER	upstream_gene_variant	transcript	TRANSCRIPT_gene-GU280_gp06	protein_coding	-1	c.-3385T>C	.	-1	-1	-1	-1	-1	-1	3385	upstream_gene_variant	NONE	c.-3385T>C	.	-1
NC_045512.2	23817	T	C	ORF7a	gene-GU280_gp07	MODIFIER	upstream_gene_variant	transcript	TRANSCRIPT_gene-GU280_gp07	protein_coding	-1	c.-3577T>C	.	-1	-1	-1	-1	-1	-1	3577	upstream_gene_variant	NONE	c.-3577T>C	.	-1
NC_045512.2	23817	T	C	ORF7b	gene-GU280_gp08	MODIFIER	upstream_gene_variant	transcript	TRANSCRIPT_gene-GU280_gp08	protein_coding	-1	c.-3939T>C	.	-1	-1	-1	-1	-1	-1	3939	upstream_gene_variant	NONE	c.-3939T>C	.	-1
NC_045512.2	23817	T	C	ORF8	gene-GU280_gp09	MODIFIER	upstream_gene_variant	transcript	TRANSCRIPT_gene-GU280_gp09	protein_coding	-1	c.-4077T>C	.	-1	-1	-1	-1	-1	-1	4077	upstream_gene_variant	NONE	c.-4077T>C	.	-1
NC_045512.2	23817	T	C	N	gene-GU280_gp10	MODIFIER	upstream_gene_variant	transcript	TRANSCRIPT_gene-GU280_gp10	protein_coding	-1	c.-4457T>C	.	-1	-1	-1	-1	-1	-1	4457	upstream_gene_variant	NONE	c.-4457T>C	.	-1
NC_045512.2	23817	T	C	ORF1ab	gene-GU280_gp01	MODIFIER	downstream_gene_variant	transcript	TRANSCRIPT_gene-GU280_gp01	protein_coding	-1	c.*2262T>C	.	-1	-1	-1	-1	-1	-1	2262	downstream_gene_variant	NONE	c.*2262T>C	.	-1
NC_045512.2	24337	C	A	S	gene-GU280_gp02	MODERATE	missense_variant	transcript	TRANSCRIPT_gene-GU280_gp02	protein_coding	1	c.2775C>A	p.Asn925Lys	2775	3822	2775	3822	925	1273	0	missense_variant	NONE	c.2775C>A	p.Asn925Lys	1273
NC_045512.2	24337	C	A	ORF3a	gene-GU280_gp03	MODIFIER	upstream_gene_variant	transcript	TRANSCRIPT_gene-GU280_gp03	protein_coding	-1	c.-1056C>A	.	-1	-1	-1	-1	-1	-1	1056	upstream_gene_variant	NONE	c.-1056C>A	.	-1
NC_045512.2	24337	C	A	E	gene-GU280_gp04	MODIFIER	upstream_gene_variant	transcript	TRANSCRIPT_gene-GU280_gp04	protein_coding	-1	c.-1908C>A	.	-1	-1	-1	-1	-1	-1	1908	upstream_gene_variant	NONE	c.-1908C>A	.	-1
NC_045512.2	24337	C	A	M	gene-GU280_gp05	MODIFIER	upstream_gene_variant	transcript	TRANSCRIPT_gene-GU280_gp05	protein_coding	-1	c.-2186C>A	.	-1	-1	-1	-1	-1	-1	2186	upstream_gene_variant	NONE	c.-2186C>A	.	-1
NC_045512.2	24337	C	A	ORF6	gene-GU280_gp06	MODIFIER	upstream_gene_variant	transcript	TRANSCRIPT_gene-GU280_gp06	protein_coding	-1	c.-2865C>A	.	-1	-1	-1	-1	-1	-1	2865	upstream_gene_variant	NONE	c.-2865C>A	.	-1
NC_045512.2	24337	C	A	ORF7a	gene-GU280_gp07	MODIFIER	upstream_gene_variant	transcript	TRANSCRIPT_gene-GU280_gp07	protein_coding	-1	c.-3057C>A	.	-1	-1	-1	-1	-1	-1	3057	upstream_gene_variant	NONE	c.-3057C>A	.	-1
NC_045512.2	24337	C	A	ORF7b	gene-GU280_gp08	MODIFIER	upstream_gene_variant	transcript	TRANSCRIPT_gene-GU280_gp08	protein_coding	-1	c.-3419C>A	.	-1	-1	-1	-1	-1	-1	3419	upstream_gene_variant	NONE	c.-3419C>A	.	-1
NC_045512.2	24337	C	A	ORF8	gene-GU280_gp09	MODIFIER	upstream_gene_variant	transcript	TRANSCRIPT_gene-GU280_gp09	protein_coding	-1	c.-3557C>A	.	-1	-1	-1	-1	-1	-1	3557	upstream_gene_variant	NONE	c.-3557C>A	.	-1
NC_045512.2	24337	C	A	N	gene-GU280_gp10	MODIFIER	upstream_gene_variant	transcript	TRANSCRIPT_gene-GU280_gp10	protein_coding	-1	c.-3937C>A	.	-1	-1	-1	-1	-1	-1	3937	upstream_gene_variant	NONE	c.-3937C>A	.	-1
NC_045512.2	24337	C	A	ORF1ab	gene-GU280_gp01	MODIFIER	downstream_gene_variant	transcript	TRANSCRIPT_gene-GU280_gp01	protein_coding	-1	c.*2782C>A	.	-1	-1	-1	-1	-1	-1	2782	downstream_gene_variant	NONE	c.*2782C>A	.	-1
NC_045512.2	24545	A	G	S	gene-GU280_gp02	MODERATE	missense_variant	transcript	TRANSCRIPT_gene-GU280_gp02	protein_coding	1	c.2983A>G	p.Arg995Gly	2983	3822	2983	3822	995	1273	0	missense_variant	NONE	c.2983A>G	p.Arg995Gly	1273
NC_045512.2	24545	A	G	ORF3a	gene-GU280_gp03	MODIFIER	upstream_gene_variant	transcript	TRANSCRIPT_gene-GU280_gp03	protein_coding	-1	c.-848A>G	.	-1	-1	-1	-1	-1	-1	848	upstream_gene_variant	NONE	c.-848A>G	.	-1
NC_045512.2	24545	A	G	E	gene-GU280_gp04	MODIFIER	upstream_gene_variant	transcript	TRANSCRIPT_gene-GU280_gp04	protein_coding	-1	c.-1700A>G	.	-1	-1	-1	-1	-1	-1	1700	upstream_gene_variant	NONE	c.-1700A>G	.	-1
NC_045512.2	24545	A	G	M	gene-GU280_gp05	MODIFIER	upstream_gene_variant	transcript	TRANSCRIPT_gene-GU280_gp05	protein_coding	-1	c.-1978A>G	.	-1	-1	-1	-1	-1	-1	1978	upstream_gene_variant	NONE	c.-1978A>G	.	-1
NC_045512.2	24545	A	G	ORF6	gene-GU280_gp06	MODIFIER	upstream_gene_variant	transcript	TRANSCRIPT_gene-GU280_gp06	protein_coding	-1	c.-2657A>G	.	-1	-1	-1	-1	-1	-1	2657	upstream_gene_variant	NONE	c.-2657A>G	.	-1
NC_045512.2	24545	A	G	ORF7a	gene-GU280_gp07	MODIFIER	upstream_gene_variant	transcript	TRANSCRIPT_gene-GU280_gp07	protein_coding	-1	c.-2849A>G	.	-1	-1	-1	-1	-1	-1	2849	upstream_gene_variant	NONE	c.-2849A>G	.	-1
NC_045512.2	24545	A	G	ORF7b	gene-GU280_gp08	MODIFIER	upstream_gene_variant	transcript	TRANSCRIPT_gene-GU280_gp08	protein_coding	-1	c.-3211A>G	.	-1	-1	-1	-1	-1	-1	3211	upstream_gene_variant	NONE	c.-3211A>G	.	-1
NC_045512.2	24545	A	G	ORF8	gene-GU280_gp09	MODIFIER	upstream_gene_variant	transcript	TRANSCRIPT_gene-GU280_gp09	protein_coding	-1	c.-3349A>G	.	-1	-1	-1	-1	-1	-1	3349	upstream_gene_variant	NONE	c.-3349A>G	.	-1
NC_045512.2	24545	A	G	N	gene-GU280_gp10	MODIFIER	upstream_gene_variant	transcript	TRANSCRIPT_gene-GU280_gp10	protein_coding	-1	c.-3729A>G	.	-1	-1	-1	-1	-1	-1	3729	upstream_gene_variant	NONE	c.-3729A>G	.	-1
NC_045512.2	24545	A	G	ORF1ab	gene-GU280_gp01	MODIFIER	downstream_gene_variant	transcript	TRANSCRIPT_gene-GU280_gp01	protein_coding	-1	c.*2990A>G	.	-1	-1	-1	-1	-1	-1	2990	downstream_gene_variant	NONE	c.*2990A>G	.	-1
NC_045512.2	25563	G	T	ORF3a	gene-GU280_gp03	MODERATE	missense_variant	transcript	TRANSCRIPT_gene-GU280_gp03	protein_coding	1	c.171G>T	p.Gln57His	171	828	171	828	57	275	0	missense_variant	NONE	c.171G>T	p.Gln57His	275
NC_045512.2	25563	G	T	E	gene-GU280_gp04	MODIFIER	upstream_gene_variant	transcript	TRANSCRIPT_gene-GU280_gp04	protein_coding	-1	c.-682G>T	.	-1	-1	-1	-1	-1	-1	682	upstream_gene_variant	NONE	c.-682G>T	.	-1
NC_045512.2	25563	G	T	M	gene-GU280_gp05	MODIFIER	upstream_gene_variant	transcript	TRANSCRIPT_gene-GU280_gp05	protein_coding	-1	c.-960G>T	.	-1	-1	-1	-1	-1	-1	960	upstream_gene_variant	NONE	c.-960G>T	.	-1
NC_045512.2	25563	G	T	ORF6	gene-GU280_gp06	MODIFIER	upstream_gene_variant	transcript	TRANSCRIPT_gene-GU280_gp06	protein_coding	-1	c.-1639G>T	.	-1	-1	-1	-1	-1	-1	1639	upstream_gene_variant	NONE	c.-1639G>T	.	-1
NC_045512.2	25563	G	T	ORF7a	gene-GU280_gp07	MODIFIER	upstream_gene_variant	transcript	TRANSCRIPT_gene-GU280_gp07	protein_coding	-1	c.-1831G>T	.	-1	-1	-1	-1	-1	-1	1831	upstream_gene_variant	NONE	c.-1831G>T	.	-1
NC_045512.2	25563	G	T	ORF7b	gene-GU280_gp08	MODIFIER	upstream_gene_variant	transcript	TRANSCRIPT_gene-GU280_gp08	protein_coding	-1	c.-2193G>T	.	-1	-1	-1	-1	-1	-1	2193	upstream_gene_variant	NONE	c.-2193G>T	.	-1
NC_045512.2	25563	G	T	ORF8	gene-GU280_gp09	MODIFIER	upstream_gene_variant	transcript	TRANSCRIPT_gene-GU280_gp09	protein_coding	-1	c.-2331G>T	.	-1	-1	-1	-1	-1	-1	2331	upstream_gene_variant	NONE	c.-2331G>T	.	-1
NC_045512.2	25563	G	T	N	gene-GU280_gp10	MODIFIER	upstream_gene_variant	transcript	TRANSCRIPT_gene-GU280_gp10	protein_coding	-1	c.-2711G>T	.	-1	-1	-1	-1	-1	-1	2711	upstream_gene_variant	NONE	c.-2711G>T	.	-1
NC_045512.2	25563	G	T	ORF10	gene-GU280_gp11	MODIFIER	upstream_gene_variant	transcript	TRANSCRIPT_gene-GU280_gp11	protein_coding	-1	c.-3995G>T	.	-1	-1	-1	-1	-1	-1	3995	upstream_gene_variant	NONE	c.-3995G>T	.	-1
NC_045512.2	25563	G	T	ORF1ab	gene-GU280_gp01	MODIFIER	downstream_gene_variant	transcript	TRANSCRIPT_gene-GU280_gp01	protein_coding	-1	c.*4008G>T	.	-1	-1	-1	-1	-1	-1	4008	downstream_gene_variant	NONE	c.*4008G>T	.	-1
NC_045512.2	25563	G	T	S	gene-GU280_gp02	MODIFIER	downstream_gene_variant	transcript	TRANSCRIPT_gene-GU280_gp02	protein_coding	-1	c.*179G>T	.	-1	-1	-1	-1	-1	-1	179	downstream_gene_variant	NONE	c.*179G>T	.	-1
NC_045512.2	25690	G	T	ORF3a	gene-GU280_gp03	MODERATE	missense_variant	transcript	TRANSCRIPT_gene-GU280_gp03	protein_coding	1	c.298G>T	p.Gly100Cys	298	828	298	828	100	275	0	missense_variant	NONE	c.298G>T	p.Gly100Cys	275
NC_045512.2	25690	G	T	E	gene-GU280_gp04	MODIFIER	upstream_gene_variant	transcript	TRANSCRIPT_gene-GU280_gp04	protein_coding	-1	c.-555G>T	.	-1	-1	-1	-1	-1	-1	555	upstream_gene_variant	NONE	c.-555G>T	.	-1
NC_045512.2	25690	G	T	M	gene-GU280_gp05	MODIFIER	upstream_gene_variant	transcript	TRANSCRIPT_gene-GU280_gp05	protein_coding	-1	c.-833G>T	.	-1	-1	-1	-1	-1	-1	833	upstream_gene_variant	NONE	c.-833G>T	.	-1
NC_045512.2	25690	G	T	ORF6	gene-GU280_gp06	MODIFIER	upstream_gene_variant	transcript	TRANSCRIPT_gene-GU280_gp06	protein_coding	-1	c.-1512G>T	.	-1	-1	-1	-1	-1	-1	1512	upstream_gene_variant	NONE	c.-1512G>T	.	-1
NC_045512.2	25690	G	T	ORF7a	gene-GU280_gp07	MODIFIER	upstream_gene_variant	transcript	TRANSCRIPT_gene-GU280_gp07	protein_coding	-1	c.-1704G>T	.	-1	-1	-1	-1	-1	-1	1704	upstream_gene_variant	NONE	c.-1704G>T	.	-1
NC_045512.2	25690	G	T	ORF7b	gene-GU280_gp08	MODIFIER	upstream_gene_variant	transcript	TRANSCRIPT_gene-GU280_gp08	protein_coding	-1	c.-2066G>T	.	-1	-1	-1	-1	-1	-1	2066	upstream_gene_variant	NONE	c.-2066G>T	.	-1
NC_045512.2	25690	G	T	ORF8	gene-GU280_gp09	MODIFIER	upstream_gene_variant	transcript	TRANSCRIPT_gene-GU280_gp09	protein_coding	-1	c.-2204G>T	.	-1	-1	-1	-1	-1	-1	2204	upstream_gene_variant	NONE	c.-2204G>T	.	-1
NC_045512.2	25690	G	T	N	gene-GU280_gp10	MODIFIER	upstream_gene_variant	transcript	TRANSCRIPT_gene-GU280_gp10	protein_coding	-1	c.-2584G>T	.	-1	-1	-1	-1	-1	-1	2584	upstream_gene_variant	NONE	c.-2584G>T	.	-1
NC_045512.2	25690	G	T	ORF10	gene-GU280_gp11	MODIFIER	upstream_gene_variant	transcript	TRANSCRIPT_gene-GU280_gp11	protein_coding	-1	c.-3868G>T	.	-1	-1	-1	-1	-1	-1	3868	upstream_gene_variant	NONE	c.-3868G>T	.	-1
NC_045512.2	25690	G	T	ORF1ab	gene-GU280_gp01	MODIFIER	downstream_gene_variant	transcript	TRANSCRIPT_gene-GU280_gp01	protein_coding	-1	c.*4135G>T	.	-1	-1	-1	-1	-1	-1	4135	downstream_gene_variant	NONE	c.*4135G>T	.	-1
NC_045512.2	25690	G	T	S	gene-GU280_gp02	MODIFIER	downstream_gene_variant	transcript	TRANSCRIPT_gene-GU280_gp02	protein_coding	-1	c.*306G>T	.	-1	-1	-1	-1	-1	-1	306	downstream_gene_variant	NONE	c.*306G>T	.	-1
NC_045512.2	25907	G	T	ORF3a	gene-GU280_gp03	MODERATE	missense_variant	transcript	TRANSCRIPT_gene-GU280_gp03	protein_coding	1	c.515G>T	p.Gly172Val	515	828	515	828	172	275	0	missense_variant	NONE	c.515G>T	p.Gly172Val	275
NC_045512.2	25907	G	T	E	gene-GU280_gp04	MODIFIER	upstream_gene_variant	transcript	TRANSCRIPT_gene-GU280_gp04	protein_coding	-1	c.-338G>T	.	-1	-1	-1	-1	-1	-1	338	upstream_gene_variant	NONE	c.-338G>T	.	-1
NC_045512.2	25907	G	T	M	gene-GU280_gp05	MODIFIER	upstream_gene_variant	transcript	TRANSCRIPT_gene-GU280_gp05	protein_coding	-1	c.-616G>T	.	-1	-1	-1	-1	-1	-1	616	upstream_gene_variant	NONE	c.-616G>T	.	-1
NC_045512.2	25907	G	T	ORF6	gene-GU280_gp06	MODIFIER	upstream_gene_variant	transcript	TRANSCRIPT_gene-GU280_gp06	protein_coding	-1	c.-1295G>T	.	-1	-1	-1	-1	-1	-1	1295	upstream_gene_variant	NONE	c.-1295G>T	.	-1
NC_045512.2	25907	G	T	ORF7a	gene-GU280_gp07	MODIFIER	upstream_gene_variant	transcript	TRANSCRIPT_gene-GU280_gp07	protein_coding	-1	c.-1487G>T	.	-1	-1	-1	-1	-1	-1	1487	upstream_gene_variant	NONE	c.-1487G>T	.	-1
NC_045512.2	25907	G	T	ORF7b	gene-GU280_gp08	MODIFIER	upstream_gene_variant	transcript	TRANSCRIPT_gene-GU280_gp08	protein_coding	-1	c.-1849G>T	.	-1	-1	-1	-1	-1	-1	1849	upstream_gene_variant	NONE	c.-1849G>T	.	-1
NC_045512.2	25907	G	T	ORF8	gene-GU280_gp09	MODIFIER	upstream_gene_variant	transcript	TRANSCRIPT_gene-GU280_gp09	protein_coding	-1	c.-1987G>T	.	-1	-1	-1	-1	-1	-1	1987	upstream_gene_variant	NONE	c.-1987G>T	.	-1
NC_045512.2	25907	G	T	N	gene-GU280_gp10	MODIFIER	upstream_gene_variant	transcript	TRANSCRIPT_gene-GU280_gp10	protein_coding	-1	c.-2367G>T	.	-1	-1	-1	-1	-1	-1	2367	upstream_gene_variant	NONE	c.-2367G>T	.	-1
NC_045512.2	25907	G	T	ORF10	gene-GU280_gp11	MODIFIER	upstream_gene_variant	transcript	TRANSCRIPT_gene-GU280_gp11	protein_coding	-1	c.-3651G>T	.	-1	-1	-1	-1	-1	-1	3651	upstream_gene_variant	NONE	c.-3651G>T	.	-1
NC_045512.2	25907	G	T	ORF1ab	gene-GU280_gp01	MODIFIER	downstream_gene_variant	transcript	TRANSCRIPT_gene-GU280_gp01	protein_coding	-1	c.*4352G>T	.	-1	-1	-1	-1	-1	-1	4352	downstream_gene_variant	NONE	c.*4352G>T	.	-1
NC_045512.2	25907	G	T	S	gene-GU280_gp02	MODIFIER	downstream_gene_variant	transcript	TRANSCRIPT_gene-GU280_gp02	protein_coding	-1	c.*523G>T	.	-1	-1	-1	-1	-1	-1	523	downstream_gene_variant	NONE	c.*523G>T	.	-1
NC_045512.2	25973	A	G	ORF3a	gene-GU280_gp03	MODERATE	missense_variant	transcript	TRANSCRIPT_gene-GU280_gp03	protein_coding	1	c.581A>G	p.Glu194Gly	581	828	581	828	194	275	0	missense_variant	NONE	c.581A>G	p.Glu194Gly	275
NC_045512.2	25973	A	G	E	gene-GU280_gp04	MODIFIER	upstream_gene_variant	transcript	TRANSCRIPT_gene-GU280_gp04	protein_coding	-1	c.-272A>G	.	-1	-1	-1	-1	-1	-1	272	upstream_gene_variant	NONE	c.-272A>G	.	-1
NC_045512.2	25973	A	G	M	gene-GU280_gp05	MODIFIER	upstream_gene_variant	transcript	TRANSCRIPT_gene-GU280_gp05	protein_coding	-1	c.-550A>G	.	-1	-1	-1	-1	-1	-1	550	upstream_gene_variant	NONE	c.-550A>G	.	-1
NC_045512.2	25973	A	G	ORF6	gene-GU280_gp06	MODIFIER	upstream_gene_variant	transcript	TRANSCRIPT_gene-GU280_gp06	protein_coding	-1	c.-1229A>G	.	-1	-1	-1	-1	-1	-1	1229	upstream_gene_variant	NONE	c.-1229A>G	.	-1
NC_045512.2	25973	A	G	ORF7a	gene-GU280_gp07	MODIFIER	upstream_gene_variant	transcript	TRANSCRIPT_gene-GU280_gp07	protein_coding	-1	c.-1421A>G	.	-1	-1	-1	-1	-1	-1	1421	upstream_gene_variant	NONE	c.-1421A>G	.	-1
NC_045512.2	25973	A	G	ORF7b	gene-GU280_gp08	MODIFIER	upstream_gene_variant	transcript	TRANSCRIPT_gene-GU280_gp08	protein_coding	-1	c.-1783A>G	.	-1	-1	-1	-1	-1	-1	1783	upstream_gene_variant	NONE	c.-1783A>G	.	-1
NC_045512.2	25973	A	G	ORF8	gene-GU280_gp09	MODIFIER	upstream_gene_variant	transcript	TRANSCRIPT_gene-GU280_gp09	protein_coding	-1	c.-1921A>G	.	-1	-1	-1	-1	-1	-1	1921	upstream_gene_variant	NONE	c.-1921A>G	.	-1
NC_045512.2	25973	A	G	N	gene-GU280_gp10	MODIFIER	upstream_gene_variant	transcript	TRANSCRIPT_gene-GU280_gp10	protein_coding	-1	c.-2301A>G	.	-1	-1	-1	-1	-1	-1	2301	upstream_gene_variant	NONE	c.-2301A>G	.	-1
NC_045512.2	25973	A	G	ORF10	gene-GU280_gp11	MODIFIER	upstream_gene_variant	transcript	TRANSCRIPT_gene-GU280_gp11	protein_coding	-1	c.-3585A>G	.	-1	-1	-1	-1	-1	-1	3585	upstream_gene_variant	NONE	c.-3585A>G	.	-1
NC_045512.2	25973	A	G	ORF1ab	gene-GU280_gp01	MODIFIER	downstream_gene_variant	transcript	TRANSCRIPT_gene-GU280_gp01	protein_coding	-1	c.*4418A>G	.	-1	-1	-1	-1	-1	-1	4418	downstream_gene_variant	NONE	c.*4418A>G	.	-1
NC_045512.2	25973	A	G	S	gene-GU280_gp02	MODIFIER	downstream_gene_variant	transcript	TRANSCRIPT_gene-GU280_gp02	protein_coding	-1	c.*589A>G	.	-1	-1	-1	-1	-1	-1	589	downstream_gene_variant	NONE	c.*589A>G	.	-1
NC_045512.2	26486	TA	T	M	gene-GU280_gp05	MODIFIER	upstream_gene_variant	transcript	TRANSCRIPT_gene-GU280_gp05	protein_coding	-1	c.-36delA	.	-1	-1	-1	-1	-1	-1	36	upstream_gene_variant	NONE	c.-36delA	.	-1
NC_045512.2	26486	TA	T	ORF6	gene-GU280_gp06	MODIFIER	upstream_gene_variant	transcript	TRANSCRIPT_gene-GU280_gp06	protein_coding	-1	c.-715delA	.	-1	-1	-1	-1	-1	-1	715	upstream_gene_variant	NONE	c.-715delA	.	-1
NC_045512.2	26486	TA	T	ORF7a	gene-GU280_gp07	MODIFIER	upstream_gene_variant	transcript	TRANSCRIPT_gene-GU280_gp07	protein_coding	-1	c.-907delA	.	-1	-1	-1	-1	-1	-1	907	upstream_gene_variant	NONE	c.-907delA	.	-1
NC_045512.2	26486	TA	T	ORF7b	gene-GU280_gp08	MODIFIER	upstream_gene_variant	transcript	TRANSCRIPT_gene-GU280_gp08	protein_coding	-1	c.-1269delA	.	-1	-1	-1	-1	-1	-1	1269	upstream_gene_variant	NONE	c.-1269delA	.	-1
NC_045512.2	26486	TA	T	ORF8	gene-GU280_gp09	MODIFIER	upstream_gene_variant	transcript	TRANSCRIPT_gene-GU280_gp09	protein_coding	-1	c.-1407delA	.	-1	-1	-1	-1	-1	-1	1407	upstream_gene_variant	NONE	c.-1407delA	.	-1
NC_045512.2	26486	TA	T	N	gene-GU280_gp10	MODIFIER	upstream_gene_variant	transcript	TRANSCRIPT_gene-GU280_gp10	protein_coding	-1	c.-1787delA	.	-1	-1	-1	-1	-1	-1	1787	upstream_gene_variant	NONE	c.-1787delA	.	-1
NC_045512.2	26486	TA	T	ORF10	gene-GU280_gp11	MODIFIER	upstream_gene_variant	transcript	TRANSCRIPT_gene-GU280_gp11	protein_coding	-1	c.-3071delA	.	-1	-1	-1	-1	-1	-1	3071	upstream_gene_variant	NONE	c.-3071delA	.	-1
NC_045512.2	26486	TA	T	ORF1ab	gene-GU280_gp01	MODIFIER	downstream_gene_variant	transcript	TRANSCRIPT_gene-GU280_gp01	protein_coding	-1	c.*4932delA	.	-1	-1	-1	-1	-1	-1	4932	downstream_gene_variant	NONE	c.*4932delA	.	-1
NC_045512.2	26486	TA	T	S	gene-GU280_gp02	MODIFIER	downstream_gene_variant	transcript	TRANSCRIPT_gene-GU280_gp02	protein_coding	-1	c.*1103delA	.	-1	-1	-1	-1	-1	-1	1103	downstream_gene_variant	NONE	c.*1103delA	.	-1
NC_045512.2	26486	TA	T	ORF3a	gene-GU280_gp03	MODIFIER	downstream_gene_variant	transcript	TRANSCRIPT_gene-GU280_gp03	protein_coding	-1	c.*267delA	.	-1	-1	-1	-1	-1	-1	267	downstream_gene_variant	NONE	c.*267delA	.	-1
NC_045512.2	26486	TA	T	E	gene-GU280_gp04	MODIFIER	downstream_gene_variant	transcript	TRANSCRIPT_gene-GU280_gp04	protein_coding	-1	c.*15delA	.	-1	-1	-1	-1	-1	-1	15	downstream_gene_variant	NONE	c.*15delA	.	-1
NC_045512.2	26486	TA	T	E-M	gene-GU280_gp04-gene-GU280_gp05	MODIFIER	intergenic_region	intergenic_region	gene-GU280_gp04-gene-GU280_gp05	.	-1	n.26487delA	.	-1	-1	-1	-1	-1	-1	0	intergenic_region	NONE	n.26487delA	.	-1
NC_045512.2	26510	T	C	M	gene-GU280_gp05	MODIFIER	upstream_gene_variant	transcript	TRANSCRIPT_gene-GU280_gp05	protein_coding	-1	c.-13T>C	.	-1	-1	-1	-1	-1	-1	13	upstream_gene_variant	NONE	c.-13T>C	.	-1
NC_045512.2	26510	T	C	ORF6	gene-GU280_gp06	MODIFIER	upstream_gene_variant	transcript	TRANSCRIPT_gene-GU280_gp06	protein_coding	-1	c.-692T>C	.	-1	-1	-1	-1	-1	-1	692	upstream_gene_variant	NONE	c.-692T>C	.	-1
NC_045512.2	26510	T	C	ORF7a	gene-GU280_gp07	MODIFIER	upstream_gene_variant	transcript	TRANSCRIPT_gene-GU280_gp07	protein_coding	-1	c.-884T>C	.	-1	-1	-1	-1	-1	-1	884	upstream_gene_variant	NONE	c.-884T>C	.	-1
NC_045512.2	26510	T	C	ORF7b	gene-GU280_gp08	MODIFIER	upstream_gene_variant	transcript	TRANSCRIPT_gene-GU280_gp08	protein_coding	-1	c.-1246T>C	.	-1	-1	-1	-1	-1	-1	1246	upstream_gene_variant	NONE	c.-1246T>C	.	-1
NC_045512.2	26510	T	C	ORF8	gene-GU280_gp09	MODIFIER	upstream_gene_variant	transcript	TRANSCRIPT_gene-GU280_gp09	protein_coding	-1	c.-1384T>C	.	-1	-1	-1	-1	-1	-1	1384	upstream_gene_variant	NONE	c.-1384T>C	.	-1
NC_045512.2	26510	T	C	N	gene-GU280_gp10	MODIFIER	upstream_gene_variant	transcript	TRANSCRIPT_gene-GU280_gp10	protein_coding	-1	c.-1764T>C	.	-1	-1	-1	-1	-1	-1	1764	upstream_gene_variant	NONE	c.-1764T>C	.	-1
NC_045512.2	26510	T	C	ORF10	gene-GU280_gp11	MODIFIER	upstream_gene_variant	transcript	TRANSCRIPT_gene-GU280_gp11	protein_coding	-1	c.-3048T>C	.	-1	-1	-1	-1	-1	-1	3048	upstream_gene_variant	NONE	c.-3048T>C	.	-1
NC_045512.2	26510	T	C	ORF1ab	gene-GU280_gp01	MODIFIER	downstream_gene_variant	transcript	TRANSCRIPT_gene-GU280_gp01	protein_coding	-1	c.*4955T>C	.	-1	-1	-1	-1	-1	-1	4955	downstream_gene_variant	NONE	c.*4955T>C	.	-1
NC_045512.2	26510	T	C	S	gene-GU280_gp02	MODIFIER	downstream_gene_variant	transcript	TRANSCRIPT_gene-GU280_gp02	protein_coding	-1	c.*1126T>C	.	-1	-1	-1	-1	-1	-1	1126	downstream_gene_variant	NONE	c.*1126T>C	.	-1
NC_045512.2	26510	T	C	ORF3a	gene-GU280_gp03	MODIFIER	downstream_gene_variant	transcript	TRANSCRIPT_gene-GU280_gp03	protein_coding	-1	c.*290T>C	.	-1	-1	-1	-1	-1	-1	290	downstream_gene_variant	NONE	c.*290T>C	.	-1
NC_045512.2	26510	T	C	E	gene-GU280_gp04	MODIFIER	downstream_gene_variant	transcript	TRANSCRIPT_gene-GU280_gp04	protein_coding	-1	c.*38T>C	.	-1	-1	-1	-1	-1	-1	38	downstream_gene_variant	NONE	c.*38T>C	.	-1
NC_045512.2	26510	T	C	E-M	gene-GU280_gp04-gene-GU280_gp05	MODIFIER	intergenic_region	intergenic_region	gene-GU280_gp04-gene-GU280_gp05	.	-1	n.26510T>C	.	-1	-1	-1	-1	-1	-1	0	intergenic_region	NONE	n.26510T>C	.	-1
NC_045512.2	26511	T	C	M	gene-GU280_gp05	MODIFIER	upstream_gene_variant	transcript	TRANSCRIPT_gene-GU280_gp05	protein_coding	-1	c.-12T>C	.	-1	-1	-1	-1	-1	-1	12	upstream_gene_variant	NONE	c.-12T>C	.	-1
NC_045512.2	26511	T	C	ORF6	gene-GU280_gp06	MODIFIER	upstream_gene_variant	transcript	TRANSCRIPT_gene-GU280_gp06	protein_coding	-1	c.-691T>C	.	-1	-1	-1	-1	-1	-1	691	upstream_gene_variant	NONE	c.-691T>C	.	-1
NC_045512.2	26511	T	C	ORF7a	gene-GU280_gp07	MODIFIER	upstream_gene_variant	transcript	TRANSCRIPT_gene-GU280_gp07	protein_coding	-1	c.-883T>C	.	-1	-1	-1	-1	-1	-1	883	upstream_gene_variant	NONE	c.-883T>C	.	-1
NC_045512.2	26511	T	C	ORF7b	gene-GU280_gp08	MODIFIER	upstream_gene_variant	transcript	TRANSCRIPT_gene-GU280_gp08	protein_coding	-1	c.-1245T>C	.	-1	-1	-1	-1	-1	-1	1245	upstream_gene_variant	NONE	c.-1245T>C	.	-1
NC_045512.2	26511	T	C	ORF8	gene-GU280_gp09	MODIFIER	upstream_gene_variant	transcript	TRANSCRIPT_gene-GU280_gp09	protein_coding	-1	c.-1383T>C	.	-1	-1	-1	-1	-1	-1	1383	upstream_gene_variant	NONE	c.-1383T>C	.	-1
NC_045512.2	26511	T	C	N	gene-GU280_gp10	MODIFIER	upstream_gene_variant	transcript	TRANSCRIPT_gene-GU280_gp10	protein_coding	-1	c.-1763T>C	.	-1	-1	-1	-1	-1	-1	1763	upstream_gene_variant	NONE	c.-1763T>C	.	-1
NC_045512.2	26511	T	C	ORF10	gene-GU280_gp11	MODIFIER	upstream_gene_variant	transcript	TRANSCRIPT_gene-GU280_gp11	protein_coding	-1	c.-3047T>C	.	-1	-1	-1	-1	-1	-1	3047	upstream_gene_variant	NONE	c.-3047T>C	.	-1
NC_045512.2	26511	T	C	ORF1ab	gene-GU280_gp01	MODIFIER	downstream_gene_variant	transcript	TRANSCRIPT_gene-GU280_gp01	protein_coding	-1	c.*4956T>C	.	-1	-1	-1	-1	-1	-1	4956	downstream_gene_variant	NONE	c.*4956T>C	.	-1
NC_045512.2	26511	T	C	S	gene-GU280_gp02	MODIFIER	downstream_gene_variant	transcript	TRANSCRIPT_gene-GU280_gp02	protein_coding	-1	c.*1127T>C	.	-1	-1	-1	-1	-1	-1	1127	downstream_gene_variant	NONE	c.*1127T>C	.	-1
NC_045512.2	26511	T	C	ORF3a	gene-GU280_gp03	MODIFIER	downstream_gene_variant	transcript	TRANSCRIPT_gene-GU280_gp03	protein_coding	-1	c.*291T>C	.	-1	-1	-1	-1	-1	-1	291	downstream_gene_variant	NONE	c.*291T>C	.	-1
NC_045512.2	26511	T	C	E	gene-GU280_gp04	MODIFIER	downstream_gene_variant	transcript	TRANSCRIPT_gene-GU280_gp04	protein_coding	-1	c.*39T>C	.	-1	-1	-1	-1	-1	-1	39	downstream_gene_variant	NONE	c.*39T>C	.	-1
NC_045512.2	26511	T	C	E-M	gene-GU280_gp04-gene-GU280_gp05	MODIFIER	intergenic_region	intergenic_region	gene-GU280_gp04-gene-GU280_gp05	.	-1	n.26511T>C	.	-1	-1	-1	-1	-1	-1	0	intergenic_region	NONE	n.26511T>C	.	-1
NC_045512.2	26550	G	C	M	gene-GU280_gp05	MODERATE	missense_variant	transcript	TRANSCRIPT_gene-GU280_gp05	protein_coding	1	c.28G>C	p.Val10Leu	28	669	28	669	10	222	0	missense_variant	NONE	c.28G>C	p.Val10Leu	222
NC_045512.2	26550	G	C	ORF6	gene-GU280_gp06	MODIFIER	upstream_gene_variant	transcript	TRANSCRIPT_gene-GU280_gp06	protein_coding	-1	c.-652G>C	.	-1	-1	-1	-1	-1	-1	652	upstream_gene_variant	NONE	c.-652G>C	.	-1
NC_045512.2	26550	G	C	ORF7a	gene-GU280_gp07	MODIFIER	upstream_gene_variant	transcript	TRANSCRIPT_gene-GU280_gp07	protein_coding	-1	c.-844G>C	.	-1	-1	-1	-1	-1	-1	844	upstream_gene_variant	NONE	c.-844G>C	.	-1
NC_045512.2	26550	G	C	ORF7b	gene-GU280_gp08	MODIFIER	upstream_gene_variant	transcript	TRANSCRIPT_gene-GU280_gp08	protein_coding	-1	c.-1206G>C	.	-1	-1	-1	-1	-1	-1	1206	upstream_gene_variant	NONE	c.-1206G>C	.	-1
NC_045512.2	26550	G	C	ORF8	gene-GU280_gp09	MODIFIER	upstream_gene_variant	transcript	TRANSCRIPT_gene-GU280_gp09	protein_coding	-1	c.-1344G>C	.	-1	-1	-1	-1	-1	-1	1344	upstream_gene_variant	NONE	c.-1344G>C	.	-1
NC_045512.2	26550	G	C	N	gene-GU280_gp10	MODIFIER	upstream_gene_variant	transcript	TRANSCRIPT_gene-GU280_gp10	protein_coding	-1	c.-1724G>C	.	-1	-1	-1	-1	-1	-1	1724	upstream_gene_variant	NONE	c.-1724G>C	.	-1
NC_045512.2	26550	G	C	ORF10	gene-GU280_gp11	MODIFIER	upstream_gene_variant	transcript	TRANSCRIPT_gene-GU280_gp11	protein_coding	-1	c.-3008G>C	.	-1	-1	-1	-1	-1	-1	3008	upstream_gene_variant	NONE	c.-3008G>C	.	-1
NC_045512.2	26550	G	C	ORF1ab	gene-GU280_gp01	MODIFIER	downstream_gene_variant	transcript	TRANSCRIPT_gene-GU280_gp01	protein_coding	-1	c.*4995G>C	.	-1	-1	-1	-1	-1	-1	4995	downstream_gene_variant	NONE	c.*4995G>C	.	-1
NC_045512.2	26550	G	C	S	gene-GU280_gp02	MODIFIER	downstream_gene_variant	transcript	TRANSCRIPT_gene-GU280_gp02	protein_coding	-1	c.*1166G>C	.	-1	-1	-1	-1	-1	-1	1166	downstream_gene_variant	NONE	c.*1166G>C	.	-1
NC_045512.2	26550	G	C	ORF3a	gene-GU280_gp03	MODIFIER	downstream_gene_variant	transcript	TRANSCRIPT_gene-GU280_gp03	protein_coding	-1	c.*330G>C	.	-1	-1	-1	-1	-1	-1	330	downstream_gene_variant	NONE	c.*330G>C	.	-1
NC_045512.2	26550	G	C	E	gene-GU280_gp04	MODIFIER	downstream_gene_variant	transcript	TRANSCRIPT_gene-GU280_gp04	protein_coding	-1	c.*78G>C	.	-1	-1	-1	-1	-1	-1	78	downstream_gene_variant	NONE	c.*78G>C	.	-1
NC_045512.2	26566	A	G	M	gene-GU280_gp05	MODERATE	missense_variant	transcript	TRANSCRIPT_gene-GU280_gp05	protein_coding	1	c.44A>G	p.Lys15Arg	44	669	44	669	15	222	0	missense_variant	NONE	c.44A>G	p.Lys15Arg	222
NC_045512.2	26566	A	G	ORF6	gene-GU280_gp06	MODIFIER	upstream_gene_variant	transcript	TRANSCRIPT_gene-GU280_gp06	protein_coding	-1	c.-636A>G	.	-1	-1	-1	-1	-1	-1	636	upstream_gene_variant	NONE	c.-636A>G	.	-1
NC_045512.2	26566	A	G	ORF7a	gene-GU280_gp07	MODIFIER	upstream_gene_variant	transcript	TRANSCRIPT_gene-GU280_gp07	protein_coding	-1	c.-828A>G	.	-1	-1	-1	-1	-1	-1	828	upstream_gene_variant	NONE	c.-828A>G	.	-1
NC_045512.2	26566	A	G	ORF7b	gene-GU280_gp08	MODIFIER	upstream_gene_variant	transcript	TRANSCRIPT_gene-GU280_gp08	protein_coding	-1	c.-1190A>G	.	-1	-1	-1	-1	-1	-1	1190	upstream_gene_variant	NONE	c.-1190A>G	.	-1
NC_045512.2	26566	A	G	ORF8	gene-GU280_gp09	MODIFIER	upstream_gene_variant	transcript	TRANSCRIPT_gene-GU280_gp09	protein_coding	-1	c.-1328A>G	.	-1	-1	-1	-1	-1	-1	1328	upstream_gene_variant	NONE	c.-1328A>G	.	-1
NC_045512.2	26566	A	G	N	gene-GU280_gp10	MODIFIER	upstream_gene_variant	transcript	TRANSCRIPT_gene-GU280_gp10	protein_coding	-1	c.-1708A>G	.	-1	-1	-1	-1	-1	-1	1708	upstream_gene_variant	NONE	c.-1708A>G	.	-1
NC_045512.2	26566	A	G	ORF10	gene-GU280_gp11	MODIFIER	upstream_gene_variant	transcript	TRANSCRIPT_gene-GU280_gp11	protein_coding	-1	c.-2992A>G	.	-1	-1	-1	-1	-1	-1	2992	upstream_gene_variant	NONE	c.-2992A>G	.	-1
NC_045512.2	26566	A	G	S	gene-GU280_gp02	MODIFIER	downstream_gene_variant	transcript	TRANSCRIPT_gene-GU280_gp02	protein_coding	-1	c.*1182A>G	.	-1	-1	-1	-1	-1	-1	1182	downstream_gene_variant	NONE	c.*1182A>G	.	-1
NC_045512.2	26566	A	G	ORF3a	gene-GU280_gp03	MODIFIER	downstream_gene_variant	transcript	TRANSCRIPT_gene-GU280_gp03	protein_coding	-1	c.*346A>G	.	-1	-1	-1	-1	-1	-1	346	downstream_gene_variant	NONE	c.*346A>G	.	-1
NC_045512.2	26566	A	G	E	gene-GU280_gp04	MODIFIER	downstream_gene_variant	transcript	TRANSCRIPT_gene-GU280_gp04	protein_coding	-1	c.*94A>G	.	-1	-1	-1	-1	-1	-1	94	downstream_gene_variant	NONE	c.*94A>G	.	-1
NC_045512.2	26594	AG	A	M	gene-GU280_gp05	HIGH	frameshift_variant	transcript	TRANSCRIPT_gene-GU280_gp05	protein_coding	1	c.74delG	p.Gly25fs	74	669	74	669	25	222	0	frameshift_variant	NONE	c.74delG	p.Gly25fs	222
NC_045512.2	26594	AG	A	ORF6	gene-GU280_gp06	MODIFIER	upstream_gene_variant	transcript	TRANSCRIPT_gene-GU280_gp06	protein_coding	-1	c.-607delG	.	-1	-1	-1	-1	-1	-1	607	upstream_gene_variant	NONE	c.-607delG	.	-1
NC_045512.2	26594	AG	A	ORF7a	gene-GU280_gp07	MODIFIER	upstream_gene_variant	transcript	TRANSCRIPT_gene-GU280_gp07	protein_coding	-1	c.-799delG	.	-1	-1	-1	-1	-1	-1	799	upstream_gene_variant	NONE	c.-799delG	.	-1
NC_045512.2	26594	AG	A	ORF7b	gene-GU280_gp08	MODIFIER	upstream_gene_variant	transcript	TRANSCRIPT_gene-GU280_gp08	protein_coding	-1	c.-1161delG	.	-1	-1	-1	-1	-1	-1	1161	upstream_gene_variant	NONE	c.-1161delG	.	-1
NC_045512.2	26594	AG	A	ORF8	gene-GU280_gp09	MODIFIER	upstream_gene_variant	transcript	TRANSCRIPT_gene-GU280_gp09	protein_coding	-1	c.-1299delG	.	-1	-1	-1	-1	-1	-1	1299	upstream_gene_variant	NONE	c.-1299delG	.	-1
NC_045512.2	26594	AG	A	N	gene-GU280_gp10	MODIFIER	upstream_gene_variant	transcript	TRANSCRIPT_gene-GU280_gp10	protein_coding	-1	c.-1679delG	.	-1	-1	-1	-1	-1	-1	1679	upstream_gene_variant	NONE	c.-1679delG	.	-1
NC_045512.2	26594	AG	A	ORF10	gene-GU280_gp11	MODIFIER	upstream_gene_variant	transcript	TRANSCRIPT_gene-GU280_gp11	protein_coding	-1	c.-2963delG	.	-1	-1	-1	-1	-1	-1	2963	upstream_gene_variant	NONE	c.-2963delG	.	-1
NC_045512.2	26594	AG	A	S	gene-GU280_gp02	MODIFIER	downstream_gene_variant	transcript	TRANSCRIPT_gene-GU280_gp02	protein_coding	-1	c.*1211delG	.	-1	-1	-1	-1	-1	-1	1211	downstream_gene_variant	NONE	c.*1211delG	.	-1
NC_045512.2	26594	AG	A	ORF3a	gene-GU280_gp03	MODIFIER	downstream_gene_variant	transcript	TRANSCRIPT_gene-GU280_gp03	protein_coding	-1	c.*375delG	.	-1	-1	-1	-1	-1	-1	375	downstream_gene_variant	NONE	c.*375delG	.	-1
NC_045512.2	26594	AG	A	E	gene-GU280_gp04	MODIFIER	downstream_gene_variant	transcript	TRANSCRIPT_gene-GU280_gp04	protein_coding	-1	c.*123delG	.	-1	-1	-1	-1	-1	-1	123	downstream_gene_variant	NONE	c.*123delG	.	-1
NC_045512.2	27385	T	C	ORF6	gene-GU280_gp06	HIGH	stop_lost&splice_region_variant	transcript	TRANSCRIPT_gene-GU280_gp06	protein_coding	1	c.184T>C	p.Ter62Glnext*?	184	186	184	186	62	61	0	stop_lost&splice_region_variant	NONE	c.184T>C	p.Ter62Glnext*?	61
NC_045512.2	27385	T	C	ORF7a	gene-GU280_gp07	MODIFIER	upstream_gene_variant	transcript	TRANSCRIPT_gene-GU280_gp07	protein_coding	-1	c.-9T>C	.	-1	-1	-1	-1	-1	-1	9	upstream_gene_variant	NONE	c.-9T>C	.	-1
NC_045512.2	27385	T	C	ORF7b	gene-GU280_gp08	MODIFIER	upstream_gene_variant	transcript	TRANSCRIPT_gene-GU280_gp08	protein_coding	-1	c.-371T>C	.	-1	-1	-1	-1	-1	-1	371	upstream_gene_variant	NONE	c.-371T>C	.	-1
NC_045512.2	27385	T	C	ORF8	gene-GU280_gp09	MODIFIER	upstream_gene_variant	transcript	TRANSCRIPT_gene-GU280_gp09	protein_coding	-1	c.-509T>C	.	-1	-1	-1	-1	-1	-1	509	upstream_gene_variant	NONE	c.-509T>C	.	-1
NC_045512.2	27385	T	C	N	gene-GU280_gp10	MODIFIER	upstream_gene_variant	transcript	TRANSCRIPT_gene-GU280_gp10	protein_coding	-1	c.-889T>C	.	-1	-1	-1	-1	-1	-1	889	upstream_gene_variant	NONE	c.-889T>C	.	-1
NC_045512.2	27385	T	C	ORF10	gene-GU280_gp11	MODIFIER	upstream_gene_variant	transcript	TRANSCRIPT_gene-GU280_gp11	protein_coding	-1	c.-2173T>C	.	-1	-1	-1	-1	-1	-1	2173	upstream_gene_variant	NONE	c.-2173T>C	.	-1
NC_045512.2	27385	T	C	S	gene-GU280_gp02	MODIFIER	downstream_gene_variant	transcript	TRANSCRIPT_gene-GU280_gp02	protein_coding	-1	c.*2001T>C	.	-1	-1	-1	-1	-1	-1	2001	downstream_gene_variant	NONE	c.*2001T>C	.	-1
NC_045512.2	27385	T	C	ORF3a	gene-GU280_gp03	MODIFIER	downstream_gene_variant	transcript	TRANSCRIPT_gene-GU280_gp03	protein_coding	-1	c.*1165T>C	.	-1	-1	-1	-1	-1	-1	1165	downstream_gene_variant	NONE	c.*1165T>C	.	-1
NC_045512.2	27385	T	C	E	gene-GU280_gp04	MODIFIER	downstream_gene_variant	transcript	TRANSCRIPT_gene-GU280_gp04	protein_coding	-1	c.*913T>C	.	-1	-1	-1	-1	-1	-1	913	downstream_gene_variant	NONE	c.*913T>C	.	-1
NC_045512.2	27385	T	C	M	gene-GU280_gp05	MODIFIER	downstream_gene_variant	transcript	TRANSCRIPT_gene-GU280_gp05	protein_coding	-1	c.*194T>C	.	-1	-1	-1	-1	-1	-1	194	downstream_gene_variant	NONE	c.*194T>C	.	-1
NC_045512.2	27385	TA	T	ORF6	gene-GU280_gp06	HIGH	frameshift_variant	transcript	TRANSCRIPT_gene-GU280_gp06	protein_coding	1	c.175delA	p.Glu59fs	175	186	175	186	59	61	0	frameshift_variant	NONE	c.175delA	p.Glu59fs	61
NC_045512.2	27385	TA	T	ORF7a	gene-GU280_gp07	MODIFIER	upstream_gene_variant	transcript	TRANSCRIPT_gene-GU280_gp07	protein_coding	-1	c.-8delA	.	-1	-1	-1	-1	-1	-1	8	upstream_gene_variant	NONE	c.-8delA	.	-1
NC_045512.2	27385	TA	T	ORF7b	gene-GU280_gp08	MODIFIER	upstream_gene_variant	transcript	TRANSCRIPT_gene-GU280_gp08	protein_coding	-1	c.-370delA	.	-1	-1	-1	-1	-1	-1	370	upstream_gene_variant	NONE	c.-370delA	.	-1
NC_045512.2	27385	TA	T	ORF8	gene-GU280_gp09	MODIFIER	upstream_gene_variant	transcript	TRANSCRIPT_gene-GU280_gp09	protein_coding	-1	c.-508delA	.	-1	-1	-1	-1	-1	-1	508	upstream_gene_variant	NONE	c.-508delA	.	-1
NC_045512.2	27385	TA	T	N	gene-GU280_gp10	MODIFIER	upstream_gene_variant	transcript	TRANSCRIPT_gene-GU280_gp10	protein_coding	-1	c.-888delA	.	-1	-1	-1	-1	-1	-1	888	upstream_gene_variant	NONE	c.-888delA	.	-1
NC_045512.2	27385	TA	T	ORF10	gene-GU280_gp11	MODIFIER	upstream_gene_variant	transcript	TRANSCRIPT_gene-GU280_gp11	protein_coding	-1	c.-2172delA	.	-1	-1	-1	-1	-1	-1	2172	upstream_gene_variant	NONE	c.-2172delA	.	-1
NC_045512.2	27385	TA	T	S	gene-GU280_gp02	MODIFIER	downstream_gene_variant	transcript	TRANSCRIPT_gene-GU280_gp02	protein_coding	-1	c.*2002delA	.	-1	-1	-1	-1	-1	-1	2002	downstream_gene_variant	NONE	c.*2002delA	.	-1
NC_045512.2	27385	TA	T	ORF3a	gene-GU280_gp03	MODIFIER	downstream_gene_variant	transcript	TRANSCRIPT_gene-GU280_gp03	protein_coding	-1	c.*1166delA	.	-1	-1	-1	-1	-1	-1	1166	downstream_gene_variant	NONE	c.*1166delA	.	-1
NC_045512.2	27385	TA	T	E	gene-GU280_gp04	MODIFIER	downstream_gene_variant	transcript	TRANSCRIPT_gene-GU280_gp04	protein_coding	-1	c.*914delA	.	-1	-1	-1	-1	-1	-1	914	downstream_gene_variant	NONE	c.*914delA	.	-1
NC_045512.2	27385	TA	T	M	gene-GU280_gp05	MODIFIER	downstream_gene_variant	transcript	TRANSCRIPT_gene-GU280_gp05	protein_coding	-1	c.*195delA	.	-1	-1	-1	-1	-1	-1	195	downstream_gene_variant	NONE	c.*195delA	.	-1
NC_045512.2	27876	T	C	ORF7b	gene-GU280_gp08	MODERATE	missense_variant	transcript	TRANSCRIPT_gene-GU280_gp08	protein_coding	1	c.121T>C	p.Cys41Arg	121	132	121	132	41	43	0	missense_variant	NONE	c.121T>C	p.Cys41Arg	43
NC_045512.2	27876	T	C	ORF8	gene-GU280_gp09	MODIFIER	upstream_gene_variant	transcript	TRANSCRIPT_gene-GU280_gp09	protein_coding	-1	c.-18T>C	.	-1	-1	-1	-1	-1	-1	18	upstream_gene_variant	NONE	c.-18T>C	.	-1
NC_045512.2	27876	T	C	N	gene-GU280_gp10	MODIFIER	upstream_gene_variant	transcript	TRANSCRIPT_gene-GU280_gp10	protein_coding	-1	c.-398T>C	.	-1	-1	-1	-1	-1	-1	398	upstream_gene_variant	NONE	c.-398T>C	.	-1
NC_045512.2	27876	T	C	ORF10	gene-GU280_gp11	MODIFIER	upstream_gene_variant	transcript	TRANSCRIPT_gene-GU280_gp11	protein_coding	-1	c.-1682T>C	.	-1	-1	-1	-1	-1	-1	1682	upstream_gene_variant	NONE	c.-1682T>C	.	-1
NC_045512.2	27876	T	C	S	gene-GU280_gp02	MODIFIER	downstream_gene_variant	transcript	TRANSCRIPT_gene-GU280_gp02	protein_coding	-1	c.*2492T>C	.	-1	-1	-1	-1	-1	-1	2492	downstream_gene_variant	NONE	c.*2492T>C	.	-1
NC_045512.2	27876	T	C	ORF3a	gene-GU280_gp03	MODIFIER	downstream_gene_variant	transcript	TRANSCRIPT_gene-GU280_gp03	protein_coding	-1	c.*1656T>C	.	-1	-1	-1	-1	-1	-1	1656	downstream_gene_variant	NONE	c.*1656T>C	.	-1
NC_045512.2	27876	T	C	E	gene-GU280_gp04	MODIFIER	downstream_gene_variant	transcript	TRANSCRIPT_gene-GU280_gp04	protein_coding	-1	c.*1404T>C	.	-1	-1	-1	-1	-1	-1	1404	downstream_gene_variant	NONE	c.*1404T>C	.	-1
NC_045512.2	27876	T	C	M	gene-GU280_gp05	MODIFIER	downstream_gene_variant	transcript	TRANSCRIPT_gene-GU280_gp05	protein_coding	-1	c.*685T>C	.	-1	-1	-1	-1	-1	-1	685	downstream_gene_variant	NONE	c.*685T>C	.	-1
NC_045512.2	27876	T	C	ORF6	gene-GU280_gp06	MODIFIER	downstream_gene_variant	transcript	TRANSCRIPT_gene-GU280_gp06	protein_coding	-1	c.*489T>C	.	-1	-1	-1	-1	-1	-1	489	downstream_gene_variant	NONE	c.*489T>C	.	-1
NC_045512.2	27876	T	C	ORF7a	gene-GU280_gp07	MODIFIER	downstream_gene_variant	transcript	TRANSCRIPT_gene-GU280_gp07	protein_coding	-1	c.*117T>C	.	-1	-1	-1	-1	-1	-1	117	downstream_gene_variant	NONE	c.*117T>C	.	-1
NC_045512.2	27964	C	T	ORF8	gene-GU280_gp09	MODERATE	missense_variant	transcript	TRANSCRIPT_gene-GU280_gp09	protein_coding	1	c.71C>T	p.Ser24Leu	71	366	71	366	24	121	0	missense_variant	NONE	c.71C>T	p.Ser24Leu	121
NC_045512.2	27964	C	T	N	gene-GU280_gp10	MODIFIER	upstream_gene_variant	transcript	TRANSCRIPT_gene-GU280_gp10	protein_coding	-1	c.-310C>T	.	-1	-1	-1	-1	-1	-1	310	upstream_gene_variant	NONE	c.-310C>T	.	-1
NC_045512.2	27964	C	T	ORF10	gene-GU280_gp11	MODIFIER	upstream_gene_variant	transcript	TRANSCRIPT_gene-GU280_gp11	protein_coding	-1	c.-1594C>T	.	-1	-1	-1	-1	-1	-1	1594	upstream_gene_variant	NONE	c.-1594C>T	.	-1
NC_045512.2	27964	C	T	S	gene-GU280_gp02	MODIFIER	downstream_gene_variant	transcript	TRANSCRIPT_gene-GU280_gp02	protein_coding	-1	c.*2580C>T	.	-1	-1	-1	-1	-1	-1	2580	downstream_gene_variant	NONE	c.*2580C>T	.	-1
NC_045512.2	27964	C	T	ORF3a	gene-GU280_gp03	MODIFIER	downstream_gene_variant	transcript	TRANSCRIPT_gene-GU280_gp03	protein_coding	-1	c.*1744C>T	.	-1	-1	-1	-1	-1	-1	1744	downstream_gene_variant	NONE	c.*1744C>T	.	-1
NC_045512.2	27964	C	T	E	gene-GU280_gp04	MODIFIER	downstream_gene_variant	transcript	TRANSCRIPT_gene-GU280_gp04	protein_coding	-1	c.*1492C>T	.	-1	-1	-1	-1	-1	-1	1492	downstream_gene_variant	NONE	c.*1492C>T	.	-1
NC_045512.2	27964	C	T	M	gene-GU280_gp05	MODIFIER	downstream_gene_variant	transcript	TRANSCRIPT_gene-GU280_gp05	protein_coding	-1	c.*773C>T	.	-1	-1	-1	-1	-1	-1	773	downstream_gene_variant	NONE	c.*773C>T	.	-1
NC_045512.2	27964	C	T	ORF6	gene-GU280_gp06	MODIFIER	downstream_gene_variant	transcript	TRANSCRIPT_gene-GU280_gp06	protein_coding	-1	c.*577C>T	.	-1	-1	-1	-1	-1	-1	577	downstream_gene_variant	NONE	c.*577C>T	.	-1
NC_045512.2	27964	C	T	ORF7a	gene-GU280_gp07	MODIFIER	downstream_gene_variant	transcript	TRANSCRIPT_gene-GU280_gp07	protein_coding	-1	c.*205C>T	.	-1	-1	-1	-1	-1	-1	205	downstream_gene_variant	NONE	c.*205C>T	.	-1
NC_045512.2	27964	C	T	ORF7b	gene-GU280_gp08	MODIFIER	downstream_gene_variant	transcript	TRANSCRIPT_gene-GU280_gp08	protein_coding	-1	c.*77C>T	.	-1	-1	-1	-1	-1	-1	77	downstream_gene_variant	NONE	c.*77C>T	.	-1
NC_045512.2	28472	C	T	N	gene-GU280_gp10	MODERATE	missense_variant	transcript	TRANSCRIPT_gene-GU280_gp10	protein_coding	1	c.199C>T	p.Pro67Ser	199	1260	199	1260	67	419	0	missense_variant	NONE	c.199C>T	p.Pro67Ser	419
NC_045512.2	28472	C	T	ORF10	gene-GU280_gp11	MODIFIER	upstream_gene_variant	transcript	TRANSCRIPT_gene-GU280_gp11	protein_coding	-1	c.-1086C>T	.	-1	-1	-1	-1	-1	-1	1086	upstream_gene_variant	NONE	c.-1086C>T	.	-1
NC_045512.2	28472	C	T	S	gene-GU280_gp02	MODIFIER	downstream_gene_variant	transcript	TRANSCRIPT_gene-GU280_gp02	protein_coding	-1	c.*3088C>T	.	-1	-1	-1	-1	-1	-1	3088	downstream_gene_variant	NONE	c.*3088C>T	.	-1
NC_045512.2	28472	C	T	ORF3a	gene-GU280_gp03	MODIFIER	downstream_gene_variant	transcript	TRANSCRIPT_gene-GU280_gp03	protein_coding	-1	c.*2252C>T	.	-1	-1	-1	-1	-1	-1	2252	downstream_gene_variant	NONE	c.*2252C>T	.	-1
NC_045512.2	28472	C	T	E	gene-GU280_gp04	MODIFIER	downstream_gene_variant	transcript	TRANSCRIPT_gene-GU280_gp04	protein_coding	-1	c.*2000C>T	.	-1	-1	-1	-1	-1	-1	2000	downstream_gene_variant	NONE	c.*2000C>T	.	-1
NC_045512.2	28472	C	T	M	gene-GU280_gp05	MODIFIER	downstream_gene_variant	transcript	TRANSCRIPT_gene-GU280_gp05	protein_coding	-1	c.*1281C>T	.	-1	-1	-1	-1	-1	-1	1281	downstream_gene_variant	NONE	c.*1281C>T	.	-1
NC_045512.2	28472	C	T	ORF6	gene-GU280_gp06	MODIFIER	downstream_gene_variant	transcript	TRANSCRIPT_gene-GU280_gp06	protein_coding	-1	c.*1085C>T	.	-1	-1	-1	-1	-1	-1	1085	downstream_gene_variant	NONE	c.*1085C>T	.	-1
NC_045512.2	28472	C	T	ORF7a	gene-GU280_gp07	MODIFIER	downstream_gene_variant	transcript	TRANSCRIPT_gene-GU280_gp07	protein_coding	-1	c.*713C>T	.	-1	-1	-1	-1	-1	-1	713	downstream_gene_variant	NONE	c.*713C>T	.	-1
NC_045512.2	28472	C	T	ORF7b	gene-GU280_gp08	MODIFIER	downstream_gene_variant	transcript	TRANSCRIPT_gene-GU280_gp08	protein_coding	-1	c.*585C>T	.	-1	-1	-1	-1	-1	-1	585	downstream_gene_variant	NONE	c.*585C>T	.	-1
NC_045512.2	28472	C	T	ORF8	gene-GU280_gp09	MODIFIER	downstream_gene_variant	transcript	TRANSCRIPT_gene-GU280_gp09	protein_coding	-1	c.*213C>T	.	-1	-1	-1	-1	-1	-1	213	downstream_gene_variant	NONE	c.*213C>T	.	-1
NC_045512.2	28869	C	T	N	gene-GU280_gp10	MODERATE	missense_variant	transcript	TRANSCRIPT_gene-GU280_gp10	protein_coding	1	c.596C>T	p.Pro199Leu	596	1260	596	1260	199	419	0	missense_variant	NONE	c.596C>T	p.Pro199Leu	419
NC_045512.2	28869	C	T	ORF10	gene-GU280_gp11	MODIFIER	upstream_gene_variant	transcript	TRANSCRIPT_gene-GU280_gp11	protein_coding	-1	c.-689C>T	.	-1	-1	-1	-1	-1	-1	689	upstream_gene_variant	NONE	c.-689C>T	.	-1
NC_045512.2	28869	C	T	S	gene-GU280_gp02	MODIFIER	downstream_gene_variant	transcript	TRANSCRIPT_gene-GU280_gp02	protein_coding	-1	c.*3485C>T	.	-1	-1	-1	-1	-1	-1	3485	downstream_gene_variant	NONE	c.*3485C>T	.	-1
NC_045512.2	28869	C	T	ORF3a	gene-GU280_gp03	MODIFIER	downstream_gene_variant	transcript	TRANSCRIPT_gene-GU280_gp03	protein_coding	-1	c.*2649C>T	.	-1	-1	-1	-1	-1	-1	2649	downstream_gene_variant	NONE	c.*2649C>T	.	-1
NC_045512.2	28869	C	T	E	gene-GU280_gp04	MODIFIER	downstream_gene_variant	transcript	TRANSCRIPT_gene-GU280_gp04	protein_coding	-1	c.*2397C>T	.	-1	-1	-1	-1	-1	-1	2397	downstream_gene_variant	NONE	c.*2397C>T	.	-1
NC_045512.2	28869	C	T	M	gene-GU280_gp05	MODIFIER	downstream_gene_variant	transcript	TRANSCRIPT_gene-GU280_gp05	protein_coding	-1	c.*1678C>T	.	-1	-1	-1	-1	-1	-1	1678	downstream_gene_variant	NONE	c.*1678C>T	.	-1
NC_045512.2	28869	C	T	ORF6	gene-GU280_gp06	MODIFIER	downstream_gene_variant	transcript	TRANSCRIPT_gene-GU280_gp06	protein_coding	-1	c.*1482C>T	.	-1	-1	-1	-1	-1	-1	1482	downstream_gene_variant	NONE	c.*1482C>T	.	-1
NC_045512.2	28869	C	T	ORF7a	gene-GU280_gp07	MODIFIER	downstream_gene_variant	transcript	TRANSCRIPT_gene-GU280_gp07	protein_coding	-1	c.*1110C>T	.	-1	-1	-1	-1	-1	-1	1110	downstream_gene_variant	NONE	c.*1110C>T	.	-1
NC_045512.2	28869	C	T	ORF7b	gene-GU280_gp08	MODIFIER	downstream_gene_variant	transcript	TRANSCRIPT_gene-GU280_gp08	protein_coding	-1	c.*982C>T	.	-1	-1	-1	-1	-1	-1	982	downstream_gene_variant	NONE	c.*982C>T	.	-1
NC_045512.2	28869	C	T	ORF8	gene-GU280_gp09	MODIFIER	downstream_gene_variant	transcript	TRANSCRIPT_gene-GU280_gp09	protein_coding	-1	c.*610C>T	.	-1	-1	-1	-1	-1	-1	610	downstream_gene_variant	NONE	c.*610C>T	.	-1
NC_045512.2	29254	G	T	N	gene-GU280_gp10	LOW	synonymous_variant	transcript	TRANSCRIPT_gene-GU280_gp10	protein_coding	1	c.981G>T	p.Ser327Ser	981	1260	981	1260	327	419	0	synonymous_variant	NONE	c.981G>T	p.Ser327Ser	419
NC_045512.2	29254	G	T	ORF10	gene-GU280_gp11	MODIFIER	upstream_gene_variant	transcript	TRANSCRIPT_gene-GU280_gp11	protein_coding	-1	c.-304G>T	.	-1	-1	-1	-1	-1	-1	304	upstream_gene_variant	NONE	c.-304G>T	.	-1
NC_045512.2	29254	G	T	S	gene-GU280_gp02	MODIFIER	downstream_gene_variant	transcript	TRANSCRIPT_gene-GU280_gp02	protein_coding	-1	c.*3870G>T	.	-1	-1	-1	-1	-1	-1	3870	downstream_gene_variant	NONE	c.*3870G>T	.	-1
NC_045512.2	29254	G	T	ORF3a	gene-GU280_gp03	MODIFIER	downstream_gene_variant	transcript	TRANSCRIPT_gene-GU280_gp03	protein_coding	-1	c.*3034G>T	.	-1	-1	-1	-1	-1	-1	3034	downstream_gene_variant	NONE	c.*3034G>T	.	-1
NC_045512.2	29254	G	T	E	gene-GU280_gp04	MODIFIER	downstream_gene_variant	transcript	TRANSCRIPT_gene-GU280_gp04	protein_coding	-1	c.*2782G>T	.	-1	-1	-1	-1	-1	-1	2782	downstream_gene_variant	NONE	c.*2782G>T	.	-1
NC_045512.2	29254	G	T	M	gene-GU280_gp05	MODIFIER	downstream_gene_variant	transcript	TRANSCRIPT_gene-GU280_gp05	protein_coding	-1	c.*2063G>T	.	-1	-1	-1	-1	-1	-1	2063	downstream_gene_variant	NONE	c.*2063G>T	.	-1
NC_045512.2	29254	G	T	ORF6	gene-GU280_gp06	MODIFIER	downstream_gene_variant	transcript	TRANSCRIPT_gene-GU280_gp06	protein_coding	-1	c.*1867G>T	.	-1	-1	-1	-1	-1	-1	1867	downstream_gene_variant	NONE	c.*1867G>T	.	-1
NC_045512.2	29254	G	T	ORF7a	gene-GU280_gp07	MODIFIER	downstream_gene_variant	transcript	TRANSCRIPT_gene-GU280_gp07	protein_coding	-1	c.*1495G>T	.	-1	-1	-1	-1	-1	-1	1495	downstream_gene_variant	NONE	c.*1495G>T	.	-1
NC_045512.2	29254	G	T	ORF7b	gene-GU280_gp08	MODIFIER	downstream_gene_variant	transcript	TRANSCRIPT_gene-GU280_gp08	protein_coding	-1	c.*1367G>T	.	-1	-1	-1	-1	-1	-1	1367	downstream_gene_variant	NONE	c.*1367G>T	.	-1
NC_045512.2	29254	G	T	ORF8	gene-GU280_gp09	MODIFIER	downstream_gene_variant	transcript	TRANSCRIPT_gene-GU280_gp09	protein_coding	-1	c.*995G>T	.	-1	-1	-1	-1	-1	-1	995	downstream_gene_variant	NONE	c.*995G>T	.	-1
NC_045512.2	29307	A	G	N	gene-GU280_gp10	MODERATE	missense_variant	transcript	TRANSCRIPT_gene-GU280_gp10	protein_coding	1	c.1034A>G	p.Asn345Ser	1034	1260	1034	1260	345	419	0	missense_variant	NONE	c.1034A>G	p.Asn345Ser	419
NC_045512.2	29307	A	G	ORF10	gene-GU280_gp11	MODIFIER	upstream_gene_variant	transcript	TRANSCRIPT_gene-GU280_gp11	protein_coding	-1	c.-251A>G	.	-1	-1	-1	-1	-1	-1	251	upstream_gene_variant	NONE	c.-251A>G	.	-1
NC_045512.2	29307	A	G	S	gene-GU280_gp02	MODIFIER	downstream_gene_variant	transcript	TRANSCRIPT_gene-GU280_gp02	protein_coding	-1	c.*3923A>G	.	-1	-1	-1	-1	-1	-1	3923	downstream_gene_variant	NONE	c.*3923A>G	.	-1
NC_045512.2	29307	A	G	ORF3a	gene-GU280_gp03	MODIFIER	downstream_gene_variant	transcript	TRANSCRIPT_gene-GU280_gp03	protein_coding	-1	c.*3087A>G	.	-1	-1	-1	-1	-1	-1	3087	downstream_gene_variant	NONE	c.*3087A>G	.	-1
NC_045512.2	29307	A	G	E	gene-GU280_gp04	MODIFIER	downstream_gene_variant	transcript	TRANSCRIPT_gene-GU280_gp04	protein_coding	-1	c.*2835A>G	.	-1	-1	-1	-1	-1	-1	2835	downstream_gene_variant	NONE	c.*2835A>G	.	-1
NC_045512.2	29307	A	G	M	gene-GU280_gp05	MODIFIER	downstream_gene_variant	transcript	TRANSCRIPT_gene-GU280_gp05	protein_coding	-1	c.*2116A>G	.	-1	-1	-1	-1	-1	-1	2116	downstream_gene_variant	NONE	c.*2116A>G	.	-1
NC_045512.2	29307	A	G	ORF6	gene-GU280_gp06	MODIFIER	downstream_gene_variant	transcript	TRANSCRIPT_gene-GU280_gp06	protein_coding	-1	c.*1920A>G	.	-1	-1	-1	-1	-1	-1	1920	downstream_gene_variant	NONE	c.*1920A>G	.	-1
NC_045512.2	29307	A	G	ORF7a	gene-GU280_gp07	MODIFIER	downstream_gene_variant	transcript	TRANSCRIPT_gene-GU280_gp07	protein_coding	-1	c.*1548A>G	.	-1	-1	-1	-1	-1	-1	1548	downstream_gene_variant	NONE	c.*1548A>G	.	-1
NC_045512.2	29307	A	G	ORF7b	gene-GU280_gp08	MODIFIER	downstream_gene_variant	transcript	TRANSCRIPT_gene-GU280_gp08	protein_coding	-1	c.*1420A>G	.	-1	-1	-1	-1	-1	-1	1420	downstream_gene_variant	NONE	c.*1420A>G	.	-1
NC_045512.2	29307	A	G	ORF8	gene-GU280_gp09	MODIFIER	downstream_gene_variant	transcript	TRANSCRIPT_gene-GU280_gp09	protein_coding	-1	c.*1048A>G	.	-1	-1	-1	-1	-1	-1	1048	downstream_gene_variant	NONE	c.*1048A>G	.	-1
NC_045512.2	29760	T	C	S	gene-GU280_gp02	MODIFIER	downstream_gene_variant	transcript	TRANSCRIPT_gene-GU280_gp02	protein_coding	-1	c.*4376T>C	.	-1	-1	-1	-1	-1	-1	4376	downstream_gene_variant	NONE	c.*4376T>C	.	-1
NC_045512.2	29760	T	C	ORF3a	gene-GU280_gp03	MODIFIER	downstream_gene_variant	transcript	TRANSCRIPT_gene-GU280_gp03	protein_coding	-1	c.*3540T>C	.	-1	-1	-1	-1	-1	-1	3540	downstream_gene_variant	NONE	c.*3540T>C	.	-1
NC_045512.2	29760	T	C	E	gene-GU280_gp04	MODIFIER	downstream_gene_variant	transcript	TRANSCRIPT_gene-GU280_gp04	protein_coding	-1	c.*3288T>C	.	-1	-1	-1	-1	-1	-1	3288	downstream_gene_variant	NONE	c.*3288T>C	.	-1
NC_045512.2	29760	T	C	M	gene-GU280_gp05	MODIFIER	downstream_gene_variant	transcript	TRANSCRIPT_gene-GU280_gp05	protein_coding	-1	c.*2569T>C	.	-1	-1	-1	-1	-1	-1	2569	downstream_gene_variant	NONE	c.*2569T>C	.	-1
NC_045512.2	29760	T	C	ORF6	gene-GU280_gp06	MODIFIER	downstream_gene_variant	transcript	TRANSCRIPT_gene-GU280_gp06	protein_coding	-1	c.*2373T>C	.	-1	-1	-1	-1	-1	-1	2373	downstream_gene_variant	NONE	c.*2373T>C	.	-1
NC_045512.2	29760	T	C	ORF7a	gene-GU280_gp07	MODIFIER	downstream_gene_variant	transcript	TRANSCRIPT_gene-GU280_gp07	protein_coding	-1	c.*2001T>C	.	-1	-1	-1	-1	-1	-1	2001	downstream_gene_variant	NONE	c.*2001T>C	.	-1
NC_045512.2	29760	T	C	ORF7b	gene-GU280_gp08	MODIFIER	downstream_gene_variant	transcript	TRANSCRIPT_gene-GU280_gp08	protein_coding	-1	c.*1873T>C	.	-1	-1	-1	-1	-1	-1	1873	downstream_gene_variant	NONE	c.*1873T>C	.	-1
NC_045512.2	29760	T	C	ORF8	gene-GU280_gp09	MODIFIER	downstream_gene_variant	transcript	TRANSCRIPT_gene-GU280_gp09	protein_coding	-1	c.*1501T>C	.	-1	-1	-1	-1	-1	-1	1501	downstream_gene_variant	NONE	c.*1501T>C	.	-1
NC_045512.2	29760	T	C	N	gene-GU280_gp10	MODIFIER	downstream_gene_variant	transcript	TRANSCRIPT_gene-GU280_gp10	protein_coding	-1	c.*227T>C	.	-1	-1	-1	-1	-1	-1	227	downstream_gene_variant	NONE	c.*227T>C	.	-1
NC_045512.2	29760	T	C	ORF10	gene-GU280_gp11	MODIFIER	downstream_gene_variant	transcript	TRANSCRIPT_gene-GU280_gp11	protein_coding	-1	c.*86T>C	.	-1	-1	-1	-1	-1	-1	86	downstream_gene_variant	NONE	c.*86T>C	.	-1
NC_045512.2	29760	T	C	ORF10-CHR_END	gene-GU280_gp11-CHR_END	MODIFIER	intergenic_region	intergenic_region	gene-GU280_gp11-CHR_END	.	-1	n.29760T>C	.	-1	-1	-1	-1	-1	-1	0	intergenic_region	NONE	n.29760T>C	.	-1
NC_045512.2	29792	AT	A	S	gene-GU280_gp02	MODIFIER	downstream_gene_variant	transcript	TRANSCRIPT_gene-GU280_gp02	protein_coding	-1	c.*4409delT	.	-1	-1	-1	-1	-1	-1	4409	downstream_gene_variant	NONE	c.*4409delT	.	-1
NC_045512.2	29792	AT	A	ORF3a	gene-GU280_gp03	MODIFIER	downstream_gene_variant	transcript	TRANSCRIPT_gene-GU280_gp03	protein_coding	-1	c.*3573delT	.	-1	-1	-1	-1	-1	-1	3573	downstream_gene_variant	NONE	c.*3573delT	.	-1
NC_045512.2	29792	AT	A	E	gene-GU280_gp04	MODIFIER	downstream_gene_variant	transcript	TRANSCRIPT_gene-GU280_gp04	protein_coding	-1	c.*3321delT	.	-1	-1	-1	-1	-1	-1	3321	downstream_gene_variant	NONE	c.*3321delT	.	-1
NC_045512.2	29792	AT	A	M	gene-GU280_gp05	MODIFIER	downstream_gene_variant	transcript	TRANSCRIPT_gene-GU280_gp05	protein_coding	-1	c.*2602delT	.	-1	-1	-1	-1	-1	-1	2602	downstream_gene_variant	NONE	c.*2602delT	.	-1
NC_045512.2	29792	AT	A	ORF6	gene-GU280_gp06	MODIFIER	downstream_gene_variant	transcript	TRANSCRIPT_gene-GU280_gp06	protein_coding	-1	c.*2406delT	.	-1	-1	-1	-1	-1	-1	2406	downstream_gene_variant	NONE	c.*2406delT	.	-1
NC_045512.2	29792	AT	A	ORF7a	gene-GU280_gp07	MODIFIER	downstream_gene_variant	transcript	TRANSCRIPT_gene-GU280_gp07	protein_coding	-1	c.*2034delT	.	-1	-1	-1	-1	-1	-1	2034	downstream_gene_variant	NONE	c.*2034delT	.	-1
NC_045512.2	29792	AT	A	ORF7b	gene-GU280_gp08	MODIFIER	downstream_gene_variant	transcript	TRANSCRIPT_gene-GU280_gp08	protein_coding	-1	c.*1906delT	.	-1	-1	-1	-1	-1	-1	1906	downstream_gene_variant	NONE	c.*1906delT	.	-1
NC_045512.2	29792	AT	A	ORF8	gene-GU280_gp09	MODIFIER	downstream_gene_variant	transcript	TRANSCRIPT_gene-GU280_gp09	protein_coding	-1	c.*1534delT	.	-1	-1	-1	-1	-1	-1	1534	downstream_gene_variant	NONE	c.*1534delT	.	-1
NC_045512.2	29792	AT	A	N	gene-GU280_gp10	MODIFIER	downstream_gene_variant	transcript	TRANSCRIPT_gene-GU280_gp10	protein_coding	-1	c.*260delT	.	-1	-1	-1	-1	-1	-1	260	downstream_gene_variant	NONE	c.*260delT	.	-1
NC_045512.2	29792	AT	A	ORF10	gene-GU280_gp11	MODIFIER	downstream_gene_variant	transcript	TRANSCRIPT_gene-GU280_gp11	protein_coding	-1	c.*119delT	.	-1	-1	-1	-1	-1	-1	119	downstream_gene_variant	NONE	c.*119delT	.	-1
NC_045512.2	29792	AT	A	ORF10-CHR_END	gene-GU280_gp11-CHR_END	MODIFIER	intergenic_region	intergenic_region	gene-GU280_gp11-CHR_END	.	-1	n.29793delT	.	-1	-1	-1	-1	-1	-1	0	intergenic_region	NONE	n.29793delT	.	-1
NC_045512.2	29795	G	A	S	gene-GU280_gp02	MODIFIER	downstream_gene_variant	transcript	TRANSCRIPT_gene-GU280_gp02	protein_coding	-1	c.*4411G>A	.	-1	-1	-1	-1	-1	-1	4411	downstream_gene_variant	NONE	c.*4411G>A	.	-1
NC_045512.2	29795	G	A	ORF3a	gene-GU280_gp03	MODIFIER	downstream_gene_variant	transcript	TRANSCRIPT_gene-GU280_gp03	protein_coding	-1	c.*3575G>A	.	-1	-1	-1	-1	-1	-1	3575	downstream_gene_variant	NONE	c.*3575G>A	.	-1
NC_045512.2	29795	G	A	E	gene-GU280_gp04	MODIFIER	downstream_gene_variant	transcript	TRANSCRIPT_gene-GU280_gp04	protein_coding	-1	c.*3323G>A	.	-1	-1	-1	-1	-1	-1	3323	downstream_gene_variant	NONE	c.*3323G>A	.	-1
NC_045512.2	29795	G	A	M	gene-GU280_gp05	MODIFIER	downstream_gene_variant	transcript	TRANSCRIPT_gene-GU280_gp05	protein_coding	-1	c.*2604G>A	.	-1	-1	-1	-1	-1	-1	2604	downstream_gene_variant	NONE	c.*2604G>A	.	-1
NC_045512.2	29795	G	A	ORF6	gene-GU280_gp06	MODIFIER	downstream_gene_variant	transcript	TRANSCRIPT_gene-GU280_gp06	protein_coding	-1	c.*2408G>A	.	-1	-1	-1	-1	-1	-1	2408	downstream_gene_variant	NONE	c.*2408G>A	.	-1
NC_045512.2	29795	G	A	ORF7a	gene-GU280_gp07	MODIFIER	downstream_gene_variant	transcript	TRANSCRIPT_gene-GU280_gp07	protein_coding	-1	c.*2036G>A	.	-1	-1	-1	-1	-1	-1	2036	downstream_gene_variant	NONE	c.*2036G>A	.	-1
NC_045512.2	29795	G	A	ORF7b	gene-GU280_gp08	MODIFIER	downstream_gene_variant	transcript	TRANSCRIPT_gene-GU280_gp08	protein_coding	-1	c.*1908G>A	.	-1	-1	-1	-1	-1	-1	1908	downstream_gene_variant	NONE	c.*1908G>A	.	-1
NC_045512.2	29795	G	A	ORF8	gene-GU280_gp09	MODIFIER	downstream_gene_variant	transcript	TRANSCRIPT_gene-GU280_gp09	protein_coding	-1	c.*1536G>A	.	-1	-1	-1	-1	-1	-1	1536	downstream_gene_variant	NONE	c.*1536G>A	.	-1
NC_045512.2	29795	G	A	N	gene-GU280_gp10	MODIFIER	downstream_gene_variant	transcript	TRANSCRIPT_gene-GU280_gp10	protein_coding	-1	c.*262G>A	.	-1	-1	-1	-1	-1	-1	262	downstream_gene_variant	NONE	c.*262G>A	.	-1
NC_045512.2	29795	G	A	ORF10	gene-GU280_gp11	MODIFIER	downstream_gene_variant	transcript	TRANSCRIPT_gene-GU280_gp11	protein_coding	-1	c.*121G>A	.	-1	-1	-1	-1	-1	-1	121	downstream_gene_variant	NONE	c.*121G>A	.	-1
NC_045512.2	29795	G	A	ORF10-CHR_END	gene-GU280_gp11-CHR_END	MODIFIER	intergenic_region	intergenic_region	gene-GU280_gp11-CHR_END	.	-1	n.29795G>A	.	-1	-1	-1	-1	-1	-1	0	intergenic_region	NONE	n.29795G>A	.	-1
NC_045512.2	29795	G	GA	S	gene-GU280_gp02	MODIFIER	downstream_gene_variant	transcript	TRANSCRIPT_gene-GU280_gp02	protein_coding	-1	c.*4411_*4412insA	.	-1	-1	-1	-1	-1	-1	4412	downstream_gene_variant	NONE	c.*4411_*4412insA	.	-1
NC_045512.2	29795	G	GA	ORF3a	gene-GU280_gp03	MODIFIER	downstream_gene_variant	transcript	TRANSCRIPT_gene-GU280_gp03	protein_coding	-1	c.*3575_*3576insA	.	-1	-1	-1	-1	-1	-1	3576	downstream_gene_variant	NONE	c.*3575_*3576insA	.	-1
NC_045512.2	29795	G	GA	E	gene-GU280_gp04	MODIFIER	downstream_gene_variant	transcript	TRANSCRIPT_gene-GU280_gp04	protein_coding	-1	c.*3323_*3324insA	.	-1	-1	-1	-1	-1	-1	3324	downstream_gene_variant	NONE	c.*3323_*3324insA	.	-1
NC_045512.2	29795	G	GA	M	gene-GU280_gp05	MODIFIER	downstream_gene_variant	transcript	TRANSCRIPT_gene-GU280_gp05	protein_coding	-1	c.*2604_*2605insA	.	-1	-1	-1	-1	-1	-1	2605	downstream_gene_variant	NONE	c.*2604_*2605insA	.	-1
NC_045512.2	29795	G	GA	ORF6	gene-GU280_gp06	MODIFIER	downstream_gene_variant	transcript	TRANSCRIPT_gene-GU280_gp06	protein_coding	-1	c.*2408_*2409insA	.	-1	-1	-1	-1	-1	-1	2409	downstream_gene_variant	NONE	c.*2408_*2409insA	.	-1
NC_045512.2	29795	G	GA	ORF7a	gene-GU280_gp07	MODIFIER	downstream_gene_variant	transcript	TRANSCRIPT_gene-GU280_gp07	protein_coding	-1	c.*2036_*2037insA	.	-1	-1	-1	-1	-1	-1	2037	downstream_gene_variant	NONE	c.*2036_*2037insA	.	-1
NC_045512.2	29795	G	GA	ORF7b	gene-GU280_gp08	MODIFIER	downstream_gene_variant	transcript	TRANSCRIPT_gene-GU280_gp08	protein_coding	-1	c.*1908_*1909insA	.	-1	-1	-1	-1	-1	-1	1909	downstream_gene_variant	NONE	c.*1908_*1909insA	.	-1
NC_045512.2	29795	G	GA	ORF8	gene-GU280_gp09	MODIFIER	downstream_gene_variant	transcript	TRANSCRIPT_gene-GU280_gp09	protein_coding	-1	c.*1536_*1537insA	.	-1	-1	-1	-1	-1	-1	1537	downstream_gene_variant	NONE	c.*1536_*1537insA	.	-1
NC_045512.2	29795	G	GA	N	gene-GU280_gp10	MODIFIER	downstream_gene_variant	transcript	TRANSCRIPT_gene-GU280_gp10	protein_coding	-1	c.*262_*263insA	.	-1	-1	-1	-1	-1	-1	263	downstream_gene_variant	NONE	c.*262_*263insA	.	-1
NC_045512.2	29795	G	GA	ORF10	gene-GU280_gp11	MODIFIER	downstream_gene_variant	transcript	TRANSCRIPT_gene-GU280_gp11	protein_coding	-1	c.*121_*122insA	.	-1	-1	-1	-1	-1	-1	122	downstream_gene_variant	NONE	c.*121_*122insA	.	-1
NC_045512.2	29795	G	GA	ORF10-CHR_END	gene-GU280_gp11-CHR_END	MODIFIER	intergenic_region	intergenic_region	gene-GU280_gp11-CHR_END	.	-1	n.29795_29796insA	.	-1	-1	-1	-1	-1	-1	0	intergenic_region	NONE	n.29795_29796insA	.	-1
