CHROM	POS	REF	ALT	ANN[*].GENE	ANN[*].GENEID	ANN[*].IMPACT	ANN[*].EFFECT	ANN[*].FEATURE	ANN[*].FEATUREID	ANN[*].BIOTYPE	ANN[*].RANK	ANN[*].HGVS_C	ANN[*].HGVS_P	ANN[*].CDNA_POS	ANN[*].CDNA_LEN	ANN[*].CDS_POS	ANN[*].CDS_LEN	ANN[*].AA_POS	ANN[*].AA_LEN	ANN[*].DISTANCE	EFF[*].EFFECT	EFF[*].FUNCLASS	EFF[*].CODON	EFF[*].AA	EFF[*].AA_LEN
NC_045512.2	76	T	A	ORF1ab	gene-GU280_gp01	MODIFIER	upstream_gene_variant	transcript	TRANSCRIPT_gene-GU280_gp01	protein_coding	-1	c.-190T>A	.	-1	-1	-1	-1	-1	-1	190	upstream_gene_variant	NONE	c.-190T>A	.	-1
NC_045512.2	76	T	A	CHR_START-ORF1ab	CHR_START-gene-GU280_gp01	MODIFIER	intergenic_region	intergenic_region	CHR_START-gene-GU280_gp01	.	-1	n.76T>A	.	-1	-1	-1	-1	-1	-1	0	intergenic_region	NONE	n.76T>A	.	-1
NC_045512.2	78	T	G	ORF1ab	gene-GU280_gp01	MODIFIER	upstream_gene_variant	transcript	TRANSCRIPT_gene-GU280_gp01	protein_coding	-1	c.-188T>G	.	-1	-1	-1	-1	-1	-1	188	upstream_gene_variant	NONE	c.-188T>G	.	-1
NC_045512.2	78	T	G	CHR_START-ORF1ab	CHR_START-gene-GU280_gp01	MODIFIER	intergenic_region	intergenic_region	CHR_START-gene-GU280_gp01	.	-1	n.78T>G	.	-1	-1	-1	-1	-1	-1	0	intergenic_region	NONE	n.78T>G	.	-1
NC_045512.2	241	C	T	ORF1ab	gene-GU280_gp01	MODIFIER	upstream_gene_variant	transcript	TRANSCRIPT_gene-GU280_gp01	protein_coding	-1	c.-25C>T	.	-1	-1	-1	-1	-1	-1	25	upstream_gene_variant	NONE	c.-25C>T	.	-1
NC_045512.2	241	C	T	CHR_START-ORF1ab	CHR_START-gene-GU280_gp01	MODIFIER	intergenic_region	intergenic_region	CHR_START-gene-GU280_gp01	.	-1	n.241C>T	.	-1	-1	-1	-1	-1	-1	0	intergenic_region	NONE	n.241C>T	.	-1
NC_045512.2	1059	C	T	ORF1ab	gene-GU280_gp01	MODERATE	missense_variant	transcript	TRANSCRIPT_gene-GU280_gp01	protein_coding	1	c.794C>T	p.Thr265Ile	794	21290	794	21290	265	7095	0	missense_variant	NONE	c.794C>T	p.Thr265Ile	7095
NC_045512.2	1148	G	T	ORF1ab	gene-GU280_gp01	MODERATE	missense_variant	transcript	TRANSCRIPT_gene-GU280_gp01	protein_coding	1	c.883G>T	p.Gly295Cys	883	21290	883	21290	295	7095	0	missense_variant	NONE	c.883G>T	p.Gly295Cys	7095
NC_045512.2	2698	T	C	ORF1ab	gene-GU280_gp01	LOW	synonymous_variant	transcript	TRANSCRIPT_gene-GU280_gp01	protein_coding	1	c.2433T>C	p.Asn811Asn	2433	21290	2433	21290	811	7095	0	synonymous_variant	NONE	c.2433T>C	p.Asn811Asn	7095
NC_045512.2	3037	C	T	ORF1ab	gene-GU280_gp01	LOW	synonymous_variant	transcript	TRANSCRIPT_gene-GU280_gp01	protein_coding	1	c.2772C>T	p.Phe924Phe	2772	21290	2772	21290	924	7095	0	synonymous_variant	NONE	c.2772C>T	p.Phe924Phe	7095
NC_045512.2	3731	G	A	ORF1ab	gene-GU280_gp01	MODERATE	missense_variant	transcript	TRANSCRIPT_gene-GU280_gp01	protein_coding	1	c.3466G>A	p.Ala1156Thr	3466	21290	3466	21290	1156	7095	0	missense_variant	NONE	c.3466G>A	p.Ala1156Thr	7095
NC_045512.2	6696	C	CT	ORF1ab	gene-GU280_gp01	HIGH	frameshift_variant	transcript	TRANSCRIPT_gene-GU280_gp01	protein_coding	1	c.6435dupT	p.Leu2146fs	6436	21290	6436	21290	2146	7095	0	frameshift_variant	NONE	c.6435dupT	p.Leu2146fs	7095
NC_045512.2	6882	T	C	ORF1ab	gene-GU280_gp01	MODERATE	missense_variant	transcript	TRANSCRIPT_gene-GU280_gp01	protein_coding	1	c.6617T>C	p.Val2206Ala	6617	21290	6617	21290	2206	7095	0	missense_variant	NONE	c.6617T>C	p.Val2206Ala	7095
NC_045512.2	7345	TA	T	ORF1ab	gene-GU280_gp01	HIGH	frameshift_variant	transcript	TRANSCRIPT_gene-GU280_gp01	protein_coding	1	c.7082delA	p.Asn2361fs	7082	21290	7082	21290	2361	7095	0	frameshift_variant	NONE	c.7082delA	p.Asn2361fs	7095
NC_045512.2	8376	CA	C	ORF1ab	gene-GU280_gp01	HIGH	frameshift_variant	transcript	TRANSCRIPT_gene-GU280_gp01	protein_coding	1	c.8116delA	p.Ser2706fs	8116	21290	8116	21290	2706	7095	0	frameshift_variant	NONE	c.8116delA	p.Ser2706fs	7095
NC_045512.2	8532	CAA	C	ORF1ab	gene-GU280_gp01	HIGH	frameshift_variant	transcript	TRANSCRIPT_gene-GU280_gp01	protein_coding	1	c.8269_8270delAA	p.Lys2757fs	8269	21290	8269	21290	2757	7095	0	frameshift_variant	NONE	c.8269_8270delAA	p.Lys2757fs	7095
NC_045512.2	8550	G	A	ORF1ab	gene-GU280_gp01	MODERATE	missense_variant	transcript	TRANSCRIPT_gene-GU280_gp01	protein_coding	1	c.8285G>A	p.Gly2762Asp	8285	21290	8285	21290	2762	7095	0	missense_variant	NONE	c.8285G>A	p.Gly2762Asp	7095
NC_045512.2	8566	TAA	T	ORF1ab	gene-GU280_gp01	HIGH	frameshift_variant	transcript	TRANSCRIPT_gene-GU280_gp01	protein_coding	1	c.8302_8303delAA	p.Asn2768fs	8302	21290	8302	21290	2768	7095	0	frameshift_variant	NONE	c.8302_8303delAA	p.Asn2768fs	7095
NC_045512.2	8602	G	T	ORF1ab	gene-GU280_gp01	LOW	synonymous_variant	transcript	TRANSCRIPT_gene-GU280_gp01	protein_coding	1	c.8337G>T	p.Val2779Val	8337	21290	8337	21290	2779	7095	0	synonymous_variant	NONE	c.8337G>T	p.Val2779Val	7095
NC_045512.2	9520	C	T	ORF1ab	gene-GU280_gp01	LOW	synonymous_variant	transcript	TRANSCRIPT_gene-GU280_gp01	protein_coding	1	c.9255C>T	p.Phe3085Phe	9255	21290	9255	21290	3085	7095	0	synonymous_variant	NONE	c.9255C>T	p.Phe3085Phe	7095
NC_045512.2	9666	CT	C	ORF1ab	gene-GU280_gp01	HIGH	frameshift_variant	transcript	TRANSCRIPT_gene-GU280_gp01	protein_coding	1	c.9404delT	p.Leu3135fs	9404	21290	9404	21290	3135	7095	0	frameshift_variant	NONE	c.9404delT	p.Leu3135fs	7095
NC_045512.2	10319	C	T	ORF1ab	gene-GU280_gp01	MODERATE	missense_variant	transcript	TRANSCRIPT_gene-GU280_gp01	protein_coding	1	c.10054C>T	p.Leu3352Phe	10054	21290	10054	21290	3352	7095	0	missense_variant	NONE	c.10054C>T	p.Leu3352Phe	7095
NC_045512.2	11074	CT	C	ORF1ab	gene-GU280_gp01	HIGH	frameshift_variant	transcript	TRANSCRIPT_gene-GU280_gp01	protein_coding	1	c.10817delT	p.Leu3606fs	10817	21290	10817	21290	3606	7095	0	frameshift_variant	NONE	c.10817delT	p.Leu3606fs	7095
NC_045512.2	11074	C	CT	ORF1ab	gene-GU280_gp01	HIGH	frameshift_variant	transcript	TRANSCRIPT_gene-GU280_gp01	protein_coding	1	c.10817dupT	p.Leu3606fs	10818	21290	10818	21290	3606	7095	0	frameshift_variant	NONE	c.10817dupT	p.Leu3606fs	7095
NC_045512.2	11567	A	AT	ORF1ab	gene-GU280_gp01	HIGH	frameshift_variant	transcript	TRANSCRIPT_gene-GU280_gp01	protein_coding	1	c.11306dupT	p.Phe3770fs	11307	21290	11307	21290	3769	7095	0	frameshift_variant	NONE	c.11306dupT	p.Phe3770fs	7095
NC_045512.2	11572	C	T	ORF1ab	gene-GU280_gp01	LOW	synonymous_variant	transcript	TRANSCRIPT_gene-GU280_gp01	protein_coding	1	c.11307C>T	p.Phe3769Phe	11307	21290	11307	21290	3769	7095	0	synonymous_variant	NONE	c.11307C>T	p.Phe3769Phe	7095
NC_045512.2	14408	C	T	ORF1ab	gene-GU280_gp01	LOW	synonymous_variant	transcript	TRANSCRIPT_gene-GU280_gp01	protein_coding	1	c.14143C>T	p.Leu4715Leu	14143	21290	14143	21290	4715	7095	0	synonymous_variant	NONE	c.14143C>T	p.Leu4715Leu	7095
NC_045512.2	14933	T	A	ORF1ab	gene-GU280_gp01	HIGH	stop_lost	transcript	TRANSCRIPT_gene-GU280_gp01	protein_coding	1	c.14668T>A	p.Ter4890Lysext*?	14668	21290	14668	21290	4890	7095	0	stop_lost	NONE	c.14668T>A	p.Ter4890Lysext*?	7095
NC_045512.2	18424	A	G	ORF1ab	gene-GU280_gp01	LOW	synonymous_variant	transcript	TRANSCRIPT_gene-GU280_gp01	protein_coding	1	c.18159A>G	p.Leu6053Leu	18159	21290	18159	21290	6053	7095	0	synonymous_variant	NONE	c.18159A>G	p.Leu6053Leu	7095
NC_045512.2	18424	A	G	S	gene-GU280_gp02	MODIFIER	upstream_gene_variant	transcript	TRANSCRIPT_gene-GU280_gp02	protein_coding	-1	c.-3139A>G	.	-1	-1	-1	-1	-1	-1	3139	upstream_gene_variant	NONE	c.-3139A>G	.	-1
NC_045512.2	19442	TA	T	ORF1ab	gene-GU280_gp01	HIGH	frameshift_variant	transcript	TRANSCRIPT_gene-GU280_gp01	protein_coding	1	c.19180delA	p.Ser6394fs	19180	21290	19180	21290	6394	7095	0	frameshift_variant	NONE	c.19180delA	p.Ser6394fs	7095
NC_045512.2	19442	TA	T	S	gene-GU280_gp02	MODIFIER	upstream_gene_variant	transcript	TRANSCRIPT_gene-GU280_gp02	protein_coding	-1	c.-2120delA	.	-1	-1	-1	-1	-1	-1	2120	upstream_gene_variant	NONE	c.-2120delA	.	-1
NC_045512.2	20275	G	T	ORF1ab	gene-GU280_gp01	MODERATE	missense_variant	transcript	TRANSCRIPT_gene-GU280_gp01	protein_coding	1	c.20010G>T	p.Trp6670Cys	20010	21290	20010	21290	6670	7095	0	missense_variant	NONE	c.20010G>T	p.Trp6670Cys	7095
NC_045512.2	20275	G	T	S	gene-GU280_gp02	MODIFIER	upstream_gene_variant	transcript	TRANSCRIPT_gene-GU280_gp02	protein_coding	-1	c.-1288G>T	.	-1	-1	-1	-1	-1	-1	1288	upstream_gene_variant	NONE	c.-1288G>T	.	-1
NC_045512.2	20322	T	C	ORF1ab	gene-GU280_gp01	MODERATE	missense_variant	transcript	TRANSCRIPT_gene-GU280_gp01	protein_coding	1	c.20057T>C	p.Ile6686Thr	20057	21290	20057	21290	6686	7095	0	missense_variant	NONE	c.20057T>C	p.Ile6686Thr	7095
NC_045512.2	20322	T	C	S	gene-GU280_gp02	MODIFIER	upstream_gene_variant	transcript	TRANSCRIPT_gene-GU280_gp02	protein_coding	-1	c.-1241T>C	.	-1	-1	-1	-1	-1	-1	1241	upstream_gene_variant	NONE	c.-1241T>C	.	-1
NC_045512.2	20360	GT	G	ORF1ab	gene-GU280_gp01	HIGH	frameshift_variant	transcript	TRANSCRIPT_gene-GU280_gp01	protein_coding	1	c.20098delT	p.Tyr6700fs	20098	21290	20098	21290	6700	7095	0	frameshift_variant	NONE	c.20098delT	p.Tyr6700fs	7095
NC_045512.2	20360	GT	G	S	gene-GU280_gp02	MODIFIER	upstream_gene_variant	transcript	TRANSCRIPT_gene-GU280_gp02	protein_coding	-1	c.-1202delT	.	-1	-1	-1	-1	-1	-1	1202	upstream_gene_variant	NONE	c.-1202delT	.	-1
NC_045512.2	20665	C	T	ORF1ab	gene-GU280_gp01	LOW	synonymous_variant	transcript	TRANSCRIPT_gene-GU280_gp01	protein_coding	1	c.20400C>T	p.Val6800Val	20400	21290	20400	21290	6800	7095	0	synonymous_variant	NONE	c.20400C>T	p.Val6800Val	7095
NC_045512.2	20665	C	T	S	gene-GU280_gp02	MODIFIER	upstream_gene_variant	transcript	TRANSCRIPT_gene-GU280_gp02	protein_coding	-1	c.-898C>T	.	-1	-1	-1	-1	-1	-1	898	upstream_gene_variant	NONE	c.-898C>T	.	-1
NC_045512.2	20665	C	T	ORF3a	gene-GU280_gp03	MODIFIER	upstream_gene_variant	transcript	TRANSCRIPT_gene-GU280_gp03	protein_coding	-1	c.-4728C>T	.	-1	-1	-1	-1	-1	-1	4728	upstream_gene_variant	NONE	c.-4728C>T	.	-1
NC_045512.2	21304	C	T	ORF1ab	gene-GU280_gp01	LOW	synonymous_variant	transcript	TRANSCRIPT_gene-GU280_gp01	protein_coding	1	c.21039C>T	p.His7013His	21039	21290	21039	21290	7013	7095	0	synonymous_variant	NONE	c.21039C>T	p.His7013His	7095
NC_045512.2	21304	C	T	S	gene-GU280_gp02	MODIFIER	upstream_gene_variant	transcript	TRANSCRIPT_gene-GU280_gp02	protein_coding	-1	c.-259C>T	.	-1	-1	-1	-1	-1	-1	259	upstream_gene_variant	NONE	c.-259C>T	.	-1
NC_045512.2	21304	C	T	ORF3a	gene-GU280_gp03	MODIFIER	upstream_gene_variant	transcript	TRANSCRIPT_gene-GU280_gp03	protein_coding	-1	c.-4089C>T	.	-1	-1	-1	-1	-1	-1	4089	upstream_gene_variant	NONE	c.-4089C>T	.	-1
NC_045512.2	21304	C	T	E	gene-GU280_gp04	MODIFIER	upstream_gene_variant	transcript	TRANSCRIPT_gene-GU280_gp04	protein_coding	-1	c.-4941C>T	.	-1	-1	-1	-1	-1	-1	4941	upstream_gene_variant	NONE	c.-4941C>T	.	-1
NC_045512.2	21919	T	C	S	gene-GU280_gp02	LOW	synonymous_variant	transcript	TRANSCRIPT_gene-GU280_gp02	protein_coding	1	c.357T>C	p.Ile119Ile	357	3822	357	3822	119	1273	0	synonymous_variant	NONE	c.357T>C	p.Ile119Ile	1273
NC_045512.2	21919	T	C	ORF3a	gene-GU280_gp03	MODIFIER	upstream_gene_variant	transcript	TRANSCRIPT_gene-GU280_gp03	protein_coding	-1	c.-3474T>C	.	-1	-1	-1	-1	-1	-1	3474	upstream_gene_variant	NONE	c.-3474T>C	.	-1
NC_045512.2	21919	T	C	E	gene-GU280_gp04	MODIFIER	upstream_gene_variant	transcript	TRANSCRIPT_gene-GU280_gp04	protein_coding	-1	c.-4326T>C	.	-1	-1	-1	-1	-1	-1	4326	upstream_gene_variant	NONE	c.-4326T>C	.	-1
NC_045512.2	21919	T	C	M	gene-GU280_gp05	MODIFIER	upstream_gene_variant	transcript	TRANSCRIPT_gene-GU280_gp05	protein_coding	-1	c.-4604T>C	.	-1	-1	-1	-1	-1	-1	4604	upstream_gene_variant	NONE	c.-4604T>C	.	-1
NC_045512.2	21919	T	C	ORF1ab	gene-GU280_gp01	MODIFIER	downstream_gene_variant	transcript	TRANSCRIPT_gene-GU280_gp01	protein_coding	-1	c.*364T>C	.	-1	-1	-1	-1	-1	-1	364	downstream_gene_variant	NONE	c.*364T>C	.	-1
NC_045512.2	21930	C	T	S	gene-GU280_gp02	MODERATE	missense_variant	transcript	TRANSCRIPT_gene-GU280_gp02	protein_coding	1	c.368C>T	p.Ala123Val	368	3822	368	3822	123	1273	0	missense_variant	NONE	c.368C>T	p.Ala123Val	1273
NC_045512.2	21930	C	T	ORF3a	gene-GU280_gp03	MODIFIER	upstream_gene_variant	transcript	TRANSCRIPT_gene-GU280_gp03	protein_coding	-1	c.-3463C>T	.	-1	-1	-1	-1	-1	-1	3463	upstream_gene_variant	NONE	c.-3463C>T	.	-1
NC_045512.2	21930	C	T	E	gene-GU280_gp04	MODIFIER	upstream_gene_variant	transcript	TRANSCRIPT_gene-GU280_gp04	protein_coding	-1	c.-4315C>T	.	-1	-1	-1	-1	-1	-1	4315	upstream_gene_variant	NONE	c.-4315C>T	.	-1
NC_045512.2	21930	C	T	M	gene-GU280_gp05	MODIFIER	upstream_gene_variant	transcript	TRANSCRIPT_gene-GU280_gp05	protein_coding	-1	c.-4593C>T	.	-1	-1	-1	-1	-1	-1	4593	upstream_gene_variant	NONE	c.-4593C>T	.	-1
NC_045512.2	21930	C	T	ORF1ab	gene-GU280_gp01	MODIFIER	downstream_gene_variant	transcript	TRANSCRIPT_gene-GU280_gp01	protein_coding	-1	c.*375C>T	.	-1	-1	-1	-1	-1	-1	375	downstream_gene_variant	NONE	c.*375C>T	.	-1
NC_045512.2	21979	A	G	S	gene-GU280_gp02	LOW	synonymous_variant	transcript	TRANSCRIPT_gene-GU280_gp02	protein_coding	1	c.417A>G	p.Pro139Pro	417	3822	417	3822	139	1273	0	synonymous_variant	NONE	c.417A>G	p.Pro139Pro	1273
NC_045512.2	21979	A	G	ORF3a	gene-GU280_gp03	MODIFIER	upstream_gene_variant	transcript	TRANSCRIPT_gene-GU280_gp03	protein_coding	-1	c.-3414A>G	.	-1	-1	-1	-1	-1	-1	3414	upstream_gene_variant	NONE	c.-3414A>G	.	-1
NC_045512.2	21979	A	G	E	gene-GU280_gp04	MODIFIER	upstream_gene_variant	transcript	TRANSCRIPT_gene-GU280_gp04	protein_coding	-1	c.-4266A>G	.	-1	-1	-1	-1	-1	-1	4266	upstream_gene_variant	NONE	c.-4266A>G	.	-1
NC_045512.2	21979	A	G	M	gene-GU280_gp05	MODIFIER	upstream_gene_variant	transcript	TRANSCRIPT_gene-GU280_gp05	protein_coding	-1	c.-4544A>G	.	-1	-1	-1	-1	-1	-1	4544	upstream_gene_variant	NONE	c.-4544A>G	.	-1
NC_045512.2	21979	A	G	ORF1ab	gene-GU280_gp01	MODIFIER	downstream_gene_variant	transcript	TRANSCRIPT_gene-GU280_gp01	protein_coding	-1	c.*424A>G	.	-1	-1	-1	-1	-1	-1	424	downstream_gene_variant	NONE	c.*424A>G	.	-1
NC_045512.2	22083	CTT	C	S	gene-GU280_gp02	HIGH	frameshift_variant	transcript	TRANSCRIPT_gene-GU280_gp02	protein_coding	1	c.524_525delTT	p.Phe175fs	524	3822	524	3822	175	1273	0	frameshift_variant	NONE	c.524_525delTT	p.Phe175fs	1273
NC_045512.2	22083	CTT	C	ORF3a	gene-GU280_gp03	MODIFIER	upstream_gene_variant	transcript	TRANSCRIPT_gene-GU280_gp03	protein_coding	-1	c.-3309_-3308delTT	.	-1	-1	-1	-1	-1	-1	3309	upstream_gene_variant	NONE	c.-3309_-3308delTT	.	-1
NC_045512.2	22083	CTT	C	E	gene-GU280_gp04	MODIFIER	upstream_gene_variant	transcript	TRANSCRIPT_gene-GU280_gp04	protein_coding	-1	c.-4161_-4160delTT	.	-1	-1	-1	-1	-1	-1	4161	upstream_gene_variant	NONE	c.-4161_-4160delTT	.	-1
NC_045512.2	22083	CTT	C	M	gene-GU280_gp05	MODIFIER	upstream_gene_variant	transcript	TRANSCRIPT_gene-GU280_gp05	protein_coding	-1	c.-4439_-4438delTT	.	-1	-1	-1	-1	-1	-1	4439	upstream_gene_variant	NONE	c.-4439_-4438delTT	.	-1
NC_045512.2	22083	CTT	C	ORF1ab	gene-GU280_gp01	MODIFIER	downstream_gene_variant	transcript	TRANSCRIPT_gene-GU280_gp01	protein_coding	-1	c.*529_*530delTT	.	-1	-1	-1	-1	-1	-1	529	downstream_gene_variant	NONE	c.*529_*530delTT	.	-1
NC_045512.2	22091	A	G	S	gene-GU280_gp02	MODERATE	missense_variant	transcript	TRANSCRIPT_gene-GU280_gp02	protein_coding	1	c.529A>G	p.Met177Val	529	3822	529	3822	177	1273	0	missense_variant	NONE	c.529A>G	p.Met177Val	1273
NC_045512.2	22091	A	G	ORF3a	gene-GU280_gp03	MODIFIER	upstream_gene_variant	transcript	TRANSCRIPT_gene-GU280_gp03	protein_coding	-1	c.-3302A>G	.	-1	-1	-1	-1	-1	-1	3302	upstream_gene_variant	NONE	c.-3302A>G	.	-1
NC_045512.2	22091	A	G	E	gene-GU280_gp04	MODIFIER	upstream_gene_variant	transcript	TRANSCRIPT_gene-GU280_gp04	protein_coding	-1	c.-4154A>G	.	-1	-1	-1	-1	-1	-1	4154	upstream_gene_variant	NONE	c.-4154A>G	.	-1
NC_045512.2	22091	A	G	M	gene-GU280_gp05	MODIFIER	upstream_gene_variant	transcript	TRANSCRIPT_gene-GU280_gp05	protein_coding	-1	c.-4432A>G	.	-1	-1	-1	-1	-1	-1	4432	upstream_gene_variant	NONE	c.-4432A>G	.	-1
NC_045512.2	22091	A	G	ORF1ab	gene-GU280_gp01	MODIFIER	downstream_gene_variant	transcript	TRANSCRIPT_gene-GU280_gp01	protein_coding	-1	c.*536A>G	.	-1	-1	-1	-1	-1	-1	536	downstream_gene_variant	NONE	c.*536A>G	.	-1
NC_045512.2	22102	AG	A	S	gene-GU280_gp02	HIGH	frameshift_variant	transcript	TRANSCRIPT_gene-GU280_gp02	protein_coding	1	c.542delG	p.Gly181fs	542	3822	542	3822	181	1273	0	frameshift_variant	NONE	c.542delG	p.Gly181fs	1273
NC_045512.2	22102	AG	A	ORF3a	gene-GU280_gp03	MODIFIER	upstream_gene_variant	transcript	TRANSCRIPT_gene-GU280_gp03	protein_coding	-1	c.-3290delG	.	-1	-1	-1	-1	-1	-1	3290	upstream_gene_variant	NONE	c.-3290delG	.	-1
NC_045512.2	22102	AG	A	E	gene-GU280_gp04	MODIFIER	upstream_gene_variant	transcript	TRANSCRIPT_gene-GU280_gp04	protein_coding	-1	c.-4142delG	.	-1	-1	-1	-1	-1	-1	4142	upstream_gene_variant	NONE	c.-4142delG	.	-1
NC_045512.2	22102	AG	A	M	gene-GU280_gp05	MODIFIER	upstream_gene_variant	transcript	TRANSCRIPT_gene-GU280_gp05	protein_coding	-1	c.-4420delG	.	-1	-1	-1	-1	-1	-1	4420	upstream_gene_variant	NONE	c.-4420delG	.	-1
NC_045512.2	22102	AG	A	ORF1ab	gene-GU280_gp01	MODIFIER	downstream_gene_variant	transcript	TRANSCRIPT_gene-GU280_gp01	protein_coding	-1	c.*548delG	.	-1	-1	-1	-1	-1	-1	548	downstream_gene_variant	NONE	c.*548delG	.	-1
NC_045512.2	22121	A	G	S	gene-GU280_gp02	MODERATE	missense_variant	transcript	TRANSCRIPT_gene-GU280_gp02	protein_coding	1	c.559A>G	p.Lys187Glu	559	3822	559	3822	187	1273	0	missense_variant	NONE	c.559A>G	p.Lys187Glu	1273
NC_045512.2	22121	A	G	ORF3a	gene-GU280_gp03	MODIFIER	upstream_gene_variant	transcript	TRANSCRIPT_gene-GU280_gp03	protein_coding	-1	c.-3272A>G	.	-1	-1	-1	-1	-1	-1	3272	upstream_gene_variant	NONE	c.-3272A>G	.	-1
NC_045512.2	22121	A	G	E	gene-GU280_gp04	MODIFIER	upstream_gene_variant	transcript	TRANSCRIPT_gene-GU280_gp04	protein_coding	-1	c.-4124A>G	.	-1	-1	-1	-1	-1	-1	4124	upstream_gene_variant	NONE	c.-4124A>G	.	-1
NC_045512.2	22121	A	G	M	gene-GU280_gp05	MODIFIER	upstream_gene_variant	transcript	TRANSCRIPT_gene-GU280_gp05	protein_coding	-1	c.-4402A>G	.	-1	-1	-1	-1	-1	-1	4402	upstream_gene_variant	NONE	c.-4402A>G	.	-1
NC_045512.2	22121	A	G	ORF1ab	gene-GU280_gp01	MODIFIER	downstream_gene_variant	transcript	TRANSCRIPT_gene-GU280_gp01	protein_coding	-1	c.*566A>G	.	-1	-1	-1	-1	-1	-1	566	downstream_gene_variant	NONE	c.*566A>G	.	-1
NC_045512.2	22141	GT	G	S	gene-GU280_gp02	HIGH	frameshift_variant	transcript	TRANSCRIPT_gene-GU280_gp02	protein_coding	1	c.582delT	p.Phe194fs	582	3822	582	3822	194	1273	0	frameshift_variant	NONE	c.582delT	p.Phe194fs	1273
NC_045512.2	22141	GT	G	ORF3a	gene-GU280_gp03	MODIFIER	upstream_gene_variant	transcript	TRANSCRIPT_gene-GU280_gp03	protein_coding	-1	c.-3251delT	.	-1	-1	-1	-1	-1	-1	3251	upstream_gene_variant	NONE	c.-3251delT	.	-1
NC_045512.2	22141	GT	G	E	gene-GU280_gp04	MODIFIER	upstream_gene_variant	transcript	TRANSCRIPT_gene-GU280_gp04	protein_coding	-1	c.-4103delT	.	-1	-1	-1	-1	-1	-1	4103	upstream_gene_variant	NONE	c.-4103delT	.	-1
NC_045512.2	22141	GT	G	M	gene-GU280_gp05	MODIFIER	upstream_gene_variant	transcript	TRANSCRIPT_gene-GU280_gp05	protein_coding	-1	c.-4381delT	.	-1	-1	-1	-1	-1	-1	4381	upstream_gene_variant	NONE	c.-4381delT	.	-1
NC_045512.2	22141	GT	G	ORF1ab	gene-GU280_gp01	MODIFIER	downstream_gene_variant	transcript	TRANSCRIPT_gene-GU280_gp01	protein_coding	-1	c.*587delT	.	-1	-1	-1	-1	-1	-1	587	downstream_gene_variant	NONE	c.*587delT	.	-1
NC_045512.2	22227	C	T	S	gene-GU280_gp02	MODERATE	missense_variant	transcript	TRANSCRIPT_gene-GU280_gp02	protein_coding	1	c.665C>T	p.Ala222Val	665	3822	665	3822	222	1273	0	missense_variant	NONE	c.665C>T	p.Ala222Val	1273
NC_045512.2	22227	C	T	ORF3a	gene-GU280_gp03	MODIFIER	upstream_gene_variant	transcript	TRANSCRIPT_gene-GU280_gp03	protein_coding	-1	c.-3166C>T	.	-1	-1	-1	-1	-1	-1	3166	upstream_gene_variant	NONE	c.-3166C>T	.	-1
NC_045512.2	22227	C	T	E	gene-GU280_gp04	MODIFIER	upstream_gene_variant	transcript	TRANSCRIPT_gene-GU280_gp04	protein_coding	-1	c.-4018C>T	.	-1	-1	-1	-1	-1	-1	4018	upstream_gene_variant	NONE	c.-4018C>T	.	-1
NC_045512.2	22227	C	T	M	gene-GU280_gp05	MODIFIER	upstream_gene_variant	transcript	TRANSCRIPT_gene-GU280_gp05	protein_coding	-1	c.-4296C>T	.	-1	-1	-1	-1	-1	-1	4296	upstream_gene_variant	NONE	c.-4296C>T	.	-1
NC_045512.2	22227	C	T	ORF6	gene-GU280_gp06	MODIFIER	upstream_gene_variant	transcript	TRANSCRIPT_gene-GU280_gp06	protein_coding	-1	c.-4975C>T	.	-1	-1	-1	-1	-1	-1	4975	upstream_gene_variant	NONE	c.-4975C>T	.	-1
NC_045512.2	22227	C	T	ORF1ab	gene-GU280_gp01	MODIFIER	downstream_gene_variant	transcript	TRANSCRIPT_gene-GU280_gp01	protein_coding	-1	c.*672C>T	.	-1	-1	-1	-1	-1	-1	672	downstream_gene_variant	NONE	c.*672C>T	.	-1
NC_045512.2	23403	A	G	S	gene-GU280_gp02	MODERATE	missense_variant	transcript	TRANSCRIPT_gene-GU280_gp02	protein_coding	1	c.1841A>G	p.Asp614Gly	1841	3822	1841	3822	614	1273	0	missense_variant	NONE	c.1841A>G	p.Asp614Gly	1273
NC_045512.2	23403	A	G	ORF3a	gene-GU280_gp03	MODIFIER	upstream_gene_variant	transcript	TRANSCRIPT_gene-GU280_gp03	protein_coding	-1	c.-1990A>G	.	-1	-1	-1	-1	-1	-1	1990	upstream_gene_variant	NONE	c.-1990A>G	.	-1
NC_045512.2	23403	A	G	E	gene-GU280_gp04	MODIFIER	upstream_gene_variant	transcript	TRANSCRIPT_gene-GU280_gp04	protein_coding	-1	c.-2842A>G	.	-1	-1	-1	-1	-1	-1	2842	upstream_gene_variant	NONE	c.-2842A>G	.	-1
NC_045512.2	23403	A	G	M	gene-GU280_gp05	MODIFIER	upstream_gene_variant	transcript	TRANSCRIPT_gene-GU280_gp05	protein_coding	-1	c.-3120A>G	.	-1	-1	-1	-1	-1	-1	3120	upstream_gene_variant	NONE	c.-3120A>G	.	-1
NC_045512.2	23403	A	G	ORF6	gene-GU280_gp06	MODIFIER	upstream_gene_variant	transcript	TRANSCRIPT_gene-GU280_gp06	protein_coding	-1	c.-3799A>G	.	-1	-1	-1	-1	-1	-1	3799	upstream_gene_variant	NONE	c.-3799A>G	.	-1
NC_045512.2	23403	A	G	ORF7a	gene-GU280_gp07	MODIFIER	upstream_gene_variant	transcript	TRANSCRIPT_gene-GU280_gp07	protein_coding	-1	c.-3991A>G	.	-1	-1	-1	-1	-1	-1	3991	upstream_gene_variant	NONE	c.-3991A>G	.	-1
NC_045512.2	23403	A	G	ORF7b	gene-GU280_gp08	MODIFIER	upstream_gene_variant	transcript	TRANSCRIPT_gene-GU280_gp08	protein_coding	-1	c.-4353A>G	.	-1	-1	-1	-1	-1	-1	4353	upstream_gene_variant	NONE	c.-4353A>G	.	-1
NC_045512.2	23403	A	G	ORF8	gene-GU280_gp09	MODIFIER	upstream_gene_variant	transcript	TRANSCRIPT_gene-GU280_gp09	protein_coding	-1	c.-4491A>G	.	-1	-1	-1	-1	-1	-1	4491	upstream_gene_variant	NONE	c.-4491A>G	.	-1
NC_045512.2	23403	A	G	N	gene-GU280_gp10	MODIFIER	upstream_gene_variant	transcript	TRANSCRIPT_gene-GU280_gp10	protein_coding	-1	c.-4871A>G	.	-1	-1	-1	-1	-1	-1	4871	upstream_gene_variant	NONE	c.-4871A>G	.	-1
NC_045512.2	23403	A	G	ORF1ab	gene-GU280_gp01	MODIFIER	downstream_gene_variant	transcript	TRANSCRIPT_gene-GU280_gp01	protein_coding	-1	c.*1848A>G	.	-1	-1	-1	-1	-1	-1	1848	downstream_gene_variant	NONE	c.*1848A>G	.	-1
NC_045512.2	23509	T	C	S	gene-GU280_gp02	LOW	synonymous_variant	transcript	TRANSCRIPT_gene-GU280_gp02	protein_coding	1	c.1947T>C	p.Cys649Cys	1947	3822	1947	3822	649	1273	0	synonymous_variant	NONE	c.1947T>C	p.Cys649Cys	1273
NC_045512.2	23509	T	C	ORF3a	gene-GU280_gp03	MODIFIER	upstream_gene_variant	transcript	TRANSCRIPT_gene-GU280_gp03	protein_coding	-1	c.-1884T>C	.	-1	-1	-1	-1	-1	-1	1884	upstream_gene_variant	NONE	c.-1884T>C	.	-1
NC_045512.2	23509	T	C	E	gene-GU280_gp04	MODIFIER	upstream_gene_variant	transcript	TRANSCRIPT_gene-GU280_gp04	protein_coding	-1	c.-2736T>C	.	-1	-1	-1	-1	-1	-1	2736	upstream_gene_variant	NONE	c.-2736T>C	.	-1
NC_045512.2	23509	T	C	M	gene-GU280_gp05	MODIFIER	upstream_gene_variant	transcript	TRANSCRIPT_gene-GU280_gp05	protein_coding	-1	c.-3014T>C	.	-1	-1	-1	-1	-1	-1	3014	upstream_gene_variant	NONE	c.-3014T>C	.	-1
NC_045512.2	23509	T	C	ORF6	gene-GU280_gp06	MODIFIER	upstream_gene_variant	transcript	TRANSCRIPT_gene-GU280_gp06	protein_coding	-1	c.-3693T>C	.	-1	-1	-1	-1	-1	-1	3693	upstream_gene_variant	NONE	c.-3693T>C	.	-1
NC_045512.2	23509	T	C	ORF7a	gene-GU280_gp07	MODIFIER	upstream_gene_variant	transcript	TRANSCRIPT_gene-GU280_gp07	protein_coding	-1	c.-3885T>C	.	-1	-1	-1	-1	-1	-1	3885	upstream_gene_variant	NONE	c.-3885T>C	.	-1
NC_045512.2	23509	T	C	ORF7b	gene-GU280_gp08	MODIFIER	upstream_gene_variant	transcript	TRANSCRIPT_gene-GU280_gp08	protein_coding	-1	c.-4247T>C	.	-1	-1	-1	-1	-1	-1	4247	upstream_gene_variant	NONE	c.-4247T>C	.	-1
NC_045512.2	23509	T	C	ORF8	gene-GU280_gp09	MODIFIER	upstream_gene_variant	transcript	TRANSCRIPT_gene-GU280_gp09	protein_coding	-1	c.-4385T>C	.	-1	-1	-1	-1	-1	-1	4385	upstream_gene_variant	NONE	c.-4385T>C	.	-1
NC_045512.2	23509	T	C	N	gene-GU280_gp10	MODIFIER	upstream_gene_variant	transcript	TRANSCRIPT_gene-GU280_gp10	protein_coding	-1	c.-4765T>C	.	-1	-1	-1	-1	-1	-1	4765	upstream_gene_variant	NONE	c.-4765T>C	.	-1
NC_045512.2	23509	T	C	ORF1ab	gene-GU280_gp01	MODIFIER	downstream_gene_variant	transcript	TRANSCRIPT_gene-GU280_gp01	protein_coding	-1	c.*1954T>C	.	-1	-1	-1	-1	-1	-1	1954	downstream_gene_variant	NONE	c.*1954T>C	.	-1
NC_045512.2	23551	C	T	S	gene-GU280_gp02	LOW	synonymous_variant	transcript	TRANSCRIPT_gene-GU280_gp02	protein_coding	1	c.1989C>T	p.Asp663Asp	1989	3822	1989	3822	663	1273	0	synonymous_variant	NONE	c.1989C>T	p.Asp663Asp	1273
NC_045512.2	23551	C	T	ORF3a	gene-GU280_gp03	MODIFIER	upstream_gene_variant	transcript	TRANSCRIPT_gene-GU280_gp03	protein_coding	-1	c.-1842C>T	.	-1	-1	-1	-1	-1	-1	1842	upstream_gene_variant	NONE	c.-1842C>T	.	-1
NC_045512.2	23551	C	T	E	gene-GU280_gp04	MODIFIER	upstream_gene_variant	transcript	TRANSCRIPT_gene-GU280_gp04	protein_coding	-1	c.-2694C>T	.	-1	-1	-1	-1	-1	-1	2694	upstream_gene_variant	NONE	c.-2694C>T	.	-1
NC_045512.2	23551	C	T	M	gene-GU280_gp05	MODIFIER	upstream_gene_variant	transcript	TRANSCRIPT_gene-GU280_gp05	protein_coding	-1	c.-2972C>T	.	-1	-1	-1	-1	-1	-1	2972	upstream_gene_variant	NONE	c.-2972C>T	.	-1
NC_045512.2	23551	C	T	ORF6	gene-GU280_gp06	MODIFIER	upstream_gene_variant	transcript	TRANSCRIPT_gene-GU280_gp06	protein_coding	-1	c.-3651C>T	.	-1	-1	-1	-1	-1	-1	3651	upstream_gene_variant	NONE	c.-3651C>T	.	-1
NC_045512.2	23551	C	T	ORF7a	gene-GU280_gp07	MODIFIER	upstream_gene_variant	transcript	TRANSCRIPT_gene-GU280_gp07	protein_coding	-1	c.-3843C>T	.	-1	-1	-1	-1	-1	-1	3843	upstream_gene_variant	NONE	c.-3843C>T	.	-1
NC_045512.2	23551	C	T	ORF7b	gene-GU280_gp08	MODIFIER	upstream_gene_variant	transcript	TRANSCRIPT_gene-GU280_gp08	protein_coding	-1	c.-4205C>T	.	-1	-1	-1	-1	-1	-1	4205	upstream_gene_variant	NONE	c.-4205C>T	.	-1
NC_045512.2	23551	C	T	ORF8	gene-GU280_gp09	MODIFIER	upstream_gene_variant	transcript	TRANSCRIPT_gene-GU280_gp09	protein_coding	-1	c.-4343C>T	.	-1	-1	-1	-1	-1	-1	4343	upstream_gene_variant	NONE	c.-4343C>T	.	-1
NC_045512.2	23551	C	T	N	gene-GU280_gp10	MODIFIER	upstream_gene_variant	transcript	TRANSCRIPT_gene-GU280_gp10	protein_coding	-1	c.-4723C>T	.	-1	-1	-1	-1	-1	-1	4723	upstream_gene_variant	NONE	c.-4723C>T	.	-1
NC_045512.2	23551	C	T	ORF1ab	gene-GU280_gp01	MODIFIER	downstream_gene_variant	transcript	TRANSCRIPT_gene-GU280_gp01	protein_coding	-1	c.*1996C>T	.	-1	-1	-1	-1	-1	-1	1996	downstream_gene_variant	NONE	c.*1996C>T	.	-1
NC_045512.2	23850	TA	T	S	gene-GU280_gp02	HIGH	frameshift_variant	transcript	TRANSCRIPT_gene-GU280_gp02	protein_coding	1	c.2291delA	p.Asn764fs	2291	3822	2291	3822	764	1273	0	frameshift_variant	NONE	c.2291delA	p.Asn764fs	1273
NC_045512.2	23850	TA	T	ORF3a	gene-GU280_gp03	MODIFIER	upstream_gene_variant	transcript	TRANSCRIPT_gene-GU280_gp03	protein_coding	-1	c.-1542delA	.	-1	-1	-1	-1	-1	-1	1542	upstream_gene_variant	NONE	c.-1542delA	.	-1
NC_045512.2	23850	TA	T	E	gene-GU280_gp04	MODIFIER	upstream_gene_variant	transcript	TRANSCRIPT_gene-GU280_gp04	protein_coding	-1	c.-2394delA	.	-1	-1	-1	-1	-1	-1	2394	upstream_gene_variant	NONE	c.-2394delA	.	-1
NC_045512.2	23850	TA	T	M	gene-GU280_gp05	MODIFIER	upstream_gene_variant	transcript	TRANSCRIPT_gene-GU280_gp05	protein_coding	-1	c.-2672delA	.	-1	-1	-1	-1	-1	-1	2672	upstream_gene_variant	NONE	c.-2672delA	.	-1
NC_045512.2	23850	TA	T	ORF6	gene-GU280_gp06	MODIFIER	upstream_gene_variant	transcript	TRANSCRIPT_gene-GU280_gp06	protein_coding	-1	c.-3351delA	.	-1	-1	-1	-1	-1	-1	3351	upstream_gene_variant	NONE	c.-3351delA	.	-1
NC_045512.2	23850	TA	T	ORF7a	gene-GU280_gp07	MODIFIER	upstream_gene_variant	transcript	TRANSCRIPT_gene-GU280_gp07	protein_coding	-1	c.-3543delA	.	-1	-1	-1	-1	-1	-1	3543	upstream_gene_variant	NONE	c.-3543delA	.	-1
NC_045512.2	23850	TA	T	ORF7b	gene-GU280_gp08	MODIFIER	upstream_gene_variant	transcript	TRANSCRIPT_gene-GU280_gp08	protein_coding	-1	c.-3905delA	.	-1	-1	-1	-1	-1	-1	3905	upstream_gene_variant	NONE	c.-3905delA	.	-1
NC_045512.2	23850	TA	T	ORF8	gene-GU280_gp09	MODIFIER	upstream_gene_variant	transcript	TRANSCRIPT_gene-GU280_gp09	protein_coding	-1	c.-4043delA	.	-1	-1	-1	-1	-1	-1	4043	upstream_gene_variant	NONE	c.-4043delA	.	-1
NC_045512.2	23850	TA	T	N	gene-GU280_gp10	MODIFIER	upstream_gene_variant	transcript	TRANSCRIPT_gene-GU280_gp10	protein_coding	-1	c.-4423delA	.	-1	-1	-1	-1	-1	-1	4423	upstream_gene_variant	NONE	c.-4423delA	.	-1
NC_045512.2	23850	TA	T	ORF1ab	gene-GU280_gp01	MODIFIER	downstream_gene_variant	transcript	TRANSCRIPT_gene-GU280_gp01	protein_coding	-1	c.*2296delA	.	-1	-1	-1	-1	-1	-1	2296	downstream_gene_variant	NONE	c.*2296delA	.	-1
NC_045512.2	24204	CA	C	S	gene-GU280_gp02	HIGH	frameshift_variant	transcript	TRANSCRIPT_gene-GU280_gp02	protein_coding	1	c.2644delA	p.Ile882fs	2644	3822	2644	3822	882	1273	0	frameshift_variant	NONE	c.2644delA	p.Ile882fs	1273
NC_045512.2	24204	CA	C	ORF3a	gene-GU280_gp03	MODIFIER	upstream_gene_variant	transcript	TRANSCRIPT_gene-GU280_gp03	protein_coding	-1	c.-1188delA	.	-1	-1	-1	-1	-1	-1	1188	upstream_gene_variant	NONE	c.-1188delA	.	-1
NC_045512.2	24204	CA	C	E	gene-GU280_gp04	MODIFIER	upstream_gene_variant	transcript	TRANSCRIPT_gene-GU280_gp04	protein_coding	-1	c.-2040delA	.	-1	-1	-1	-1	-1	-1	2040	upstream_gene_variant	NONE	c.-2040delA	.	-1
NC_045512.2	24204	CA	C	M	gene-GU280_gp05	MODIFIER	upstream_gene_variant	transcript	TRANSCRIPT_gene-GU280_gp05	protein_coding	-1	c.-2318delA	.	-1	-1	-1	-1	-1	-1	2318	upstream_gene_variant	NONE	c.-2318delA	.	-1
NC_045512.2	24204	CA	C	ORF6	gene-GU280_gp06	MODIFIER	upstream_gene_variant	transcript	TRANSCRIPT_gene-GU280_gp06	protein_coding	-1	c.-2997delA	.	-1	-1	-1	-1	-1	-1	2997	upstream_gene_variant	NONE	c.-2997delA	.	-1
NC_045512.2	24204	CA	C	ORF7a	gene-GU280_gp07	MODIFIER	upstream_gene_variant	transcript	TRANSCRIPT_gene-GU280_gp07	protein_coding	-1	c.-3189delA	.	-1	-1	-1	-1	-1	-1	3189	upstream_gene_variant	NONE	c.-3189delA	.	-1
NC_045512.2	24204	CA	C	ORF7b	gene-GU280_gp08	MODIFIER	upstream_gene_variant	transcript	TRANSCRIPT_gene-GU280_gp08	protein_coding	-1	c.-3551delA	.	-1	-1	-1	-1	-1	-1	3551	upstream_gene_variant	NONE	c.-3551delA	.	-1
NC_045512.2	24204	CA	C	ORF8	gene-GU280_gp09	MODIFIER	upstream_gene_variant	transcript	TRANSCRIPT_gene-GU280_gp09	protein_coding	-1	c.-3689delA	.	-1	-1	-1	-1	-1	-1	3689	upstream_gene_variant	NONE	c.-3689delA	.	-1
NC_045512.2	24204	CA	C	N	gene-GU280_gp10	MODIFIER	upstream_gene_variant	transcript	TRANSCRIPT_gene-GU280_gp10	protein_coding	-1	c.-4069delA	.	-1	-1	-1	-1	-1	-1	4069	upstream_gene_variant	NONE	c.-4069delA	.	-1
NC_045512.2	24204	CA	C	ORF1ab	gene-GU280_gp01	MODIFIER	downstream_gene_variant	transcript	TRANSCRIPT_gene-GU280_gp01	protein_coding	-1	c.*2650delA	.	-1	-1	-1	-1	-1	-1	2650	downstream_gene_variant	NONE	c.*2650delA	.	-1
NC_045512.2	25563	G	T	ORF3a	gene-GU280_gp03	MODERATE	missense_variant	transcript	TRANSCRIPT_gene-GU280_gp03	protein_coding	1	c.171G>T	p.Gln57His	171	828	171	828	57	275	0	missense_variant	NONE	c.171G>T	p.Gln57His	275
NC_045512.2	25563	G	T	E	gene-GU280_gp04	MODIFIER	upstream_gene_variant	transcript	TRANSCRIPT_gene-GU280_gp04	protein_coding	-1	c.-682G>T	.	-1	-1	-1	-1	-1	-1	682	upstream_gene_variant	NONE	c.-682G>T	.	-1
NC_045512.2	25563	G	T	M	gene-GU280_gp05	MODIFIER	upstream_gene_variant	transcript	TRANSCRIPT_gene-GU280_gp05	protein_coding	-1	c.-960G>T	.	-1	-1	-1	-1	-1	-1	960	upstream_gene_variant	NONE	c.-960G>T	.	-1
NC_045512.2	25563	G	T	ORF6	gene-GU280_gp06	MODIFIER	upstream_gene_variant	transcript	TRANSCRIPT_gene-GU280_gp06	protein_coding	-1	c.-1639G>T	.	-1	-1	-1	-1	-1	-1	1639	upstream_gene_variant	NONE	c.-1639G>T	.	-1
NC_045512.2	25563	G	T	ORF7a	gene-GU280_gp07	MODIFIER	upstream_gene_variant	transcript	TRANSCRIPT_gene-GU280_gp07	protein_coding	-1	c.-1831G>T	.	-1	-1	-1	-1	-1	-1	1831	upstream_gene_variant	NONE	c.-1831G>T	.	-1
NC_045512.2	25563	G	T	ORF7b	gene-GU280_gp08	MODIFIER	upstream_gene_variant	transcript	TRANSCRIPT_gene-GU280_gp08	protein_coding	-1	c.-2193G>T	.	-1	-1	-1	-1	-1	-1	2193	upstream_gene_variant	NONE	c.-2193G>T	.	-1
NC_045512.2	25563	G	T	ORF8	gene-GU280_gp09	MODIFIER	upstream_gene_variant	transcript	TRANSCRIPT_gene-GU280_gp09	protein_coding	-1	c.-2331G>T	.	-1	-1	-1	-1	-1	-1	2331	upstream_gene_variant	NONE	c.-2331G>T	.	-1
NC_045512.2	25563	G	T	N	gene-GU280_gp10	MODIFIER	upstream_gene_variant	transcript	TRANSCRIPT_gene-GU280_gp10	protein_coding	-1	c.-2711G>T	.	-1	-1	-1	-1	-1	-1	2711	upstream_gene_variant	NONE	c.-2711G>T	.	-1
NC_045512.2	25563	G	T	ORF10	gene-GU280_gp11	MODIFIER	upstream_gene_variant	transcript	TRANSCRIPT_gene-GU280_gp11	protein_coding	-1	c.-3995G>T	.	-1	-1	-1	-1	-1	-1	3995	upstream_gene_variant	NONE	c.-3995G>T	.	-1
NC_045512.2	25563	G	T	ORF1ab	gene-GU280_gp01	MODIFIER	downstream_gene_variant	transcript	TRANSCRIPT_gene-GU280_gp01	protein_coding	-1	c.*4008G>T	.	-1	-1	-1	-1	-1	-1	4008	downstream_gene_variant	NONE	c.*4008G>T	.	-1
NC_045512.2	25563	G	T	S	gene-GU280_gp02	MODIFIER	downstream_gene_variant	transcript	TRANSCRIPT_gene-GU280_gp02	protein_coding	-1	c.*179G>T	.	-1	-1	-1	-1	-1	-1	179	downstream_gene_variant	NONE	c.*179G>T	.	-1
NC_045512.2	25690	G	T	ORF3a	gene-GU280_gp03	MODERATE	missense_variant	transcript	TRANSCRIPT_gene-GU280_gp03	protein_coding	1	c.298G>T	p.Gly100Cys	298	828	298	828	100	275	0	missense_variant	NONE	c.298G>T	p.Gly100Cys	275
NC_045512.2	25690	G	T	E	gene-GU280_gp04	MODIFIER	upstream_gene_variant	transcript	TRANSCRIPT_gene-GU280_gp04	protein_coding	-1	c.-555G>T	.	-1	-1	-1	-1	-1	-1	555	upstream_gene_variant	NONE	c.-555G>T	.	-1
NC_045512.2	25690	G	T	M	gene-GU280_gp05	MODIFIER	upstream_gene_variant	transcript	TRANSCRIPT_gene-GU280_gp05	protein_coding	-1	c.-833G>T	.	-1	-1	-1	-1	-1	-1	833	upstream_gene_variant	NONE	c.-833G>T	.	-1
NC_045512.2	25690	G	T	ORF6	gene-GU280_gp06	MODIFIER	upstream_gene_variant	transcript	TRANSCRIPT_gene-GU280_gp06	protein_coding	-1	c.-1512G>T	.	-1	-1	-1	-1	-1	-1	1512	upstream_gene_variant	NONE	c.-1512G>T	.	-1
NC_045512.2	25690	G	T	ORF7a	gene-GU280_gp07	MODIFIER	upstream_gene_variant	transcript	TRANSCRIPT_gene-GU280_gp07	protein_coding	-1	c.-1704G>T	.	-1	-1	-1	-1	-1	-1	1704	upstream_gene_variant	NONE	c.-1704G>T	.	-1
NC_045512.2	25690	G	T	ORF7b	gene-GU280_gp08	MODIFIER	upstream_gene_variant	transcript	TRANSCRIPT_gene-GU280_gp08	protein_coding	-1	c.-2066G>T	.	-1	-1	-1	-1	-1	-1	2066	upstream_gene_variant	NONE	c.-2066G>T	.	-1
NC_045512.2	25690	G	T	ORF8	gene-GU280_gp09	MODIFIER	upstream_gene_variant	transcript	TRANSCRIPT_gene-GU280_gp09	protein_coding	-1	c.-2204G>T	.	-1	-1	-1	-1	-1	-1	2204	upstream_gene_variant	NONE	c.-2204G>T	.	-1
NC_045512.2	25690	G	T	N	gene-GU280_gp10	MODIFIER	upstream_gene_variant	transcript	TRANSCRIPT_gene-GU280_gp10	protein_coding	-1	c.-2584G>T	.	-1	-1	-1	-1	-1	-1	2584	upstream_gene_variant	NONE	c.-2584G>T	.	-1
NC_045512.2	25690	G	T	ORF10	gene-GU280_gp11	MODIFIER	upstream_gene_variant	transcript	TRANSCRIPT_gene-GU280_gp11	protein_coding	-1	c.-3868G>T	.	-1	-1	-1	-1	-1	-1	3868	upstream_gene_variant	NONE	c.-3868G>T	.	-1
NC_045512.2	25690	G	T	ORF1ab	gene-GU280_gp01	MODIFIER	downstream_gene_variant	transcript	TRANSCRIPT_gene-GU280_gp01	protein_coding	-1	c.*4135G>T	.	-1	-1	-1	-1	-1	-1	4135	downstream_gene_variant	NONE	c.*4135G>T	.	-1
NC_045512.2	25690	G	T	S	gene-GU280_gp02	MODIFIER	downstream_gene_variant	transcript	TRANSCRIPT_gene-GU280_gp02	protein_coding	-1	c.*306G>T	.	-1	-1	-1	-1	-1	-1	306	downstream_gene_variant	NONE	c.*306G>T	.	-1
NC_045512.2	25798	A	G	ORF3a	gene-GU280_gp03	MODERATE	missense_variant	transcript	TRANSCRIPT_gene-GU280_gp03	protein_coding	1	c.406A>G	p.Lys136Glu	406	828	406	828	136	275	0	missense_variant	NONE	c.406A>G	p.Lys136Glu	275
NC_045512.2	25798	A	G	E	gene-GU280_gp04	MODIFIER	upstream_gene_variant	transcript	TRANSCRIPT_gene-GU280_gp04	protein_coding	-1	c.-447A>G	.	-1	-1	-1	-1	-1	-1	447	upstream_gene_variant	NONE	c.-447A>G	.	-1
NC_045512.2	25798	A	G	M	gene-GU280_gp05	MODIFIER	upstream_gene_variant	transcript	TRANSCRIPT_gene-GU280_gp05	protein_coding	-1	c.-725A>G	.	-1	-1	-1	-1	-1	-1	725	upstream_gene_variant	NONE	c.-725A>G	.	-1
NC_045512.2	25798	A	G	ORF6	gene-GU280_gp06	MODIFIER	upstream_gene_variant	transcript	TRANSCRIPT_gene-GU280_gp06	protein_coding	-1	c.-1404A>G	.	-1	-1	-1	-1	-1	-1	1404	upstream_gene_variant	NONE	c.-1404A>G	.	-1
NC_045512.2	25798	A	G	ORF7a	gene-GU280_gp07	MODIFIER	upstream_gene_variant	transcript	TRANSCRIPT_gene-GU280_gp07	protein_coding	-1	c.-1596A>G	.	-1	-1	-1	-1	-1	-1	1596	upstream_gene_variant	NONE	c.-1596A>G	.	-1
NC_045512.2	25798	A	G	ORF7b	gene-GU280_gp08	MODIFIER	upstream_gene_variant	transcript	TRANSCRIPT_gene-GU280_gp08	protein_coding	-1	c.-1958A>G	.	-1	-1	-1	-1	-1	-1	1958	upstream_gene_variant	NONE	c.-1958A>G	.	-1
NC_045512.2	25798	A	G	ORF8	gene-GU280_gp09	MODIFIER	upstream_gene_variant	transcript	TRANSCRIPT_gene-GU280_gp09	protein_coding	-1	c.-2096A>G	.	-1	-1	-1	-1	-1	-1	2096	upstream_gene_variant	NONE	c.-2096A>G	.	-1
NC_045512.2	25798	A	G	N	gene-GU280_gp10	MODIFIER	upstream_gene_variant	transcript	TRANSCRIPT_gene-GU280_gp10	protein_coding	-1	c.-2476A>G	.	-1	-1	-1	-1	-1	-1	2476	upstream_gene_variant	NONE	c.-2476A>G	.	-1
NC_045512.2	25798	A	G	ORF10	gene-GU280_gp11	MODIFIER	upstream_gene_variant	transcript	TRANSCRIPT_gene-GU280_gp11	protein_coding	-1	c.-3760A>G	.	-1	-1	-1	-1	-1	-1	3760	upstream_gene_variant	NONE	c.-3760A>G	.	-1
NC_045512.2	25798	A	G	ORF1ab	gene-GU280_gp01	MODIFIER	downstream_gene_variant	transcript	TRANSCRIPT_gene-GU280_gp01	protein_coding	-1	c.*4243A>G	.	-1	-1	-1	-1	-1	-1	4243	downstream_gene_variant	NONE	c.*4243A>G	.	-1
NC_045512.2	25798	A	G	S	gene-GU280_gp02	MODIFIER	downstream_gene_variant	transcript	TRANSCRIPT_gene-GU280_gp02	protein_coding	-1	c.*414A>G	.	-1	-1	-1	-1	-1	-1	414	downstream_gene_variant	NONE	c.*414A>G	.	-1
NC_045512.2	25887	T	C	ORF3a	gene-GU280_gp03	LOW	synonymous_variant	transcript	TRANSCRIPT_gene-GU280_gp03	protein_coding	1	c.495T>C	p.Ser165Ser	495	828	495	828	165	275	0	synonymous_variant	NONE	c.495T>C	p.Ser165Ser	275
NC_045512.2	25887	T	C	E	gene-GU280_gp04	MODIFIER	upstream_gene_variant	transcript	TRANSCRIPT_gene-GU280_gp04	protein_coding	-1	c.-358T>C	.	-1	-1	-1	-1	-1	-1	358	upstream_gene_variant	NONE	c.-358T>C	.	-1
NC_045512.2	25887	T	C	M	gene-GU280_gp05	MODIFIER	upstream_gene_variant	transcript	TRANSCRIPT_gene-GU280_gp05	protein_coding	-1	c.-636T>C	.	-1	-1	-1	-1	-1	-1	636	upstream_gene_variant	NONE	c.-636T>C	.	-1
NC_045512.2	25887	T	C	ORF6	gene-GU280_gp06	MODIFIER	upstream_gene_variant	transcript	TRANSCRIPT_gene-GU280_gp06	protein_coding	-1	c.-1315T>C	.	-1	-1	-1	-1	-1	-1	1315	upstream_gene_variant	NONE	c.-1315T>C	.	-1
NC_045512.2	25887	T	C	ORF7a	gene-GU280_gp07	MODIFIER	upstream_gene_variant	transcript	TRANSCRIPT_gene-GU280_gp07	protein_coding	-1	c.-1507T>C	.	-1	-1	-1	-1	-1	-1	1507	upstream_gene_variant	NONE	c.-1507T>C	.	-1
NC_045512.2	25887	T	C	ORF7b	gene-GU280_gp08	MODIFIER	upstream_gene_variant	transcript	TRANSCRIPT_gene-GU280_gp08	protein_coding	-1	c.-1869T>C	.	-1	-1	-1	-1	-1	-1	1869	upstream_gene_variant	NONE	c.-1869T>C	.	-1
NC_045512.2	25887	T	C	ORF8	gene-GU280_gp09	MODIFIER	upstream_gene_variant	transcript	TRANSCRIPT_gene-GU280_gp09	protein_coding	-1	c.-2007T>C	.	-1	-1	-1	-1	-1	-1	2007	upstream_gene_variant	NONE	c.-2007T>C	.	-1
NC_045512.2	25887	T	C	N	gene-GU280_gp10	MODIFIER	upstream_gene_variant	transcript	TRANSCRIPT_gene-GU280_gp10	protein_coding	-1	c.-2387T>C	.	-1	-1	-1	-1	-1	-1	2387	upstream_gene_variant	NONE	c.-2387T>C	.	-1
NC_045512.2	25887	T	C	ORF10	gene-GU280_gp11	MODIFIER	upstream_gene_variant	transcript	TRANSCRIPT_gene-GU280_gp11	protein_coding	-1	c.-3671T>C	.	-1	-1	-1	-1	-1	-1	3671	upstream_gene_variant	NONE	c.-3671T>C	.	-1
NC_045512.2	25887	T	C	ORF1ab	gene-GU280_gp01	MODIFIER	downstream_gene_variant	transcript	TRANSCRIPT_gene-GU280_gp01	protein_coding	-1	c.*4332T>C	.	-1	-1	-1	-1	-1	-1	4332	downstream_gene_variant	NONE	c.*4332T>C	.	-1
NC_045512.2	25887	T	C	S	gene-GU280_gp02	MODIFIER	downstream_gene_variant	transcript	TRANSCRIPT_gene-GU280_gp02	protein_coding	-1	c.*503T>C	.	-1	-1	-1	-1	-1	-1	503	downstream_gene_variant	NONE	c.*503T>C	.	-1
NC_045512.2	25907	G	T	ORF3a	gene-GU280_gp03	MODERATE	missense_variant	transcript	TRANSCRIPT_gene-GU280_gp03	protein_coding	1	c.515G>T	p.Gly172Val	515	828	515	828	172	275	0	missense_variant	NONE	c.515G>T	p.Gly172Val	275
NC_045512.2	25907	G	T	E	gene-GU280_gp04	MODIFIER	upstream_gene_variant	transcript	TRANSCRIPT_gene-GU280_gp04	protein_coding	-1	c.-338G>T	.	-1	-1	-1	-1	-1	-1	338	upstream_gene_variant	NONE	c.-338G>T	.	-1
NC_045512.2	25907	G	T	M	gene-GU280_gp05	MODIFIER	upstream_gene_variant	transcript	TRANSCRIPT_gene-GU280_gp05	protein_coding	-1	c.-616G>T	.	-1	-1	-1	-1	-1	-1	616	upstream_gene_variant	NONE	c.-616G>T	.	-1
NC_045512.2	25907	G	T	ORF6	gene-GU280_gp06	MODIFIER	upstream_gene_variant	transcript	TRANSCRIPT_gene-GU280_gp06	protein_coding	-1	c.-1295G>T	.	-1	-1	-1	-1	-1	-1	1295	upstream_gene_variant	NONE	c.-1295G>T	.	-1
NC_045512.2	25907	G	T	ORF7a	gene-GU280_gp07	MODIFIER	upstream_gene_variant	transcript	TRANSCRIPT_gene-GU280_gp07	protein_coding	-1	c.-1487G>T	.	-1	-1	-1	-1	-1	-1	1487	upstream_gene_variant	NONE	c.-1487G>T	.	-1
NC_045512.2	25907	G	T	ORF7b	gene-GU280_gp08	MODIFIER	upstream_gene_variant	transcript	TRANSCRIPT_gene-GU280_gp08	protein_coding	-1	c.-1849G>T	.	-1	-1	-1	-1	-1	-1	1849	upstream_gene_variant	NONE	c.-1849G>T	.	-1
NC_045512.2	25907	G	T	ORF8	gene-GU280_gp09	MODIFIER	upstream_gene_variant	transcript	TRANSCRIPT_gene-GU280_gp09	protein_coding	-1	c.-1987G>T	.	-1	-1	-1	-1	-1	-1	1987	upstream_gene_variant	NONE	c.-1987G>T	.	-1
NC_045512.2	25907	G	T	N	gene-GU280_gp10	MODIFIER	upstream_gene_variant	transcript	TRANSCRIPT_gene-GU280_gp10	protein_coding	-1	c.-2367G>T	.	-1	-1	-1	-1	-1	-1	2367	upstream_gene_variant	NONE	c.-2367G>T	.	-1
NC_045512.2	25907	G	T	ORF10	gene-GU280_gp11	MODIFIER	upstream_gene_variant	transcript	TRANSCRIPT_gene-GU280_gp11	protein_coding	-1	c.-3651G>T	.	-1	-1	-1	-1	-1	-1	3651	upstream_gene_variant	NONE	c.-3651G>T	.	-1
NC_045512.2	25907	G	T	ORF1ab	gene-GU280_gp01	MODIFIER	downstream_gene_variant	transcript	TRANSCRIPT_gene-GU280_gp01	protein_coding	-1	c.*4352G>T	.	-1	-1	-1	-1	-1	-1	4352	downstream_gene_variant	NONE	c.*4352G>T	.	-1
NC_045512.2	25907	G	T	S	gene-GU280_gp02	MODIFIER	downstream_gene_variant	transcript	TRANSCRIPT_gene-GU280_gp02	protein_coding	-1	c.*523G>T	.	-1	-1	-1	-1	-1	-1	523	downstream_gene_variant	NONE	c.*523G>T	.	-1
NC_045512.2	25963	GA	G	ORF3a	gene-GU280_gp03	HIGH	frameshift_variant	transcript	TRANSCRIPT_gene-GU280_gp03	protein_coding	1	c.576delA	p.Lys192fs	576	828	576	828	192	275	0	frameshift_variant	NONE	c.576delA	p.Lys192fs	275
NC_045512.2	25963	GA	G	E	gene-GU280_gp04	MODIFIER	upstream_gene_variant	transcript	TRANSCRIPT_gene-GU280_gp04	protein_coding	-1	c.-281delA	.	-1	-1	-1	-1	-1	-1	281	upstream_gene_variant	NONE	c.-281delA	.	-1
NC_045512.2	25963	GA	G	M	gene-GU280_gp05	MODIFIER	upstream_gene_variant	transcript	TRANSCRIPT_gene-GU280_gp05	protein_coding	-1	c.-559delA	.	-1	-1	-1	-1	-1	-1	559	upstream_gene_variant	NONE	c.-559delA	.	-1
NC_045512.2	25963	GA	G	ORF6	gene-GU280_gp06	MODIFIER	upstream_gene_variant	transcript	TRANSCRIPT_gene-GU280_gp06	protein_coding	-1	c.-1238delA	.	-1	-1	-1	-1	-1	-1	1238	upstream_gene_variant	NONE	c.-1238delA	.	-1
NC_045512.2	25963	GA	G	ORF7a	gene-GU280_gp07	MODIFIER	upstream_gene_variant	transcript	TRANSCRIPT_gene-GU280_gp07	protein_coding	-1	c.-1430delA	.	-1	-1	-1	-1	-1	-1	1430	upstream_gene_variant	NONE	c.-1430delA	.	-1
NC_045512.2	25963	GA	G	ORF7b	gene-GU280_gp08	MODIFIER	upstream_gene_variant	transcript	TRANSCRIPT_gene-GU280_gp08	protein_coding	-1	c.-1792delA	.	-1	-1	-1	-1	-1	-1	1792	upstream_gene_variant	NONE	c.-1792delA	.	-1
NC_045512.2	25963	GA	G	ORF8	gene-GU280_gp09	MODIFIER	upstream_gene_variant	transcript	TRANSCRIPT_gene-GU280_gp09	protein_coding	-1	c.-1930delA	.	-1	-1	-1	-1	-1	-1	1930	upstream_gene_variant	NONE	c.-1930delA	.	-1
NC_045512.2	25963	GA	G	N	gene-GU280_gp10	MODIFIER	upstream_gene_variant	transcript	TRANSCRIPT_gene-GU280_gp10	protein_coding	-1	c.-2310delA	.	-1	-1	-1	-1	-1	-1	2310	upstream_gene_variant	NONE	c.-2310delA	.	-1
NC_045512.2	25963	GA	G	ORF10	gene-GU280_gp11	MODIFIER	upstream_gene_variant	transcript	TRANSCRIPT_gene-GU280_gp11	protein_coding	-1	c.-3594delA	.	-1	-1	-1	-1	-1	-1	3594	upstream_gene_variant	NONE	c.-3594delA	.	-1
NC_045512.2	25963	GA	G	ORF1ab	gene-GU280_gp01	MODIFIER	downstream_gene_variant	transcript	TRANSCRIPT_gene-GU280_gp01	protein_coding	-1	c.*4409delA	.	-1	-1	-1	-1	-1	-1	4409	downstream_gene_variant	NONE	c.*4409delA	.	-1
NC_045512.2	25963	GA	G	S	gene-GU280_gp02	MODIFIER	downstream_gene_variant	transcript	TRANSCRIPT_gene-GU280_gp02	protein_coding	-1	c.*580delA	.	-1	-1	-1	-1	-1	-1	580	downstream_gene_variant	NONE	c.*580delA	.	-1
NC_045512.2	25964	A	G	ORF3a	gene-GU280_gp03	MODERATE	missense_variant	transcript	TRANSCRIPT_gene-GU280_gp03	protein_coding	1	c.572A>G	p.Glu191Gly	572	828	572	828	191	275	0	missense_variant	NONE	c.572A>G	p.Glu191Gly	275
NC_045512.2	25964	A	G	E	gene-GU280_gp04	MODIFIER	upstream_gene_variant	transcript	TRANSCRIPT_gene-GU280_gp04	protein_coding	-1	c.-281A>G	.	-1	-1	-1	-1	-1	-1	281	upstream_gene_variant	NONE	c.-281A>G	.	-1
NC_045512.2	25964	A	G	M	gene-GU280_gp05	MODIFIER	upstream_gene_variant	transcript	TRANSCRIPT_gene-GU280_gp05	protein_coding	-1	c.-559A>G	.	-1	-1	-1	-1	-1	-1	559	upstream_gene_variant	NONE	c.-559A>G	.	-1
NC_045512.2	25964	A	G	ORF6	gene-GU280_gp06	MODIFIER	upstream_gene_variant	transcript	TRANSCRIPT_gene-GU280_gp06	protein_coding	-1	c.-1238A>G	.	-1	-1	-1	-1	-1	-1	1238	upstream_gene_variant	NONE	c.-1238A>G	.	-1
NC_045512.2	25964	A	G	ORF7a	gene-GU280_gp07	MODIFIER	upstream_gene_variant	transcript	TRANSCRIPT_gene-GU280_gp07	protein_coding	-1	c.-1430A>G	.	-1	-1	-1	-1	-1	-1	1430	upstream_gene_variant	NONE	c.-1430A>G	.	-1
NC_045512.2	25964	A	G	ORF7b	gene-GU280_gp08	MODIFIER	upstream_gene_variant	transcript	TRANSCRIPT_gene-GU280_gp08	protein_coding	-1	c.-1792A>G	.	-1	-1	-1	-1	-1	-1	1792	upstream_gene_variant	NONE	c.-1792A>G	.	-1
NC_045512.2	25964	A	G	ORF8	gene-GU280_gp09	MODIFIER	upstream_gene_variant	transcript	TRANSCRIPT_gene-GU280_gp09	protein_coding	-1	c.-1930A>G	.	-1	-1	-1	-1	-1	-1	1930	upstream_gene_variant	NONE	c.-1930A>G	.	-1
NC_045512.2	25964	A	G	N	gene-GU280_gp10	MODIFIER	upstream_gene_variant	transcript	TRANSCRIPT_gene-GU280_gp10	protein_coding	-1	c.-2310A>G	.	-1	-1	-1	-1	-1	-1	2310	upstream_gene_variant	NONE	c.-2310A>G	.	-1
NC_045512.2	25964	A	G	ORF10	gene-GU280_gp11	MODIFIER	upstream_gene_variant	transcript	TRANSCRIPT_gene-GU280_gp11	protein_coding	-1	c.-3594A>G	.	-1	-1	-1	-1	-1	-1	3594	upstream_gene_variant	NONE	c.-3594A>G	.	-1
NC_045512.2	25964	A	G	ORF1ab	gene-GU280_gp01	MODIFIER	downstream_gene_variant	transcript	TRANSCRIPT_gene-GU280_gp01	protein_coding	-1	c.*4409A>G	.	-1	-1	-1	-1	-1	-1	4409	downstream_gene_variant	NONE	c.*4409A>G	.	-1
NC_045512.2	25964	A	G	S	gene-GU280_gp02	MODIFIER	downstream_gene_variant	transcript	TRANSCRIPT_gene-GU280_gp02	protein_coding	-1	c.*580A>G	.	-1	-1	-1	-1	-1	-1	580	downstream_gene_variant	NONE	c.*580A>G	.	-1
NC_045512.2	25987	G	T	ORF3a	gene-GU280_gp03	MODERATE	missense_variant	transcript	TRANSCRIPT_gene-GU280_gp03	protein_coding	1	c.595G>T	p.Asp199Tyr	595	828	595	828	199	275	0	missense_variant	NONE	c.595G>T	p.Asp199Tyr	275
NC_045512.2	25987	G	T	E	gene-GU280_gp04	MODIFIER	upstream_gene_variant	transcript	TRANSCRIPT_gene-GU280_gp04	protein_coding	-1	c.-258G>T	.	-1	-1	-1	-1	-1	-1	258	upstream_gene_variant	NONE	c.-258G>T	.	-1
NC_045512.2	25987	G	T	M	gene-GU280_gp05	MODIFIER	upstream_gene_variant	transcript	TRANSCRIPT_gene-GU280_gp05	protein_coding	-1	c.-536G>T	.	-1	-1	-1	-1	-1	-1	536	upstream_gene_variant	NONE	c.-536G>T	.	-1
NC_045512.2	25987	G	T	ORF6	gene-GU280_gp06	MODIFIER	upstream_gene_variant	transcript	TRANSCRIPT_gene-GU280_gp06	protein_coding	-1	c.-1215G>T	.	-1	-1	-1	-1	-1	-1	1215	upstream_gene_variant	NONE	c.-1215G>T	.	-1
NC_045512.2	25987	G	T	ORF7a	gene-GU280_gp07	MODIFIER	upstream_gene_variant	transcript	TRANSCRIPT_gene-GU280_gp07	protein_coding	-1	c.-1407G>T	.	-1	-1	-1	-1	-1	-1	1407	upstream_gene_variant	NONE	c.-1407G>T	.	-1
NC_045512.2	25987	G	T	ORF7b	gene-GU280_gp08	MODIFIER	upstream_gene_variant	transcript	TRANSCRIPT_gene-GU280_gp08	protein_coding	-1	c.-1769G>T	.	-1	-1	-1	-1	-1	-1	1769	upstream_gene_variant	NONE	c.-1769G>T	.	-1
NC_045512.2	25987	G	T	ORF8	gene-GU280_gp09	MODIFIER	upstream_gene_variant	transcript	TRANSCRIPT_gene-GU280_gp09	protein_coding	-1	c.-1907G>T	.	-1	-1	-1	-1	-1	-1	1907	upstream_gene_variant	NONE	c.-1907G>T	.	-1
NC_045512.2	25987	G	T	N	gene-GU280_gp10	MODIFIER	upstream_gene_variant	transcript	TRANSCRIPT_gene-GU280_gp10	protein_coding	-1	c.-2287G>T	.	-1	-1	-1	-1	-1	-1	2287	upstream_gene_variant	NONE	c.-2287G>T	.	-1
NC_045512.2	25987	G	T	ORF10	gene-GU280_gp11	MODIFIER	upstream_gene_variant	transcript	TRANSCRIPT_gene-GU280_gp11	protein_coding	-1	c.-3571G>T	.	-1	-1	-1	-1	-1	-1	3571	upstream_gene_variant	NONE	c.-3571G>T	.	-1
NC_045512.2	25987	G	T	ORF1ab	gene-GU280_gp01	MODIFIER	downstream_gene_variant	transcript	TRANSCRIPT_gene-GU280_gp01	protein_coding	-1	c.*4432G>T	.	-1	-1	-1	-1	-1	-1	4432	downstream_gene_variant	NONE	c.*4432G>T	.	-1
NC_045512.2	25987	G	T	S	gene-GU280_gp02	MODIFIER	downstream_gene_variant	transcript	TRANSCRIPT_gene-GU280_gp02	protein_coding	-1	c.*603G>T	.	-1	-1	-1	-1	-1	-1	603	downstream_gene_variant	NONE	c.*603G>T	.	-1
NC_045512.2	26462	T	C	E	gene-GU280_gp04	MODERATE	missense_variant	transcript	TRANSCRIPT_gene-GU280_gp04	protein_coding	1	c.218T>C	p.Leu73Pro	218	228	218	228	73	75	0	missense_variant	NONE	c.218T>C	p.Leu73Pro	75
NC_045512.2	26462	T	C	M	gene-GU280_gp05	MODIFIER	upstream_gene_variant	transcript	TRANSCRIPT_gene-GU280_gp05	protein_coding	-1	c.-61T>C	.	-1	-1	-1	-1	-1	-1	61	upstream_gene_variant	NONE	c.-61T>C	.	-1
NC_045512.2	26462	T	C	ORF6	gene-GU280_gp06	MODIFIER	upstream_gene_variant	transcript	TRANSCRIPT_gene-GU280_gp06	protein_coding	-1	c.-740T>C	.	-1	-1	-1	-1	-1	-1	740	upstream_gene_variant	NONE	c.-740T>C	.	-1
NC_045512.2	26462	T	C	ORF7a	gene-GU280_gp07	MODIFIER	upstream_gene_variant	transcript	TRANSCRIPT_gene-GU280_gp07	protein_coding	-1	c.-932T>C	.	-1	-1	-1	-1	-1	-1	932	upstream_gene_variant	NONE	c.-932T>C	.	-1
NC_045512.2	26462	T	C	ORF7b	gene-GU280_gp08	MODIFIER	upstream_gene_variant	transcript	TRANSCRIPT_gene-GU280_gp08	protein_coding	-1	c.-1294T>C	.	-1	-1	-1	-1	-1	-1	1294	upstream_gene_variant	NONE	c.-1294T>C	.	-1
NC_045512.2	26462	T	C	ORF8	gene-GU280_gp09	MODIFIER	upstream_gene_variant	transcript	TRANSCRIPT_gene-GU280_gp09	protein_coding	-1	c.-1432T>C	.	-1	-1	-1	-1	-1	-1	1432	upstream_gene_variant	NONE	c.-1432T>C	.	-1
NC_045512.2	26462	T	C	N	gene-GU280_gp10	MODIFIER	upstream_gene_variant	transcript	TRANSCRIPT_gene-GU280_gp10	protein_coding	-1	c.-1812T>C	.	-1	-1	-1	-1	-1	-1	1812	upstream_gene_variant	NONE	c.-1812T>C	.	-1
NC_045512.2	26462	T	C	ORF10	gene-GU280_gp11	MODIFIER	upstream_gene_variant	transcript	TRANSCRIPT_gene-GU280_gp11	protein_coding	-1	c.-3096T>C	.	-1	-1	-1	-1	-1	-1	3096	upstream_gene_variant	NONE	c.-3096T>C	.	-1
NC_045512.2	26462	T	C	ORF1ab	gene-GU280_gp01	MODIFIER	downstream_gene_variant	transcript	TRANSCRIPT_gene-GU280_gp01	protein_coding	-1	c.*4907T>C	.	-1	-1	-1	-1	-1	-1	4907	downstream_gene_variant	NONE	c.*4907T>C	.	-1
NC_045512.2	26462	T	C	S	gene-GU280_gp02	MODIFIER	downstream_gene_variant	transcript	TRANSCRIPT_gene-GU280_gp02	protein_coding	-1	c.*1078T>C	.	-1	-1	-1	-1	-1	-1	1078	downstream_gene_variant	NONE	c.*1078T>C	.	-1
NC_045512.2	26462	T	C	ORF3a	gene-GU280_gp03	MODIFIER	downstream_gene_variant	transcript	TRANSCRIPT_gene-GU280_gp03	protein_coding	-1	c.*242T>C	.	-1	-1	-1	-1	-1	-1	242	downstream_gene_variant	NONE	c.*242T>C	.	-1
NC_045512.2	27332	T	C	ORF6	gene-GU280_gp06	MODERATE	missense_variant	transcript	TRANSCRIPT_gene-GU280_gp06	protein_coding	1	c.131T>C	p.Leu44Pro	131	186	131	186	44	61	0	missense_variant	NONE	c.131T>C	p.Leu44Pro	61
NC_045512.2	27332	T	C	ORF7a	gene-GU280_gp07	MODIFIER	upstream_gene_variant	transcript	TRANSCRIPT_gene-GU280_gp07	protein_coding	-1	c.-62T>C	.	-1	-1	-1	-1	-1	-1	62	upstream_gene_variant	NONE	c.-62T>C	.	-1
NC_045512.2	27332	T	C	ORF7b	gene-GU280_gp08	MODIFIER	upstream_gene_variant	transcript	TRANSCRIPT_gene-GU280_gp08	protein_coding	-1	c.-424T>C	.	-1	-1	-1	-1	-1	-1	424	upstream_gene_variant	NONE	c.-424T>C	.	-1
NC_045512.2	27332	T	C	ORF8	gene-GU280_gp09	MODIFIER	upstream_gene_variant	transcript	TRANSCRIPT_gene-GU280_gp09	protein_coding	-1	c.-562T>C	.	-1	-1	-1	-1	-1	-1	562	upstream_gene_variant	NONE	c.-562T>C	.	-1
NC_045512.2	27332	T	C	N	gene-GU280_gp10	MODIFIER	upstream_gene_variant	transcript	TRANSCRIPT_gene-GU280_gp10	protein_coding	-1	c.-942T>C	.	-1	-1	-1	-1	-1	-1	942	upstream_gene_variant	NONE	c.-942T>C	.	-1
NC_045512.2	27332	T	C	ORF10	gene-GU280_gp11	MODIFIER	upstream_gene_variant	transcript	TRANSCRIPT_gene-GU280_gp11	protein_coding	-1	c.-2226T>C	.	-1	-1	-1	-1	-1	-1	2226	upstream_gene_variant	NONE	c.-2226T>C	.	-1
NC_045512.2	27332	T	C	S	gene-GU280_gp02	MODIFIER	downstream_gene_variant	transcript	TRANSCRIPT_gene-GU280_gp02	protein_coding	-1	c.*1948T>C	.	-1	-1	-1	-1	-1	-1	1948	downstream_gene_variant	NONE	c.*1948T>C	.	-1
NC_045512.2	27332	T	C	ORF3a	gene-GU280_gp03	MODIFIER	downstream_gene_variant	transcript	TRANSCRIPT_gene-GU280_gp03	protein_coding	-1	c.*1112T>C	.	-1	-1	-1	-1	-1	-1	1112	downstream_gene_variant	NONE	c.*1112T>C	.	-1
NC_045512.2	27332	T	C	E	gene-GU280_gp04	MODIFIER	downstream_gene_variant	transcript	TRANSCRIPT_gene-GU280_gp04	protein_coding	-1	c.*860T>C	.	-1	-1	-1	-1	-1	-1	860	downstream_gene_variant	NONE	c.*860T>C	.	-1
NC_045512.2	27332	T	C	M	gene-GU280_gp05	MODIFIER	downstream_gene_variant	transcript	TRANSCRIPT_gene-GU280_gp05	protein_coding	-1	c.*141T>C	.	-1	-1	-1	-1	-1	-1	141	downstream_gene_variant	NONE	c.*141T>C	.	-1
NC_045512.2	27370	C	A	ORF6	gene-GU280_gp06	MODERATE	missense_variant	transcript	TRANSCRIPT_gene-GU280_gp06	protein_coding	1	c.169C>A	p.Pro57Thr	169	186	169	186	57	61	0	missense_variant	NONE	c.169C>A	p.Pro57Thr	61
NC_045512.2	27370	C	A	ORF7a	gene-GU280_gp07	MODIFIER	upstream_gene_variant	transcript	TRANSCRIPT_gene-GU280_gp07	protein_coding	-1	c.-24C>A	.	-1	-1	-1	-1	-1	-1	24	upstream_gene_variant	NONE	c.-24C>A	.	-1
NC_045512.2	27370	C	A	ORF7b	gene-GU280_gp08	MODIFIER	upstream_gene_variant	transcript	TRANSCRIPT_gene-GU280_gp08	protein_coding	-1	c.-386C>A	.	-1	-1	-1	-1	-1	-1	386	upstream_gene_variant	NONE	c.-386C>A	.	-1
NC_045512.2	27370	C	A	ORF8	gene-GU280_gp09	MODIFIER	upstream_gene_variant	transcript	TRANSCRIPT_gene-GU280_gp09	protein_coding	-1	c.-524C>A	.	-1	-1	-1	-1	-1	-1	524	upstream_gene_variant	NONE	c.-524C>A	.	-1
NC_045512.2	27370	C	A	N	gene-GU280_gp10	MODIFIER	upstream_gene_variant	transcript	TRANSCRIPT_gene-GU280_gp10	protein_coding	-1	c.-904C>A	.	-1	-1	-1	-1	-1	-1	904	upstream_gene_variant	NONE	c.-904C>A	.	-1
NC_045512.2	27370	C	A	ORF10	gene-GU280_gp11	MODIFIER	upstream_gene_variant	transcript	TRANSCRIPT_gene-GU280_gp11	protein_coding	-1	c.-2188C>A	.	-1	-1	-1	-1	-1	-1	2188	upstream_gene_variant	NONE	c.-2188C>A	.	-1
NC_045512.2	27370	C	A	S	gene-GU280_gp02	MODIFIER	downstream_gene_variant	transcript	TRANSCRIPT_gene-GU280_gp02	protein_coding	-1	c.*1986C>A	.	-1	-1	-1	-1	-1	-1	1986	downstream_gene_variant	NONE	c.*1986C>A	.	-1
NC_045512.2	27370	C	A	ORF3a	gene-GU280_gp03	MODIFIER	downstream_gene_variant	transcript	TRANSCRIPT_gene-GU280_gp03	protein_coding	-1	c.*1150C>A	.	-1	-1	-1	-1	-1	-1	1150	downstream_gene_variant	NONE	c.*1150C>A	.	-1
NC_045512.2	27370	C	A	E	gene-GU280_gp04	MODIFIER	downstream_gene_variant	transcript	TRANSCRIPT_gene-GU280_gp04	protein_coding	-1	c.*898C>A	.	-1	-1	-1	-1	-1	-1	898	downstream_gene_variant	NONE	c.*898C>A	.	-1
NC_045512.2	27370	C	A	M	gene-GU280_gp05	MODIFIER	downstream_gene_variant	transcript	TRANSCRIPT_gene-GU280_gp05	protein_coding	-1	c.*179C>A	.	-1	-1	-1	-1	-1	-1	179	downstream_gene_variant	NONE	c.*179C>A	.	-1
NC_045512.2	27876	T	C	ORF7b	gene-GU280_gp08	MODERATE	missense_variant	transcript	TRANSCRIPT_gene-GU280_gp08	protein_coding	1	c.121T>C	p.Cys41Arg	121	132	121	132	41	43	0	missense_variant	NONE	c.121T>C	p.Cys41Arg	43
NC_045512.2	27876	T	C	ORF8	gene-GU280_gp09	MODIFIER	upstream_gene_variant	transcript	TRANSCRIPT_gene-GU280_gp09	protein_coding	-1	c.-18T>C	.	-1	-1	-1	-1	-1	-1	18	upstream_gene_variant	NONE	c.-18T>C	.	-1
NC_045512.2	27876	T	C	N	gene-GU280_gp10	MODIFIER	upstream_gene_variant	transcript	TRANSCRIPT_gene-GU280_gp10	protein_coding	-1	c.-398T>C	.	-1	-1	-1	-1	-1	-1	398	upstream_gene_variant	NONE	c.-398T>C	.	-1
NC_045512.2	27876	T	C	ORF10	gene-GU280_gp11	MODIFIER	upstream_gene_variant	transcript	TRANSCRIPT_gene-GU280_gp11	protein_coding	-1	c.-1682T>C	.	-1	-1	-1	-1	-1	-1	1682	upstream_gene_variant	NONE	c.-1682T>C	.	-1
NC_045512.2	27876	T	C	S	gene-GU280_gp02	MODIFIER	downstream_gene_variant	transcript	TRANSCRIPT_gene-GU280_gp02	protein_coding	-1	c.*2492T>C	.	-1	-1	-1	-1	-1	-1	2492	downstream_gene_variant	NONE	c.*2492T>C	.	-1
NC_045512.2	27876	T	C	ORF3a	gene-GU280_gp03	MODIFIER	downstream_gene_variant	transcript	TRANSCRIPT_gene-GU280_gp03	protein_coding	-1	c.*1656T>C	.	-1	-1	-1	-1	-1	-1	1656	downstream_gene_variant	NONE	c.*1656T>C	.	-1
NC_045512.2	27876	T	C	E	gene-GU280_gp04	MODIFIER	downstream_gene_variant	transcript	TRANSCRIPT_gene-GU280_gp04	protein_coding	-1	c.*1404T>C	.	-1	-1	-1	-1	-1	-1	1404	downstream_gene_variant	NONE	c.*1404T>C	.	-1
NC_045512.2	27876	T	C	M	gene-GU280_gp05	MODIFIER	downstream_gene_variant	transcript	TRANSCRIPT_gene-GU280_gp05	protein_coding	-1	c.*685T>C	.	-1	-1	-1	-1	-1	-1	685	downstream_gene_variant	NONE	c.*685T>C	.	-1
NC_045512.2	27876	T	C	ORF6	gene-GU280_gp06	MODIFIER	downstream_gene_variant	transcript	TRANSCRIPT_gene-GU280_gp06	protein_coding	-1	c.*489T>C	.	-1	-1	-1	-1	-1	-1	489	downstream_gene_variant	NONE	c.*489T>C	.	-1
NC_045512.2	27876	T	C	ORF7a	gene-GU280_gp07	MODIFIER	downstream_gene_variant	transcript	TRANSCRIPT_gene-GU280_gp07	protein_coding	-1	c.*117T>C	.	-1	-1	-1	-1	-1	-1	117	downstream_gene_variant	NONE	c.*117T>C	.	-1
NC_045512.2	27964	C	T	ORF8	gene-GU280_gp09	MODERATE	missense_variant	transcript	TRANSCRIPT_gene-GU280_gp09	protein_coding	1	c.71C>T	p.Ser24Leu	71	366	71	366	24	121	0	missense_variant	NONE	c.71C>T	p.Ser24Leu	121
NC_045512.2	27964	C	T	N	gene-GU280_gp10	MODIFIER	upstream_gene_variant	transcript	TRANSCRIPT_gene-GU280_gp10	protein_coding	-1	c.-310C>T	.	-1	-1	-1	-1	-1	-1	310	upstream_gene_variant	NONE	c.-310C>T	.	-1
NC_045512.2	27964	C	T	ORF10	gene-GU280_gp11	MODIFIER	upstream_gene_variant	transcript	TRANSCRIPT_gene-GU280_gp11	protein_coding	-1	c.-1594C>T	.	-1	-1	-1	-1	-1	-1	1594	upstream_gene_variant	NONE	c.-1594C>T	.	-1
NC_045512.2	27964	C	T	S	gene-GU280_gp02	MODIFIER	downstream_gene_variant	transcript	TRANSCRIPT_gene-GU280_gp02	protein_coding	-1	c.*2580C>T	.	-1	-1	-1	-1	-1	-1	2580	downstream_gene_variant	NONE	c.*2580C>T	.	-1
NC_045512.2	27964	C	T	ORF3a	gene-GU280_gp03	MODIFIER	downstream_gene_variant	transcript	TRANSCRIPT_gene-GU280_gp03	protein_coding	-1	c.*1744C>T	.	-1	-1	-1	-1	-1	-1	1744	downstream_gene_variant	NONE	c.*1744C>T	.	-1
NC_045512.2	27964	C	T	E	gene-GU280_gp04	MODIFIER	downstream_gene_variant	transcript	TRANSCRIPT_gene-GU280_gp04	protein_coding	-1	c.*1492C>T	.	-1	-1	-1	-1	-1	-1	1492	downstream_gene_variant	NONE	c.*1492C>T	.	-1
NC_045512.2	27964	C	T	M	gene-GU280_gp05	MODIFIER	downstream_gene_variant	transcript	TRANSCRIPT_gene-GU280_gp05	protein_coding	-1	c.*773C>T	.	-1	-1	-1	-1	-1	-1	773	downstream_gene_variant	NONE	c.*773C>T	.	-1
NC_045512.2	27964	C	T	ORF6	gene-GU280_gp06	MODIFIER	downstream_gene_variant	transcript	TRANSCRIPT_gene-GU280_gp06	protein_coding	-1	c.*577C>T	.	-1	-1	-1	-1	-1	-1	577	downstream_gene_variant	NONE	c.*577C>T	.	-1
NC_045512.2	27964	C	T	ORF7a	gene-GU280_gp07	MODIFIER	downstream_gene_variant	transcript	TRANSCRIPT_gene-GU280_gp07	protein_coding	-1	c.*205C>T	.	-1	-1	-1	-1	-1	-1	205	downstream_gene_variant	NONE	c.*205C>T	.	-1
NC_045512.2	27964	C	T	ORF7b	gene-GU280_gp08	MODIFIER	downstream_gene_variant	transcript	TRANSCRIPT_gene-GU280_gp08	protein_coding	-1	c.*77C>T	.	-1	-1	-1	-1	-1	-1	77	downstream_gene_variant	NONE	c.*77C>T	.	-1
NC_045512.2	28472	C	T	N	gene-GU280_gp10	MODERATE	missense_variant	transcript	TRANSCRIPT_gene-GU280_gp10	protein_coding	1	c.199C>T	p.Pro67Ser	199	1260	199	1260	67	419	0	missense_variant	NONE	c.199C>T	p.Pro67Ser	419
NC_045512.2	28472	C	T	ORF10	gene-GU280_gp11	MODIFIER	upstream_gene_variant	transcript	TRANSCRIPT_gene-GU280_gp11	protein_coding	-1	c.-1086C>T	.	-1	-1	-1	-1	-1	-1	1086	upstream_gene_variant	NONE	c.-1086C>T	.	-1
NC_045512.2	28472	C	T	S	gene-GU280_gp02	MODIFIER	downstream_gene_variant	transcript	TRANSCRIPT_gene-GU280_gp02	protein_coding	-1	c.*3088C>T	.	-1	-1	-1	-1	-1	-1	3088	downstream_gene_variant	NONE	c.*3088C>T	.	-1
NC_045512.2	28472	C	T	ORF3a	gene-GU280_gp03	MODIFIER	downstream_gene_variant	transcript	TRANSCRIPT_gene-GU280_gp03	protein_coding	-1	c.*2252C>T	.	-1	-1	-1	-1	-1	-1	2252	downstream_gene_variant	NONE	c.*2252C>T	.	-1
NC_045512.2	28472	C	T	E	gene-GU280_gp04	MODIFIER	downstream_gene_variant	transcript	TRANSCRIPT_gene-GU280_gp04	protein_coding	-1	c.*2000C>T	.	-1	-1	-1	-1	-1	-1	2000	downstream_gene_variant	NONE	c.*2000C>T	.	-1
NC_045512.2	28472	C	T	M	gene-GU280_gp05	MODIFIER	downstream_gene_variant	transcript	TRANSCRIPT_gene-GU280_gp05	protein_coding	-1	c.*1281C>T	.	-1	-1	-1	-1	-1	-1	1281	downstream_gene_variant	NONE	c.*1281C>T	.	-1
NC_045512.2	28472	C	T	ORF6	gene-GU280_gp06	MODIFIER	downstream_gene_variant	transcript	TRANSCRIPT_gene-GU280_gp06	protein_coding	-1	c.*1085C>T	.	-1	-1	-1	-1	-1	-1	1085	downstream_gene_variant	NONE	c.*1085C>T	.	-1
NC_045512.2	28472	C	T	ORF7a	gene-GU280_gp07	MODIFIER	downstream_gene_variant	transcript	TRANSCRIPT_gene-GU280_gp07	protein_coding	-1	c.*713C>T	.	-1	-1	-1	-1	-1	-1	713	downstream_gene_variant	NONE	c.*713C>T	.	-1
NC_045512.2	28472	C	T	ORF7b	gene-GU280_gp08	MODIFIER	downstream_gene_variant	transcript	TRANSCRIPT_gene-GU280_gp08	protein_coding	-1	c.*585C>T	.	-1	-1	-1	-1	-1	-1	585	downstream_gene_variant	NONE	c.*585C>T	.	-1
NC_045512.2	28472	C	T	ORF8	gene-GU280_gp09	MODIFIER	downstream_gene_variant	transcript	TRANSCRIPT_gene-GU280_gp09	protein_coding	-1	c.*213C>T	.	-1	-1	-1	-1	-1	-1	213	downstream_gene_variant	NONE	c.*213C>T	.	-1
NC_045512.2	28869	C	T	N	gene-GU280_gp10	MODERATE	missense_variant	transcript	TRANSCRIPT_gene-GU280_gp10	protein_coding	1	c.596C>T	p.Pro199Leu	596	1260	596	1260	199	419	0	missense_variant	NONE	c.596C>T	p.Pro199Leu	419
NC_045512.2	28869	C	T	ORF10	gene-GU280_gp11	MODIFIER	upstream_gene_variant	transcript	TRANSCRIPT_gene-GU280_gp11	protein_coding	-1	c.-689C>T	.	-1	-1	-1	-1	-1	-1	689	upstream_gene_variant	NONE	c.-689C>T	.	-1
NC_045512.2	28869	C	T	S	gene-GU280_gp02	MODIFIER	downstream_gene_variant	transcript	TRANSCRIPT_gene-GU280_gp02	protein_coding	-1	c.*3485C>T	.	-1	-1	-1	-1	-1	-1	3485	downstream_gene_variant	NONE	c.*3485C>T	.	-1
NC_045512.2	28869	C	T	ORF3a	gene-GU280_gp03	MODIFIER	downstream_gene_variant	transcript	TRANSCRIPT_gene-GU280_gp03	protein_coding	-1	c.*2649C>T	.	-1	-1	-1	-1	-1	-1	2649	downstream_gene_variant	NONE	c.*2649C>T	.	-1
NC_045512.2	28869	C	T	E	gene-GU280_gp04	MODIFIER	downstream_gene_variant	transcript	TRANSCRIPT_gene-GU280_gp04	protein_coding	-1	c.*2397C>T	.	-1	-1	-1	-1	-1	-1	2397	downstream_gene_variant	NONE	c.*2397C>T	.	-1
NC_045512.2	28869	C	T	M	gene-GU280_gp05	MODIFIER	downstream_gene_variant	transcript	TRANSCRIPT_gene-GU280_gp05	protein_coding	-1	c.*1678C>T	.	-1	-1	-1	-1	-1	-1	1678	downstream_gene_variant	NONE	c.*1678C>T	.	-1
NC_045512.2	28869	C	T	ORF6	gene-GU280_gp06	MODIFIER	downstream_gene_variant	transcript	TRANSCRIPT_gene-GU280_gp06	protein_coding	-1	c.*1482C>T	.	-1	-1	-1	-1	-1	-1	1482	downstream_gene_variant	NONE	c.*1482C>T	.	-1
NC_045512.2	28869	C	T	ORF7a	gene-GU280_gp07	MODIFIER	downstream_gene_variant	transcript	TRANSCRIPT_gene-GU280_gp07	protein_coding	-1	c.*1110C>T	.	-1	-1	-1	-1	-1	-1	1110	downstream_gene_variant	NONE	c.*1110C>T	.	-1
NC_045512.2	28869	C	T	ORF7b	gene-GU280_gp08	MODIFIER	downstream_gene_variant	transcript	TRANSCRIPT_gene-GU280_gp08	protein_coding	-1	c.*982C>T	.	-1	-1	-1	-1	-1	-1	982	downstream_gene_variant	NONE	c.*982C>T	.	-1
NC_045512.2	28869	C	T	ORF8	gene-GU280_gp09	MODIFIER	downstream_gene_variant	transcript	TRANSCRIPT_gene-GU280_gp09	protein_coding	-1	c.*610C>T	.	-1	-1	-1	-1	-1	-1	610	downstream_gene_variant	NONE	c.*610C>T	.	-1
NC_045512.2	29051	C	CA	N	gene-GU280_gp10	HIGH	frameshift_variant	transcript	TRANSCRIPT_gene-GU280_gp10	protein_coding	1	c.783dupA	p.Arg262fs	784	1260	784	1260	262	419	0	frameshift_variant	NONE	c.783dupA	p.Arg262fs	419
NC_045512.2	29051	C	CA	ORF10	gene-GU280_gp11	MODIFIER	upstream_gene_variant	transcript	TRANSCRIPT_gene-GU280_gp11	protein_coding	-1	c.-507_-506insA	.	-1	-1	-1	-1	-1	-1	506	upstream_gene_variant	NONE	c.-507_-506insA	.	-1
NC_045512.2	29051	C	CA	S	gene-GU280_gp02	MODIFIER	downstream_gene_variant	transcript	TRANSCRIPT_gene-GU280_gp02	protein_coding	-1	c.*3667_*3668insA	.	-1	-1	-1	-1	-1	-1	3668	downstream_gene_variant	NONE	c.*3667_*3668insA	.	-1
NC_045512.2	29051	C	CA	ORF3a	gene-GU280_gp03	MODIFIER	downstream_gene_variant	transcript	TRANSCRIPT_gene-GU280_gp03	protein_coding	-1	c.*2831_*2832insA	.	-1	-1	-1	-1	-1	-1	2832	downstream_gene_variant	NONE	c.*2831_*2832insA	.	-1
NC_045512.2	29051	C	CA	E	gene-GU280_gp04	MODIFIER	downstream_gene_variant	transcript	TRANSCRIPT_gene-GU280_gp04	protein_coding	-1	c.*2579_*2580insA	.	-1	-1	-1	-1	-1	-1	2580	downstream_gene_variant	NONE	c.*2579_*2580insA	.	-1
NC_045512.2	29051	C	CA	M	gene-GU280_gp05	MODIFIER	downstream_gene_variant	transcript	TRANSCRIPT_gene-GU280_gp05	protein_coding	-1	c.*1860_*1861insA	.	-1	-1	-1	-1	-1	-1	1861	downstream_gene_variant	NONE	c.*1860_*1861insA	.	-1
NC_045512.2	29051	C	CA	ORF6	gene-GU280_gp06	MODIFIER	downstream_gene_variant	transcript	TRANSCRIPT_gene-GU280_gp06	protein_coding	-1	c.*1664_*1665insA	.	-1	-1	-1	-1	-1	-1	1665	downstream_gene_variant	NONE	c.*1664_*1665insA	.	-1
NC_045512.2	29051	C	CA	ORF7a	gene-GU280_gp07	MODIFIER	downstream_gene_variant	transcript	TRANSCRIPT_gene-GU280_gp07	protein_coding	-1	c.*1292_*1293insA	.	-1	-1	-1	-1	-1	-1	1293	downstream_gene_variant	NONE	c.*1292_*1293insA	.	-1
NC_045512.2	29051	C	CA	ORF7b	gene-GU280_gp08	MODIFIER	downstream_gene_variant	transcript	TRANSCRIPT_gene-GU280_gp08	protein_coding	-1	c.*1164_*1165insA	.	-1	-1	-1	-1	-1	-1	1165	downstream_gene_variant	NONE	c.*1164_*1165insA	.	-1
NC_045512.2	29051	C	CA	ORF8	gene-GU280_gp09	MODIFIER	downstream_gene_variant	transcript	TRANSCRIPT_gene-GU280_gp09	protein_coding	-1	c.*792_*793insA	.	-1	-1	-1	-1	-1	-1	793	downstream_gene_variant	NONE	c.*792_*793insA	.	-1
NC_045512.2	29254	G	T	N	gene-GU280_gp10	LOW	synonymous_variant	transcript	TRANSCRIPT_gene-GU280_gp10	protein_coding	1	c.981G>T	p.Ser327Ser	981	1260	981	1260	327	419	0	synonymous_variant	NONE	c.981G>T	p.Ser327Ser	419
NC_045512.2	29254	G	T	ORF10	gene-GU280_gp11	MODIFIER	upstream_gene_variant	transcript	TRANSCRIPT_gene-GU280_gp11	protein_coding	-1	c.-304G>T	.	-1	-1	-1	-1	-1	-1	304	upstream_gene_variant	NONE	c.-304G>T	.	-1
NC_045512.2	29254	G	T	S	gene-GU280_gp02	MODIFIER	downstream_gene_variant	transcript	TRANSCRIPT_gene-GU280_gp02	protein_coding	-1	c.*3870G>T	.	-1	-1	-1	-1	-1	-1	3870	downstream_gene_variant	NONE	c.*3870G>T	.	-1
NC_045512.2	29254	G	T	ORF3a	gene-GU280_gp03	MODIFIER	downstream_gene_variant	transcript	TRANSCRIPT_gene-GU280_gp03	protein_coding	-1	c.*3034G>T	.	-1	-1	-1	-1	-1	-1	3034	downstream_gene_variant	NONE	c.*3034G>T	.	-1
NC_045512.2	29254	G	T	E	gene-GU280_gp04	MODIFIER	downstream_gene_variant	transcript	TRANSCRIPT_gene-GU280_gp04	protein_coding	-1	c.*2782G>T	.	-1	-1	-1	-1	-1	-1	2782	downstream_gene_variant	NONE	c.*2782G>T	.	-1
NC_045512.2	29254	G	T	M	gene-GU280_gp05	MODIFIER	downstream_gene_variant	transcript	TRANSCRIPT_gene-GU280_gp05	protein_coding	-1	c.*2063G>T	.	-1	-1	-1	-1	-1	-1	2063	downstream_gene_variant	NONE	c.*2063G>T	.	-1
NC_045512.2	29254	G	T	ORF6	gene-GU280_gp06	MODIFIER	downstream_gene_variant	transcript	TRANSCRIPT_gene-GU280_gp06	protein_coding	-1	c.*1867G>T	.	-1	-1	-1	-1	-1	-1	1867	downstream_gene_variant	NONE	c.*1867G>T	.	-1
NC_045512.2	29254	G	T	ORF7a	gene-GU280_gp07	MODIFIER	downstream_gene_variant	transcript	TRANSCRIPT_gene-GU280_gp07	protein_coding	-1	c.*1495G>T	.	-1	-1	-1	-1	-1	-1	1495	downstream_gene_variant	NONE	c.*1495G>T	.	-1
NC_045512.2	29254	G	T	ORF7b	gene-GU280_gp08	MODIFIER	downstream_gene_variant	transcript	TRANSCRIPT_gene-GU280_gp08	protein_coding	-1	c.*1367G>T	.	-1	-1	-1	-1	-1	-1	1367	downstream_gene_variant	NONE	c.*1367G>T	.	-1
NC_045512.2	29254	G	T	ORF8	gene-GU280_gp09	MODIFIER	downstream_gene_variant	transcript	TRANSCRIPT_gene-GU280_gp09	protein_coding	-1	c.*995G>T	.	-1	-1	-1	-1	-1	-1	995	downstream_gene_variant	NONE	c.*995G>T	.	-1
NC_045512.2	29307	A	G	N	gene-GU280_gp10	MODERATE	missense_variant	transcript	TRANSCRIPT_gene-GU280_gp10	protein_coding	1	c.1034A>G	p.Asn345Ser	1034	1260	1034	1260	345	419	0	missense_variant	NONE	c.1034A>G	p.Asn345Ser	419
NC_045512.2	29307	A	G	ORF10	gene-GU280_gp11	MODIFIER	upstream_gene_variant	transcript	TRANSCRIPT_gene-GU280_gp11	protein_coding	-1	c.-251A>G	.	-1	-1	-1	-1	-1	-1	251	upstream_gene_variant	NONE	c.-251A>G	.	-1
NC_045512.2	29307	A	G	S	gene-GU280_gp02	MODIFIER	downstream_gene_variant	transcript	TRANSCRIPT_gene-GU280_gp02	protein_coding	-1	c.*3923A>G	.	-1	-1	-1	-1	-1	-1	3923	downstream_gene_variant	NONE	c.*3923A>G	.	-1
NC_045512.2	29307	A	G	ORF3a	gene-GU280_gp03	MODIFIER	downstream_gene_variant	transcript	TRANSCRIPT_gene-GU280_gp03	protein_coding	-1	c.*3087A>G	.	-1	-1	-1	-1	-1	-1	3087	downstream_gene_variant	NONE	c.*3087A>G	.	-1
NC_045512.2	29307	A	G	E	gene-GU280_gp04	MODIFIER	downstream_gene_variant	transcript	TRANSCRIPT_gene-GU280_gp04	protein_coding	-1	c.*2835A>G	.	-1	-1	-1	-1	-1	-1	2835	downstream_gene_variant	NONE	c.*2835A>G	.	-1
NC_045512.2	29307	A	G	M	gene-GU280_gp05	MODIFIER	downstream_gene_variant	transcript	TRANSCRIPT_gene-GU280_gp05	protein_coding	-1	c.*2116A>G	.	-1	-1	-1	-1	-1	-1	2116	downstream_gene_variant	NONE	c.*2116A>G	.	-1
NC_045512.2	29307	A	G	ORF6	gene-GU280_gp06	MODIFIER	downstream_gene_variant	transcript	TRANSCRIPT_gene-GU280_gp06	protein_coding	-1	c.*1920A>G	.	-1	-1	-1	-1	-1	-1	1920	downstream_gene_variant	NONE	c.*1920A>G	.	-1
NC_045512.2	29307	A	G	ORF7a	gene-GU280_gp07	MODIFIER	downstream_gene_variant	transcript	TRANSCRIPT_gene-GU280_gp07	protein_coding	-1	c.*1548A>G	.	-1	-1	-1	-1	-1	-1	1548	downstream_gene_variant	NONE	c.*1548A>G	.	-1
NC_045512.2	29307	A	G	ORF7b	gene-GU280_gp08	MODIFIER	downstream_gene_variant	transcript	TRANSCRIPT_gene-GU280_gp08	protein_coding	-1	c.*1420A>G	.	-1	-1	-1	-1	-1	-1	1420	downstream_gene_variant	NONE	c.*1420A>G	.	-1
NC_045512.2	29307	A	G	ORF8	gene-GU280_gp09	MODIFIER	downstream_gene_variant	transcript	TRANSCRIPT_gene-GU280_gp09	protein_coding	-1	c.*1048A>G	.	-1	-1	-1	-1	-1	-1	1048	downstream_gene_variant	NONE	c.*1048A>G	.	-1
NC_045512.2	29576	T	C	ORF10	gene-GU280_gp11	MODERATE	missense_variant	transcript	TRANSCRIPT_gene-GU280_gp11	protein_coding	1	c.19T>C	p.Phe7Leu	19	117	19	117	7	38	0	missense_variant	NONE	c.19T>C	p.Phe7Leu	38
NC_045512.2	29576	T	C	S	gene-GU280_gp02	MODIFIER	downstream_gene_variant	transcript	TRANSCRIPT_gene-GU280_gp02	protein_coding	-1	c.*4192T>C	.	-1	-1	-1	-1	-1	-1	4192	downstream_gene_variant	NONE	c.*4192T>C	.	-1
NC_045512.2	29576	T	C	ORF3a	gene-GU280_gp03	MODIFIER	downstream_gene_variant	transcript	TRANSCRIPT_gene-GU280_gp03	protein_coding	-1	c.*3356T>C	.	-1	-1	-1	-1	-1	-1	3356	downstream_gene_variant	NONE	c.*3356T>C	.	-1
NC_045512.2	29576	T	C	E	gene-GU280_gp04	MODIFIER	downstream_gene_variant	transcript	TRANSCRIPT_gene-GU280_gp04	protein_coding	-1	c.*3104T>C	.	-1	-1	-1	-1	-1	-1	3104	downstream_gene_variant	NONE	c.*3104T>C	.	-1
NC_045512.2	29576	T	C	M	gene-GU280_gp05	MODIFIER	downstream_gene_variant	transcript	TRANSCRIPT_gene-GU280_gp05	protein_coding	-1	c.*2385T>C	.	-1	-1	-1	-1	-1	-1	2385	downstream_gene_variant	NONE	c.*2385T>C	.	-1
NC_045512.2	29576	T	C	ORF6	gene-GU280_gp06	MODIFIER	downstream_gene_variant	transcript	TRANSCRIPT_gene-GU280_gp06	protein_coding	-1	c.*2189T>C	.	-1	-1	-1	-1	-1	-1	2189	downstream_gene_variant	NONE	c.*2189T>C	.	-1
NC_045512.2	29576	T	C	ORF7a	gene-GU280_gp07	MODIFIER	downstream_gene_variant	transcript	TRANSCRIPT_gene-GU280_gp07	protein_coding	-1	c.*1817T>C	.	-1	-1	-1	-1	-1	-1	1817	downstream_gene_variant	NONE	c.*1817T>C	.	-1
NC_045512.2	29576	T	C	ORF7b	gene-GU280_gp08	MODIFIER	downstream_gene_variant	transcript	TRANSCRIPT_gene-GU280_gp08	protein_coding	-1	c.*1689T>C	.	-1	-1	-1	-1	-1	-1	1689	downstream_gene_variant	NONE	c.*1689T>C	.	-1
NC_045512.2	29576	T	C	ORF8	gene-GU280_gp09	MODIFIER	downstream_gene_variant	transcript	TRANSCRIPT_gene-GU280_gp09	protein_coding	-1	c.*1317T>C	.	-1	-1	-1	-1	-1	-1	1317	downstream_gene_variant	NONE	c.*1317T>C	.	-1
NC_045512.2	29576	T	C	N	gene-GU280_gp10	MODIFIER	downstream_gene_variant	transcript	TRANSCRIPT_gene-GU280_gp10	protein_coding	-1	c.*43T>C	.	-1	-1	-1	-1	-1	-1	43	downstream_gene_variant	NONE	c.*43T>C	.	-1
NC_045512.2	29760	T	C	S	gene-GU280_gp02	MODIFIER	downstream_gene_variant	transcript	TRANSCRIPT_gene-GU280_gp02	protein_coding	-1	c.*4376T>C	.	-1	-1	-1	-1	-1	-1	4376	downstream_gene_variant	NONE	c.*4376T>C	.	-1
NC_045512.2	29760	T	C	ORF3a	gene-GU280_gp03	MODIFIER	downstream_gene_variant	transcript	TRANSCRIPT_gene-GU280_gp03	protein_coding	-1	c.*3540T>C	.	-1	-1	-1	-1	-1	-1	3540	downstream_gene_variant	NONE	c.*3540T>C	.	-1
NC_045512.2	29760	T	C	E	gene-GU280_gp04	MODIFIER	downstream_gene_variant	transcript	TRANSCRIPT_gene-GU280_gp04	protein_coding	-1	c.*3288T>C	.	-1	-1	-1	-1	-1	-1	3288	downstream_gene_variant	NONE	c.*3288T>C	.	-1
NC_045512.2	29760	T	C	M	gene-GU280_gp05	MODIFIER	downstream_gene_variant	transcript	TRANSCRIPT_gene-GU280_gp05	protein_coding	-1	c.*2569T>C	.	-1	-1	-1	-1	-1	-1	2569	downstream_gene_variant	NONE	c.*2569T>C	.	-1
NC_045512.2	29760	T	C	ORF6	gene-GU280_gp06	MODIFIER	downstream_gene_variant	transcript	TRANSCRIPT_gene-GU280_gp06	protein_coding	-1	c.*2373T>C	.	-1	-1	-1	-1	-1	-1	2373	downstream_gene_variant	NONE	c.*2373T>C	.	-1
NC_045512.2	29760	T	C	ORF7a	gene-GU280_gp07	MODIFIER	downstream_gene_variant	transcript	TRANSCRIPT_gene-GU280_gp07	protein_coding	-1	c.*2001T>C	.	-1	-1	-1	-1	-1	-1	2001	downstream_gene_variant	NONE	c.*2001T>C	.	-1
NC_045512.2	29760	T	C	ORF7b	gene-GU280_gp08	MODIFIER	downstream_gene_variant	transcript	TRANSCRIPT_gene-GU280_gp08	protein_coding	-1	c.*1873T>C	.	-1	-1	-1	-1	-1	-1	1873	downstream_gene_variant	NONE	c.*1873T>C	.	-1
NC_045512.2	29760	T	C	ORF8	gene-GU280_gp09	MODIFIER	downstream_gene_variant	transcript	TRANSCRIPT_gene-GU280_gp09	protein_coding	-1	c.*1501T>C	.	-1	-1	-1	-1	-1	-1	1501	downstream_gene_variant	NONE	c.*1501T>C	.	-1
NC_045512.2	29760	T	C	N	gene-GU280_gp10	MODIFIER	downstream_gene_variant	transcript	TRANSCRIPT_gene-GU280_gp10	protein_coding	-1	c.*227T>C	.	-1	-1	-1	-1	-1	-1	227	downstream_gene_variant	NONE	c.*227T>C	.	-1
NC_045512.2	29760	T	C	ORF10	gene-GU280_gp11	MODIFIER	downstream_gene_variant	transcript	TRANSCRIPT_gene-GU280_gp11	protein_coding	-1	c.*86T>C	.	-1	-1	-1	-1	-1	-1	86	downstream_gene_variant	NONE	c.*86T>C	.	-1
NC_045512.2	29760	T	C	ORF10-CHR_END	gene-GU280_gp11-CHR_END	MODIFIER	intergenic_region	intergenic_region	gene-GU280_gp11-CHR_END	.	-1	n.29760T>C	.	-1	-1	-1	-1	-1	-1	0	intergenic_region	NONE	n.29760T>C	.	-1
NC_045512.2	29792	AT	A	S	gene-GU280_gp02	MODIFIER	downstream_gene_variant	transcript	TRANSCRIPT_gene-GU280_gp02	protein_coding	-1	c.*4409delT	.	-1	-1	-1	-1	-1	-1	4409	downstream_gene_variant	NONE	c.*4409delT	.	-1
NC_045512.2	29792	AT	A	ORF3a	gene-GU280_gp03	MODIFIER	downstream_gene_variant	transcript	TRANSCRIPT_gene-GU280_gp03	protein_coding	-1	c.*3573delT	.	-1	-1	-1	-1	-1	-1	3573	downstream_gene_variant	NONE	c.*3573delT	.	-1
NC_045512.2	29792	AT	A	E	gene-GU280_gp04	MODIFIER	downstream_gene_variant	transcript	TRANSCRIPT_gene-GU280_gp04	protein_coding	-1	c.*3321delT	.	-1	-1	-1	-1	-1	-1	3321	downstream_gene_variant	NONE	c.*3321delT	.	-1
NC_045512.2	29792	AT	A	M	gene-GU280_gp05	MODIFIER	downstream_gene_variant	transcript	TRANSCRIPT_gene-GU280_gp05	protein_coding	-1	c.*2602delT	.	-1	-1	-1	-1	-1	-1	2602	downstream_gene_variant	NONE	c.*2602delT	.	-1
NC_045512.2	29792	AT	A	ORF6	gene-GU280_gp06	MODIFIER	downstream_gene_variant	transcript	TRANSCRIPT_gene-GU280_gp06	protein_coding	-1	c.*2406delT	.	-1	-1	-1	-1	-1	-1	2406	downstream_gene_variant	NONE	c.*2406delT	.	-1
NC_045512.2	29792	AT	A	ORF7a	gene-GU280_gp07	MODIFIER	downstream_gene_variant	transcript	TRANSCRIPT_gene-GU280_gp07	protein_coding	-1	c.*2034delT	.	-1	-1	-1	-1	-1	-1	2034	downstream_gene_variant	NONE	c.*2034delT	.	-1
NC_045512.2	29792	AT	A	ORF7b	gene-GU280_gp08	MODIFIER	downstream_gene_variant	transcript	TRANSCRIPT_gene-GU280_gp08	protein_coding	-1	c.*1906delT	.	-1	-1	-1	-1	-1	-1	1906	downstream_gene_variant	NONE	c.*1906delT	.	-1
NC_045512.2	29792	AT	A	ORF8	gene-GU280_gp09	MODIFIER	downstream_gene_variant	transcript	TRANSCRIPT_gene-GU280_gp09	protein_coding	-1	c.*1534delT	.	-1	-1	-1	-1	-1	-1	1534	downstream_gene_variant	NONE	c.*1534delT	.	-1
NC_045512.2	29792	AT	A	N	gene-GU280_gp10	MODIFIER	downstream_gene_variant	transcript	TRANSCRIPT_gene-GU280_gp10	protein_coding	-1	c.*260delT	.	-1	-1	-1	-1	-1	-1	260	downstream_gene_variant	NONE	c.*260delT	.	-1
NC_045512.2	29792	AT	A	ORF10	gene-GU280_gp11	MODIFIER	downstream_gene_variant	transcript	TRANSCRIPT_gene-GU280_gp11	protein_coding	-1	c.*119delT	.	-1	-1	-1	-1	-1	-1	119	downstream_gene_variant	NONE	c.*119delT	.	-1
NC_045512.2	29792	AT	A	ORF10-CHR_END	gene-GU280_gp11-CHR_END	MODIFIER	intergenic_region	intergenic_region	gene-GU280_gp11-CHR_END	.	-1	n.29793delT	.	-1	-1	-1	-1	-1	-1	0	intergenic_region	NONE	n.29793delT	.	-1
NC_045512.2	29795	G	A	S	gene-GU280_gp02	MODIFIER	downstream_gene_variant	transcript	TRANSCRIPT_gene-GU280_gp02	protein_coding	-1	c.*4411G>A	.	-1	-1	-1	-1	-1	-1	4411	downstream_gene_variant	NONE	c.*4411G>A	.	-1
NC_045512.2	29795	G	A	ORF3a	gene-GU280_gp03	MODIFIER	downstream_gene_variant	transcript	TRANSCRIPT_gene-GU280_gp03	protein_coding	-1	c.*3575G>A	.	-1	-1	-1	-1	-1	-1	3575	downstream_gene_variant	NONE	c.*3575G>A	.	-1
NC_045512.2	29795	G	A	E	gene-GU280_gp04	MODIFIER	downstream_gene_variant	transcript	TRANSCRIPT_gene-GU280_gp04	protein_coding	-1	c.*3323G>A	.	-1	-1	-1	-1	-1	-1	3323	downstream_gene_variant	NONE	c.*3323G>A	.	-1
NC_045512.2	29795	G	A	M	gene-GU280_gp05	MODIFIER	downstream_gene_variant	transcript	TRANSCRIPT_gene-GU280_gp05	protein_coding	-1	c.*2604G>A	.	-1	-1	-1	-1	-1	-1	2604	downstream_gene_variant	NONE	c.*2604G>A	.	-1
NC_045512.2	29795	G	A	ORF6	gene-GU280_gp06	MODIFIER	downstream_gene_variant	transcript	TRANSCRIPT_gene-GU280_gp06	protein_coding	-1	c.*2408G>A	.	-1	-1	-1	-1	-1	-1	2408	downstream_gene_variant	NONE	c.*2408G>A	.	-1
NC_045512.2	29795	G	A	ORF7a	gene-GU280_gp07	MODIFIER	downstream_gene_variant	transcript	TRANSCRIPT_gene-GU280_gp07	protein_coding	-1	c.*2036G>A	.	-1	-1	-1	-1	-1	-1	2036	downstream_gene_variant	NONE	c.*2036G>A	.	-1
NC_045512.2	29795	G	A	ORF7b	gene-GU280_gp08	MODIFIER	downstream_gene_variant	transcript	TRANSCRIPT_gene-GU280_gp08	protein_coding	-1	c.*1908G>A	.	-1	-1	-1	-1	-1	-1	1908	downstream_gene_variant	NONE	c.*1908G>A	.	-1
NC_045512.2	29795	G	A	ORF8	gene-GU280_gp09	MODIFIER	downstream_gene_variant	transcript	TRANSCRIPT_gene-GU280_gp09	protein_coding	-1	c.*1536G>A	.	-1	-1	-1	-1	-1	-1	1536	downstream_gene_variant	NONE	c.*1536G>A	.	-1
NC_045512.2	29795	G	A	N	gene-GU280_gp10	MODIFIER	downstream_gene_variant	transcript	TRANSCRIPT_gene-GU280_gp10	protein_coding	-1	c.*262G>A	.	-1	-1	-1	-1	-1	-1	262	downstream_gene_variant	NONE	c.*262G>A	.	-1
NC_045512.2	29795	G	A	ORF10	gene-GU280_gp11	MODIFIER	downstream_gene_variant	transcript	TRANSCRIPT_gene-GU280_gp11	protein_coding	-1	c.*121G>A	.	-1	-1	-1	-1	-1	-1	121	downstream_gene_variant	NONE	c.*121G>A	.	-1
NC_045512.2	29795	G	A	ORF10-CHR_END	gene-GU280_gp11-CHR_END	MODIFIER	intergenic_region	intergenic_region	gene-GU280_gp11-CHR_END	.	-1	n.29795G>A	.	-1	-1	-1	-1	-1	-1	0	intergenic_region	NONE	n.29795G>A	.	-1
