CHROM	POS	REF	ALT	ANN[*].GENE	ANN[*].GENEID	ANN[*].IMPACT	ANN[*].EFFECT	ANN[*].FEATURE	ANN[*].FEATUREID	ANN[*].BIOTYPE	ANN[*].RANK	ANN[*].HGVS_C	ANN[*].HGVS_P	ANN[*].CDNA_POS	ANN[*].CDNA_LEN	ANN[*].CDS_POS	ANN[*].CDS_LEN	ANN[*].AA_POS	ANN[*].AA_LEN	ANN[*].DISTANCE	EFF[*].EFFECT	EFF[*].FUNCLASS	EFF[*].CODON	EFF[*].AA	EFF[*].AA_LEN
NC_045512.2	213	G	A	ORF1ab	gene-GU280_gp01	MODIFIER	upstream_gene_variant	transcript	TRANSCRIPT_gene-GU280_gp01	protein_coding	-1	c.-53G>A	.	-1	-1	-1	-1	-1	-1	53	upstream_gene_variant	NONE	c.-53G>A	.	-1
NC_045512.2	213	G	A	CHR_START-ORF1ab	CHR_START-gene-GU280_gp01	MODIFIER	intergenic_region	intergenic_region	CHR_START-gene-GU280_gp01	.	-1	n.213G>A	.	-1	-1	-1	-1	-1	-1	0	intergenic_region	NONE	n.213G>A	.	-1
NC_045512.2	241	C	T	ORF1ab	gene-GU280_gp01	MODIFIER	upstream_gene_variant	transcript	TRANSCRIPT_gene-GU280_gp01	protein_coding	-1	c.-25C>T	.	-1	-1	-1	-1	-1	-1	25	upstream_gene_variant	NONE	c.-25C>T	.	-1
NC_045512.2	241	C	T	CHR_START-ORF1ab	CHR_START-gene-GU280_gp01	MODIFIER	intergenic_region	intergenic_region	CHR_START-gene-GU280_gp01	.	-1	n.241C>T	.	-1	-1	-1	-1	-1	-1	0	intergenic_region	NONE	n.241C>T	.	-1
NC_045512.2	868	TA	T	ORF1ab	gene-GU280_gp01	HIGH	frameshift_variant	transcript	TRANSCRIPT_gene-GU280_gp01	protein_coding	1	c.606delA	p.Asp203fs	606	21290	606	21290	202	7095	0	frameshift_variant	NONE	c.606delA	p.Asp203fs	7095
NC_045512.2	884	C	T	ORF1ab	gene-GU280_gp01	MODERATE	missense_variant	transcript	TRANSCRIPT_gene-GU280_gp01	protein_coding	1	c.619C>T	p.Arg207Cys	619	21290	619	21290	207	7095	0	missense_variant	NONE	c.619C>T	p.Arg207Cys	7095
NC_045512.2	886	TG	T	ORF1ab	gene-GU280_gp01	HIGH	frameshift_variant	transcript	TRANSCRIPT_gene-GU280_gp01	protein_coding	1	c.622delG	p.Ala208fs	622	21290	622	21290	208	7095	0	frameshift_variant	NONE	c.622delG	p.Ala208fs	7095
NC_045512.2	891	G	C	ORF1ab	gene-GU280_gp01	MODERATE	missense_variant	transcript	TRANSCRIPT_gene-GU280_gp01	protein_coding	1	c.626G>C	p.Gly209Ala	626	21290	626	21290	209	7095	0	missense_variant	NONE	c.626G>C	p.Gly209Ala	7095
NC_045512.2	906	C	T	ORF1ab	gene-GU280_gp01	MODERATE	missense_variant	transcript	TRANSCRIPT_gene-GU280_gp01	protein_coding	1	c.641C>T	p.Thr214Ile	641	21290	641	21290	214	7095	0	missense_variant	NONE	c.641C>T	p.Thr214Ile	7095
NC_045512.2	2075	G	A	ORF1ab	gene-GU280_gp01	MODERATE	missense_variant	transcript	TRANSCRIPT_gene-GU280_gp01	protein_coding	1	c.1810G>A	p.Gly604Ser	1810	21290	1810	21290	604	7095	0	missense_variant	NONE	c.1810G>A	p.Gly604Ser	7095
NC_045512.2	2144	G	C	ORF1ab	gene-GU280_gp01	MODERATE	missense_variant	transcript	TRANSCRIPT_gene-GU280_gp01	protein_coding	1	c.1879G>C	p.Val627Leu	1879	21290	1879	21290	627	7095	0	missense_variant	NONE	c.1879G>C	p.Val627Leu	7095
NC_045512.2	2335	T	C	ORF1ab	gene-GU280_gp01	LOW	synonymous_variant	transcript	TRANSCRIPT_gene-GU280_gp01	protein_coding	1	c.2070T>C	p.Ala690Ala	2070	21290	2070	21290	690	7095	0	synonymous_variant	NONE	c.2070T>C	p.Ala690Ala	7095
NC_045512.2	2395	C	T	ORF1ab	gene-GU280_gp01	LOW	synonymous_variant	transcript	TRANSCRIPT_gene-GU280_gp01	protein_coding	1	c.2130C>T	p.Val710Val	2130	21290	2130	21290	710	7095	0	synonymous_variant	NONE	c.2130C>T	p.Val710Val	7095
NC_045512.2	2713	A	C	ORF1ab	gene-GU280_gp01	MODERATE	missense_variant	transcript	TRANSCRIPT_gene-GU280_gp01	protein_coding	1	c.2448A>C	p.Lys816Asn	2448	21290	2448	21290	816	7095	0	missense_variant	NONE	c.2448A>C	p.Lys816Asn	7095
NC_045512.2	3037	C	T	ORF1ab	gene-GU280_gp01	LOW	synonymous_variant	transcript	TRANSCRIPT_gene-GU280_gp01	protein_coding	1	c.2772C>T	p.Phe924Phe	2772	21290	2772	21290	924	7095	0	synonymous_variant	NONE	c.2772C>T	p.Phe924Phe	7095
NC_045512.2	3383	A	G	ORF1ab	gene-GU280_gp01	MODERATE	missense_variant	transcript	TRANSCRIPT_gene-GU280_gp01	protein_coding	1	c.3118A>G	p.Ile1040Val	3118	21290	3118	21290	1040	7095	0	missense_variant	NONE	c.3118A>G	p.Ile1040Val	7095
NC_045512.2	5500	A	G	ORF1ab	gene-GU280_gp01	LOW	synonymous_variant	transcript	TRANSCRIPT_gene-GU280_gp01	protein_coding	1	c.5235A>G	p.Lys1745Lys	5235	21290	5235	21290	1745	7095	0	synonymous_variant	NONE	c.5235A>G	p.Lys1745Lys	7095
NC_045512.2	5546	AC	A	ORF1ab	gene-GU280_gp01	HIGH	frameshift_variant	transcript	TRANSCRIPT_gene-GU280_gp01	protein_coding	1	c.5284delC	p.Lys1763fs	5284	21290	5284	21290	1762	7095	0	frameshift_variant	NONE	c.5284delC	p.Lys1763fs	7095
NC_045512.2	8907	T	C	ORF1ab	gene-GU280_gp01	MODERATE	missense_variant	transcript	TRANSCRIPT_gene-GU280_gp01	protein_coding	1	c.8642T>C	p.Phe2881Ser	8642	21290	8642	21290	2881	7095	0	missense_variant	NONE	c.8642T>C	p.Phe2881Ser	7095
NC_045512.2	9515	C	T	ORF1ab	gene-GU280_gp01	LOW	synonymous_variant	transcript	TRANSCRIPT_gene-GU280_gp01	protein_coding	1	c.9250C>T	p.Leu3084Leu	9250	21290	9250	21290	3084	7095	0	synonymous_variant	NONE	c.9250C>T	p.Leu3084Leu	7095
NC_045512.2	9523	T	C	ORF1ab	gene-GU280_gp01	LOW	synonymous_variant	transcript	TRANSCRIPT_gene-GU280_gp01	protein_coding	1	c.9258T>C	p.Leu3086Leu	9258	21290	9258	21290	3086	7095	0	synonymous_variant	NONE	c.9258T>C	p.Leu3086Leu	7095
NC_045512.2	9859	A	G	ORF1ab	gene-GU280_gp01	LOW	synonymous_variant	transcript	TRANSCRIPT_gene-GU280_gp01	protein_coding	1	c.9594A>G	p.Leu3198Leu	9594	21290	9594	21290	3198	7095	0	synonymous_variant	NONE	c.9594A>G	p.Leu3198Leu	7095
NC_045512.2	9941	T	G	ORF1ab	gene-GU280_gp01	MODERATE	missense_variant	transcript	TRANSCRIPT_gene-GU280_gp01	protein_coding	1	c.9676T>G	p.Tyr3226Asp	9676	21290	9676	21290	3226	7095	0	missense_variant	NONE	c.9676T>G	p.Tyr3226Asp	7095
NC_045512.2	10046	GT	G	ORF1ab	gene-GU280_gp01	HIGH	frameshift_variant	transcript	TRANSCRIPT_gene-GU280_gp01	protein_coding	1	c.9785delT	p.Leu3262fs	9785	21290	9785	21290	3262	7095	0	frameshift_variant	NONE	c.9785delT	p.Leu3262fs	7095
NC_045512.2	10059	GT	G	ORF1ab	gene-GU280_gp01	HIGH	frameshift_variant	transcript	TRANSCRIPT_gene-GU280_gp01	protein_coding	1	c.9798delT	p.Phe3266fs	9798	21290	9798	21290	3266	7095	0	frameshift_variant	NONE	c.9798delT	p.Phe3266fs	7095
NC_045512.2	10072	G	A	ORF1ab	gene-GU280_gp01	MODERATE	missense_variant	transcript	TRANSCRIPT_gene-GU280_gp01	protein_coding	1	c.9807G>A	p.Met3269Ile	9807	21290	9807	21290	3269	7095	0	missense_variant	NONE	c.9807G>A	p.Met3269Ile	7095
NC_045512.2	11828	G	T	ORF1ab	gene-GU280_gp01	MODERATE	missense_variant	transcript	TRANSCRIPT_gene-GU280_gp01	protein_coding	1	c.11563G>T	p.Val3855Leu	11563	21290	11563	21290	3855	7095	0	missense_variant	NONE	c.11563G>T	p.Val3855Leu	7095
NC_045512.2	12100	C	T	ORF1ab	gene-GU280_gp01	LOW	synonymous_variant	transcript	TRANSCRIPT_gene-GU280_gp01	protein_coding	1	c.11835C>T	p.Ala3945Ala	11835	21290	11835	21290	3945	7095	0	synonymous_variant	NONE	c.11835C>T	p.Ala3945Ala	7095
NC_045512.2	12129	C	G	ORF1ab	gene-GU280_gp01	MODERATE	missense_variant	transcript	TRANSCRIPT_gene-GU280_gp01	protein_coding	1	c.11864C>G	p.Ala3955Gly	11864	21290	11864	21290	3955	7095	0	missense_variant	NONE	c.11864C>G	p.Ala3955Gly	7095
NC_045512.2	13078	T	C	ORF1ab	gene-GU280_gp01	LOW	synonymous_variant	transcript	TRANSCRIPT_gene-GU280_gp01	protein_coding	1	c.12813T>C	p.Ala4271Ala	12813	21290	12813	21290	4271	7095	0	synonymous_variant	NONE	c.12813T>C	p.Ala4271Ala	7095
NC_045512.2	13117	A	G	ORF1ab	gene-GU280_gp01	LOW	synonymous_variant	transcript	TRANSCRIPT_gene-GU280_gp01	protein_coding	1	c.12852A>G	p.Leu4284Leu	12852	21290	12852	21290	4284	7095	0	synonymous_variant	NONE	c.12852A>G	p.Leu4284Leu	7095
NC_045512.2	13137	T	C	ORF1ab	gene-GU280_gp01	MODERATE	missense_variant	transcript	TRANSCRIPT_gene-GU280_gp01	protein_coding	1	c.12872T>C	p.Ile4291Thr	12872	21290	12872	21290	4291	7095	0	missense_variant	NONE	c.12872T>C	p.Ile4291Thr	7095
NC_045512.2	13159	G	GT	ORF1ab	gene-GU280_gp01	HIGH	frameshift_variant	transcript	TRANSCRIPT_gene-GU280_gp01	protein_coding	1	c.12895dupT	p.Cys4299fs	12896	21290	12896	21290	4299	7095	0	frameshift_variant	NONE	c.12895dupT	p.Cys4299fs	7095
NC_045512.2	13171	T	C	ORF1ab	gene-GU280_gp01	LOW	synonymous_variant	transcript	TRANSCRIPT_gene-GU280_gp01	protein_coding	1	c.12906T>C	p.Thr4302Thr	12906	21290	12906	21290	4302	7095	0	synonymous_variant	NONE	c.12906T>C	p.Thr4302Thr	7095
NC_045512.2	13184	G	C	ORF1ab	gene-GU280_gp01	MODERATE	missense_variant	transcript	TRANSCRIPT_gene-GU280_gp01	protein_coding	1	c.12919G>C	p.Ala4307Pro	12919	21290	12919	21290	4307	7095	0	missense_variant	NONE	c.12919G>C	p.Ala4307Pro	7095
NC_045512.2	13185	CA	C	ORF1ab	gene-GU280_gp01	HIGH	frameshift_variant	transcript	TRANSCRIPT_gene-GU280_gp01	protein_coding	1	c.12922delA	p.Ile4308fs	12922	21290	12922	21290	4308	7095	0	frameshift_variant	NONE	c.12922delA	p.Ile4308fs	7095
NC_045512.2	13204	A	G	ORF1ab	gene-GU280_gp01	LOW	synonymous_variant	transcript	TRANSCRIPT_gene-GU280_gp01	protein_coding	1	c.12939A>G	p.Glu4313Glu	12939	21290	12939	21290	4313	7095	0	synonymous_variant	NONE	c.12939A>G	p.Glu4313Glu	7095
NC_045512.2	13223	T	C	ORF1ab	gene-GU280_gp01	MODERATE	missense_variant	transcript	TRANSCRIPT_gene-GU280_gp01	protein_coding	1	c.12958T>C	p.Ser4320Pro	12958	21290	12958	21290	4320	7095	0	missense_variant	NONE	c.12958T>C	p.Ser4320Pro	7095
NC_045512.2	13235	G	GT	ORF1ab	gene-GU280_gp01	HIGH	frameshift_variant	transcript	TRANSCRIPT_gene-GU280_gp01	protein_coding	1	c.12970_12971insT	p.Ala4324fs	12971	21290	12971	21290	4324	7095	0	frameshift_variant	NONE	c.12970_12971insT	p.Ala4324fs	7095
NC_045512.2	13237	A	G	ORF1ab	gene-GU280_gp01	LOW	synonymous_variant	transcript	TRANSCRIPT_gene-GU280_gp01	protein_coding	1	c.12972A>G	p.Ala4324Ala	12972	21290	12972	21290	4324	7095	0	synonymous_variant	NONE	c.12972A>G	p.Ala4324Ala	7095
NC_045512.2	15349	G	A	ORF1ab	gene-GU280_gp01	LOW	synonymous_variant	transcript	TRANSCRIPT_gene-GU280_gp01	protein_coding	1	c.15084G>A	p.Leu5028Leu	15084	21290	15084	21290	5028	7095	0	synonymous_variant	NONE	c.15084G>A	p.Leu5028Leu	7095
NC_045512.2	15443	T	C	ORF1ab	gene-GU280_gp01	MODERATE	missense_variant	transcript	TRANSCRIPT_gene-GU280_gp01	protein_coding	1	c.15178T>C	p.Cys5060Arg	15178	21290	15178	21290	5060	7095	0	missense_variant	NONE	c.15178T>C	p.Cys5060Arg	7095
NC_045512.2	15728	TTG	T	ORF1ab	gene-GU280_gp01	HIGH	frameshift_variant	transcript	TRANSCRIPT_gene-GU280_gp01	protein_coding	1	c.15469_15470delGT	p.Val5157fs	15469	21290	15469	21290	5157	7095	0	frameshift_variant	NONE	c.15469_15470delGT	p.Val5157fs	7095
NC_045512.2	15947	G	C	ORF1ab	gene-GU280_gp01	MODERATE	missense_variant	transcript	TRANSCRIPT_gene-GU280_gp01	protein_coding	1	c.15682G>C	p.Glu5228Gln	15682	21290	15682	21290	5228	7095	0	missense_variant	NONE	c.15682G>C	p.Glu5228Gln	7095
NC_045512.2	15981	C	T	ORF1ab	gene-GU280_gp01	MODERATE	missense_variant	transcript	TRANSCRIPT_gene-GU280_gp01	protein_coding	1	c.15716C>T	p.Ser5239Leu	15716	21290	15716	21290	5239	7095	0	missense_variant	NONE	c.15716C>T	p.Ser5239Leu	7095
NC_045512.2	17103	T	C	ORF1ab	gene-GU280_gp01	MODERATE	missense_variant	transcript	TRANSCRIPT_gene-GU280_gp01	protein_coding	1	c.16838T>C	p.Val5613Ala	16838	21290	16838	21290	5613	7095	0	missense_variant	NONE	c.16838T>C	p.Val5613Ala	7095
NC_045512.2	17103	T	C	S	gene-GU280_gp02	MODIFIER	upstream_gene_variant	transcript	TRANSCRIPT_gene-GU280_gp02	protein_coding	-1	c.-4460T>C	.	-1	-1	-1	-1	-1	-1	4460	upstream_gene_variant	NONE	c.-4460T>C	.	-1
NC_045512.2	17344	A	G	ORF1ab	gene-GU280_gp01	MODERATE	missense_variant	transcript	TRANSCRIPT_gene-GU280_gp01	protein_coding	1	c.17079A>G	p.Ile5693Met	17079	21290	17079	21290	5693	7095	0	missense_variant	NONE	c.17079A>G	p.Ile5693Met	7095
NC_045512.2	17344	A	G	S	gene-GU280_gp02	MODIFIER	upstream_gene_variant	transcript	TRANSCRIPT_gene-GU280_gp02	protein_coding	-1	c.-4219A>G	.	-1	-1	-1	-1	-1	-1	4219	upstream_gene_variant	NONE	c.-4219A>G	.	-1
NC_045512.2	17386	T	C	ORF1ab	gene-GU280_gp01	LOW	synonymous_variant	transcript	TRANSCRIPT_gene-GU280_gp01	protein_coding	1	c.17121T>C	p.Ile5707Ile	17121	21290	17121	21290	5707	7095	0	synonymous_variant	NONE	c.17121T>C	p.Ile5707Ile	7095
NC_045512.2	17386	T	C	S	gene-GU280_gp02	MODIFIER	upstream_gene_variant	transcript	TRANSCRIPT_gene-GU280_gp02	protein_coding	-1	c.-4177T>C	.	-1	-1	-1	-1	-1	-1	4177	upstream_gene_variant	NONE	c.-4177T>C	.	-1
NC_045512.2	17752	T	G	ORF1ab	gene-GU280_gp01	LOW	synonymous_variant	transcript	TRANSCRIPT_gene-GU280_gp01	protein_coding	1	c.17487T>G	p.Leu5829Leu	17487	21290	17487	21290	5829	7095	0	synonymous_variant	NONE	c.17487T>G	p.Leu5829Leu	7095
NC_045512.2	17752	T	G	S	gene-GU280_gp02	MODIFIER	upstream_gene_variant	transcript	TRANSCRIPT_gene-GU280_gp02	protein_coding	-1	c.-3811T>G	.	-1	-1	-1	-1	-1	-1	3811	upstream_gene_variant	NONE	c.-3811T>G	.	-1
NC_045512.2	17755	AG	A	ORF1ab	gene-GU280_gp01	HIGH	frameshift_variant	transcript	TRANSCRIPT_gene-GU280_gp01	protein_coding	1	c.17491delG	p.Glu5831fs	17491	21290	17491	21290	5831	7095	0	frameshift_variant	NONE	c.17491delG	p.Glu5831fs	7095
NC_045512.2	17755	AG	A	S	gene-GU280_gp02	MODIFIER	upstream_gene_variant	transcript	TRANSCRIPT_gene-GU280_gp02	protein_coding	-1	c.-3807delG	.	-1	-1	-1	-1	-1	-1	3807	upstream_gene_variant	NONE	c.-3807delG	.	-1
NC_045512.2	17791	A	AC	ORF1ab	gene-GU280_gp01	HIGH	frameshift_variant	transcript	TRANSCRIPT_gene-GU280_gp01	protein_coding	1	c.17526_17527insC	p.Met5843fs	17527	21290	17527	21290	5843	7095	0	frameshift_variant	NONE	c.17526_17527insC	p.Met5843fs	7095
NC_045512.2	17791	A	AC	S	gene-GU280_gp02	MODIFIER	upstream_gene_variant	transcript	TRANSCRIPT_gene-GU280_gp02	protein_coding	-1	c.-3772_-3771insC	.	-1	-1	-1	-1	-1	-1	3771	upstream_gene_variant	NONE	c.-3772_-3771insC	.	-1
NC_045512.2	18300	T	C	ORF1ab	gene-GU280_gp01	MODERATE	missense_variant	transcript	TRANSCRIPT_gene-GU280_gp01	protein_coding	1	c.18035T>C	p.Leu6012Ser	18035	21290	18035	21290	6012	7095	0	missense_variant	NONE	c.18035T>C	p.Leu6012Ser	7095
NC_045512.2	18300	T	C	S	gene-GU280_gp02	MODIFIER	upstream_gene_variant	transcript	TRANSCRIPT_gene-GU280_gp02	protein_coding	-1	c.-3263T>C	.	-1	-1	-1	-1	-1	-1	3263	upstream_gene_variant	NONE	c.-3263T>C	.	-1
NC_045512.2	18350	A	T	ORF1ab	gene-GU280_gp01	MODERATE	missense_variant	transcript	TRANSCRIPT_gene-GU280_gp01	protein_coding	1	c.18085A>T	p.Ile6029Phe	18085	21290	18085	21290	6029	7095	0	missense_variant	NONE	c.18085A>T	p.Ile6029Phe	7095
NC_045512.2	18350	A	T	S	gene-GU280_gp02	MODIFIER	upstream_gene_variant	transcript	TRANSCRIPT_gene-GU280_gp02	protein_coding	-1	c.-3213A>T	.	-1	-1	-1	-1	-1	-1	3213	upstream_gene_variant	NONE	c.-3213A>T	.	-1
NC_045512.2	18424	A	G	ORF1ab	gene-GU280_gp01	LOW	synonymous_variant	transcript	TRANSCRIPT_gene-GU280_gp01	protein_coding	1	c.18159A>G	p.Leu6053Leu	18159	21290	18159	21290	6053	7095	0	synonymous_variant	NONE	c.18159A>G	p.Leu6053Leu	7095
NC_045512.2	18424	A	G	S	gene-GU280_gp02	MODIFIER	upstream_gene_variant	transcript	TRANSCRIPT_gene-GU280_gp02	protein_coding	-1	c.-3139A>G	.	-1	-1	-1	-1	-1	-1	3139	upstream_gene_variant	NONE	c.-3139A>G	.	-1
NC_045512.2	21199	T	C	ORF1ab	gene-GU280_gp01	LOW	synonymous_variant	transcript	TRANSCRIPT_gene-GU280_gp01	protein_coding	1	c.20934T>C	p.Phe6978Phe	20934	21290	20934	21290	6978	7095	0	synonymous_variant	NONE	c.20934T>C	p.Phe6978Phe	7095
NC_045512.2	21199	T	C	S	gene-GU280_gp02	MODIFIER	upstream_gene_variant	transcript	TRANSCRIPT_gene-GU280_gp02	protein_coding	-1	c.-364T>C	.	-1	-1	-1	-1	-1	-1	364	upstream_gene_variant	NONE	c.-364T>C	.	-1
NC_045512.2	21199	T	C	ORF3a	gene-GU280_gp03	MODIFIER	upstream_gene_variant	transcript	TRANSCRIPT_gene-GU280_gp03	protein_coding	-1	c.-4194T>C	.	-1	-1	-1	-1	-1	-1	4194	upstream_gene_variant	NONE	c.-4194T>C	.	-1
NC_045512.2	21259	T	C	ORF1ab	gene-GU280_gp01	LOW	synonymous_variant	transcript	TRANSCRIPT_gene-GU280_gp01	protein_coding	1	c.20994T>C	p.His6998His	20994	21290	20994	21290	6998	7095	0	synonymous_variant	NONE	c.20994T>C	p.His6998His	7095
NC_045512.2	21259	T	C	S	gene-GU280_gp02	MODIFIER	upstream_gene_variant	transcript	TRANSCRIPT_gene-GU280_gp02	protein_coding	-1	c.-304T>C	.	-1	-1	-1	-1	-1	-1	304	upstream_gene_variant	NONE	c.-304T>C	.	-1
NC_045512.2	21259	T	C	ORF3a	gene-GU280_gp03	MODIFIER	upstream_gene_variant	transcript	TRANSCRIPT_gene-GU280_gp03	protein_coding	-1	c.-4134T>C	.	-1	-1	-1	-1	-1	-1	4134	upstream_gene_variant	NONE	c.-4134T>C	.	-1
NC_045512.2	21259	T	C	E	gene-GU280_gp04	MODIFIER	upstream_gene_variant	transcript	TRANSCRIPT_gene-GU280_gp04	protein_coding	-1	c.-4986T>C	.	-1	-1	-1	-1	-1	-1	4986	upstream_gene_variant	NONE	c.-4986T>C	.	-1
NC_045512.2	21304	C	T	ORF1ab	gene-GU280_gp01	LOW	synonymous_variant	transcript	TRANSCRIPT_gene-GU280_gp01	protein_coding	1	c.21039C>T	p.His7013His	21039	21290	21039	21290	7013	7095	0	synonymous_variant	NONE	c.21039C>T	p.His7013His	7095
NC_045512.2	21304	C	T	S	gene-GU280_gp02	MODIFIER	upstream_gene_variant	transcript	TRANSCRIPT_gene-GU280_gp02	protein_coding	-1	c.-259C>T	.	-1	-1	-1	-1	-1	-1	259	upstream_gene_variant	NONE	c.-259C>T	.	-1
NC_045512.2	21304	C	T	ORF3a	gene-GU280_gp03	MODIFIER	upstream_gene_variant	transcript	TRANSCRIPT_gene-GU280_gp03	protein_coding	-1	c.-4089C>T	.	-1	-1	-1	-1	-1	-1	4089	upstream_gene_variant	NONE	c.-4089C>T	.	-1
NC_045512.2	21304	C	T	E	gene-GU280_gp04	MODIFIER	upstream_gene_variant	transcript	TRANSCRIPT_gene-GU280_gp04	protein_coding	-1	c.-4941C>T	.	-1	-1	-1	-1	-1	-1	4941	upstream_gene_variant	NONE	c.-4941C>T	.	-1
NC_045512.2	21330	G	A	ORF1ab	gene-GU280_gp01	MODERATE	missense_variant	transcript	TRANSCRIPT_gene-GU280_gp01	protein_coding	1	c.21065G>A	p.Cys7022Tyr	21065	21290	21065	21290	7022	7095	0	missense_variant	NONE	c.21065G>A	p.Cys7022Tyr	7095
NC_045512.2	21330	G	A	S	gene-GU280_gp02	MODIFIER	upstream_gene_variant	transcript	TRANSCRIPT_gene-GU280_gp02	protein_coding	-1	c.-233G>A	.	-1	-1	-1	-1	-1	-1	233	upstream_gene_variant	NONE	c.-233G>A	.	-1
NC_045512.2	21330	G	A	ORF3a	gene-GU280_gp03	MODIFIER	upstream_gene_variant	transcript	TRANSCRIPT_gene-GU280_gp03	protein_coding	-1	c.-4063G>A	.	-1	-1	-1	-1	-1	-1	4063	upstream_gene_variant	NONE	c.-4063G>A	.	-1
NC_045512.2	21330	G	A	E	gene-GU280_gp04	MODIFIER	upstream_gene_variant	transcript	TRANSCRIPT_gene-GU280_gp04	protein_coding	-1	c.-4915G>A	.	-1	-1	-1	-1	-1	-1	4915	upstream_gene_variant	NONE	c.-4915G>A	.	-1
NC_045512.2	21346	T	C	ORF1ab	gene-GU280_gp01	LOW	synonymous_variant	transcript	TRANSCRIPT_gene-GU280_gp01	protein_coding	1	c.21081T>C	p.Tyr7027Tyr	21081	21290	21081	21290	7027	7095	0	synonymous_variant	NONE	c.21081T>C	p.Tyr7027Tyr	7095
NC_045512.2	21346	T	C	S	gene-GU280_gp02	MODIFIER	upstream_gene_variant	transcript	TRANSCRIPT_gene-GU280_gp02	protein_coding	-1	c.-217T>C	.	-1	-1	-1	-1	-1	-1	217	upstream_gene_variant	NONE	c.-217T>C	.	-1
NC_045512.2	21346	T	C	ORF3a	gene-GU280_gp03	MODIFIER	upstream_gene_variant	transcript	TRANSCRIPT_gene-GU280_gp03	protein_coding	-1	c.-4047T>C	.	-1	-1	-1	-1	-1	-1	4047	upstream_gene_variant	NONE	c.-4047T>C	.	-1
NC_045512.2	21346	T	C	E	gene-GU280_gp04	MODIFIER	upstream_gene_variant	transcript	TRANSCRIPT_gene-GU280_gp04	protein_coding	-1	c.-4899T>C	.	-1	-1	-1	-1	-1	-1	4899	upstream_gene_variant	NONE	c.-4899T>C	.	-1
NC_045512.2	22177	T	G	S	gene-GU280_gp02	LOW	synonymous_variant	transcript	TRANSCRIPT_gene-GU280_gp02	protein_coding	1	c.615T>G	p.Ser205Ser	615	3822	615	3822	205	1273	0	synonymous_variant	NONE	c.615T>G	p.Ser205Ser	1273
NC_045512.2	22177	T	G	ORF3a	gene-GU280_gp03	MODIFIER	upstream_gene_variant	transcript	TRANSCRIPT_gene-GU280_gp03	protein_coding	-1	c.-3216T>G	.	-1	-1	-1	-1	-1	-1	3216	upstream_gene_variant	NONE	c.-3216T>G	.	-1
NC_045512.2	22177	T	G	E	gene-GU280_gp04	MODIFIER	upstream_gene_variant	transcript	TRANSCRIPT_gene-GU280_gp04	protein_coding	-1	c.-4068T>G	.	-1	-1	-1	-1	-1	-1	4068	upstream_gene_variant	NONE	c.-4068T>G	.	-1
NC_045512.2	22177	T	G	M	gene-GU280_gp05	MODIFIER	upstream_gene_variant	transcript	TRANSCRIPT_gene-GU280_gp05	protein_coding	-1	c.-4346T>G	.	-1	-1	-1	-1	-1	-1	4346	upstream_gene_variant	NONE	c.-4346T>G	.	-1
NC_045512.2	22177	T	G	ORF1ab	gene-GU280_gp01	MODIFIER	downstream_gene_variant	transcript	TRANSCRIPT_gene-GU280_gp01	protein_coding	-1	c.*622T>G	.	-1	-1	-1	-1	-1	-1	622	downstream_gene_variant	NONE	c.*622T>G	.	-1
NC_045512.2	22218	GT	G	S	gene-GU280_gp02	HIGH	frameshift_variant	transcript	TRANSCRIPT_gene-GU280_gp02	protein_coding	1	c.661delT	p.Ser221fs	661	3822	661	3822	221	1273	0	frameshift_variant	NONE	c.661delT	p.Ser221fs	1273
NC_045512.2	22218	GT	G	ORF3a	gene-GU280_gp03	MODIFIER	upstream_gene_variant	transcript	TRANSCRIPT_gene-GU280_gp03	protein_coding	-1	c.-3174delT	.	-1	-1	-1	-1	-1	-1	3174	upstream_gene_variant	NONE	c.-3174delT	.	-1
NC_045512.2	22218	GT	G	E	gene-GU280_gp04	MODIFIER	upstream_gene_variant	transcript	TRANSCRIPT_gene-GU280_gp04	protein_coding	-1	c.-4026delT	.	-1	-1	-1	-1	-1	-1	4026	upstream_gene_variant	NONE	c.-4026delT	.	-1
NC_045512.2	22218	GT	G	M	gene-GU280_gp05	MODIFIER	upstream_gene_variant	transcript	TRANSCRIPT_gene-GU280_gp05	protein_coding	-1	c.-4304delT	.	-1	-1	-1	-1	-1	-1	4304	upstream_gene_variant	NONE	c.-4304delT	.	-1
NC_045512.2	22218	GT	G	ORF6	gene-GU280_gp06	MODIFIER	upstream_gene_variant	transcript	TRANSCRIPT_gene-GU280_gp06	protein_coding	-1	c.-4983delT	.	-1	-1	-1	-1	-1	-1	4983	upstream_gene_variant	NONE	c.-4983delT	.	-1
NC_045512.2	22218	GT	G	ORF1ab	gene-GU280_gp01	MODIFIER	downstream_gene_variant	transcript	TRANSCRIPT_gene-GU280_gp01	protein_coding	-1	c.*664delT	.	-1	-1	-1	-1	-1	-1	664	downstream_gene_variant	NONE	c.*664delT	.	-1
NC_045512.2	22276	T	C	S	gene-GU280_gp02	LOW	synonymous_variant	transcript	TRANSCRIPT_gene-GU280_gp02	protein_coding	1	c.714T>C	p.Phe238Phe	714	3822	714	3822	238	1273	0	synonymous_variant	NONE	c.714T>C	p.Phe238Phe	1273
NC_045512.2	22276	T	C	ORF3a	gene-GU280_gp03	MODIFIER	upstream_gene_variant	transcript	TRANSCRIPT_gene-GU280_gp03	protein_coding	-1	c.-3117T>C	.	-1	-1	-1	-1	-1	-1	3117	upstream_gene_variant	NONE	c.-3117T>C	.	-1
NC_045512.2	22276	T	C	E	gene-GU280_gp04	MODIFIER	upstream_gene_variant	transcript	TRANSCRIPT_gene-GU280_gp04	protein_coding	-1	c.-3969T>C	.	-1	-1	-1	-1	-1	-1	3969	upstream_gene_variant	NONE	c.-3969T>C	.	-1
NC_045512.2	22276	T	C	M	gene-GU280_gp05	MODIFIER	upstream_gene_variant	transcript	TRANSCRIPT_gene-GU280_gp05	protein_coding	-1	c.-4247T>C	.	-1	-1	-1	-1	-1	-1	4247	upstream_gene_variant	NONE	c.-4247T>C	.	-1
NC_045512.2	22276	T	C	ORF6	gene-GU280_gp06	MODIFIER	upstream_gene_variant	transcript	TRANSCRIPT_gene-GU280_gp06	protein_coding	-1	c.-4926T>C	.	-1	-1	-1	-1	-1	-1	4926	upstream_gene_variant	NONE	c.-4926T>C	.	-1
NC_045512.2	22276	T	C	ORF1ab	gene-GU280_gp01	MODIFIER	downstream_gene_variant	transcript	TRANSCRIPT_gene-GU280_gp01	protein_coding	-1	c.*721T>C	.	-1	-1	-1	-1	-1	-1	721	downstream_gene_variant	NONE	c.*721T>C	.	-1
NC_045512.2	22917	T	G	S	gene-GU280_gp02	MODERATE	missense_variant	transcript	TRANSCRIPT_gene-GU280_gp02	protein_coding	1	c.1355T>G	p.Leu452Arg	1355	3822	1355	3822	452	1273	0	missense_variant	NONE	c.1355T>G	p.Leu452Arg	1273
NC_045512.2	22917	T	G	ORF3a	gene-GU280_gp03	MODIFIER	upstream_gene_variant	transcript	TRANSCRIPT_gene-GU280_gp03	protein_coding	-1	c.-2476T>G	.	-1	-1	-1	-1	-1	-1	2476	upstream_gene_variant	NONE	c.-2476T>G	.	-1
NC_045512.2	22917	T	G	E	gene-GU280_gp04	MODIFIER	upstream_gene_variant	transcript	TRANSCRIPT_gene-GU280_gp04	protein_coding	-1	c.-3328T>G	.	-1	-1	-1	-1	-1	-1	3328	upstream_gene_variant	NONE	c.-3328T>G	.	-1
NC_045512.2	22917	T	G	M	gene-GU280_gp05	MODIFIER	upstream_gene_variant	transcript	TRANSCRIPT_gene-GU280_gp05	protein_coding	-1	c.-3606T>G	.	-1	-1	-1	-1	-1	-1	3606	upstream_gene_variant	NONE	c.-3606T>G	.	-1
NC_045512.2	22917	T	G	ORF6	gene-GU280_gp06	MODIFIER	upstream_gene_variant	transcript	TRANSCRIPT_gene-GU280_gp06	protein_coding	-1	c.-4285T>G	.	-1	-1	-1	-1	-1	-1	4285	upstream_gene_variant	NONE	c.-4285T>G	.	-1
NC_045512.2	22917	T	G	ORF7a	gene-GU280_gp07	MODIFIER	upstream_gene_variant	transcript	TRANSCRIPT_gene-GU280_gp07	protein_coding	-1	c.-4477T>G	.	-1	-1	-1	-1	-1	-1	4477	upstream_gene_variant	NONE	c.-4477T>G	.	-1
NC_045512.2	22917	T	G	ORF7b	gene-GU280_gp08	MODIFIER	upstream_gene_variant	transcript	TRANSCRIPT_gene-GU280_gp08	protein_coding	-1	c.-4839T>G	.	-1	-1	-1	-1	-1	-1	4839	upstream_gene_variant	NONE	c.-4839T>G	.	-1
NC_045512.2	22917	T	G	ORF8	gene-GU280_gp09	MODIFIER	upstream_gene_variant	transcript	TRANSCRIPT_gene-GU280_gp09	protein_coding	-1	c.-4977T>G	.	-1	-1	-1	-1	-1	-1	4977	upstream_gene_variant	NONE	c.-4977T>G	.	-1
NC_045512.2	22917	T	G	ORF1ab	gene-GU280_gp01	MODIFIER	downstream_gene_variant	transcript	TRANSCRIPT_gene-GU280_gp01	protein_coding	-1	c.*1362T>G	.	-1	-1	-1	-1	-1	-1	1362	downstream_gene_variant	NONE	c.*1362T>G	.	-1
NC_045512.2	23438	G	T	S	gene-GU280_gp02	MODERATE	missense_variant	transcript	TRANSCRIPT_gene-GU280_gp02	protein_coding	1	c.1876G>T	p.Ala626Ser	1876	3822	1876	3822	626	1273	0	missense_variant	NONE	c.1876G>T	p.Ala626Ser	1273
NC_045512.2	23438	G	T	ORF3a	gene-GU280_gp03	MODIFIER	upstream_gene_variant	transcript	TRANSCRIPT_gene-GU280_gp03	protein_coding	-1	c.-1955G>T	.	-1	-1	-1	-1	-1	-1	1955	upstream_gene_variant	NONE	c.-1955G>T	.	-1
NC_045512.2	23438	G	T	E	gene-GU280_gp04	MODIFIER	upstream_gene_variant	transcript	TRANSCRIPT_gene-GU280_gp04	protein_coding	-1	c.-2807G>T	.	-1	-1	-1	-1	-1	-1	2807	upstream_gene_variant	NONE	c.-2807G>T	.	-1
NC_045512.2	23438	G	T	M	gene-GU280_gp05	MODIFIER	upstream_gene_variant	transcript	TRANSCRIPT_gene-GU280_gp05	protein_coding	-1	c.-3085G>T	.	-1	-1	-1	-1	-1	-1	3085	upstream_gene_variant	NONE	c.-3085G>T	.	-1
NC_045512.2	23438	G	T	ORF6	gene-GU280_gp06	MODIFIER	upstream_gene_variant	transcript	TRANSCRIPT_gene-GU280_gp06	protein_coding	-1	c.-3764G>T	.	-1	-1	-1	-1	-1	-1	3764	upstream_gene_variant	NONE	c.-3764G>T	.	-1
NC_045512.2	23438	G	T	ORF7a	gene-GU280_gp07	MODIFIER	upstream_gene_variant	transcript	TRANSCRIPT_gene-GU280_gp07	protein_coding	-1	c.-3956G>T	.	-1	-1	-1	-1	-1	-1	3956	upstream_gene_variant	NONE	c.-3956G>T	.	-1
NC_045512.2	23438	G	T	ORF7b	gene-GU280_gp08	MODIFIER	upstream_gene_variant	transcript	TRANSCRIPT_gene-GU280_gp08	protein_coding	-1	c.-4318G>T	.	-1	-1	-1	-1	-1	-1	4318	upstream_gene_variant	NONE	c.-4318G>T	.	-1
NC_045512.2	23438	G	T	ORF8	gene-GU280_gp09	MODIFIER	upstream_gene_variant	transcript	TRANSCRIPT_gene-GU280_gp09	protein_coding	-1	c.-4456G>T	.	-1	-1	-1	-1	-1	-1	4456	upstream_gene_variant	NONE	c.-4456G>T	.	-1
NC_045512.2	23438	G	T	N	gene-GU280_gp10	MODIFIER	upstream_gene_variant	transcript	TRANSCRIPT_gene-GU280_gp10	protein_coding	-1	c.-4836G>T	.	-1	-1	-1	-1	-1	-1	4836	upstream_gene_variant	NONE	c.-4836G>T	.	-1
NC_045512.2	23438	G	T	ORF1ab	gene-GU280_gp01	MODIFIER	downstream_gene_variant	transcript	TRANSCRIPT_gene-GU280_gp01	protein_coding	-1	c.*1883G>T	.	-1	-1	-1	-1	-1	-1	1883	downstream_gene_variant	NONE	c.*1883G>T	.	-1
NC_045512.2	23590	T	C	S	gene-GU280_gp02	LOW	synonymous_variant	transcript	TRANSCRIPT_gene-GU280_gp02	protein_coding	1	c.2028T>C	p.Thr676Thr	2028	3822	2028	3822	676	1273	0	synonymous_variant	NONE	c.2028T>C	p.Thr676Thr	1273
NC_045512.2	23590	T	C	ORF3a	gene-GU280_gp03	MODIFIER	upstream_gene_variant	transcript	TRANSCRIPT_gene-GU280_gp03	protein_coding	-1	c.-1803T>C	.	-1	-1	-1	-1	-1	-1	1803	upstream_gene_variant	NONE	c.-1803T>C	.	-1
NC_045512.2	23590	T	C	E	gene-GU280_gp04	MODIFIER	upstream_gene_variant	transcript	TRANSCRIPT_gene-GU280_gp04	protein_coding	-1	c.-2655T>C	.	-1	-1	-1	-1	-1	-1	2655	upstream_gene_variant	NONE	c.-2655T>C	.	-1
NC_045512.2	23590	T	C	M	gene-GU280_gp05	MODIFIER	upstream_gene_variant	transcript	TRANSCRIPT_gene-GU280_gp05	protein_coding	-1	c.-2933T>C	.	-1	-1	-1	-1	-1	-1	2933	upstream_gene_variant	NONE	c.-2933T>C	.	-1
NC_045512.2	23590	T	C	ORF6	gene-GU280_gp06	MODIFIER	upstream_gene_variant	transcript	TRANSCRIPT_gene-GU280_gp06	protein_coding	-1	c.-3612T>C	.	-1	-1	-1	-1	-1	-1	3612	upstream_gene_variant	NONE	c.-3612T>C	.	-1
NC_045512.2	23590	T	C	ORF7a	gene-GU280_gp07	MODIFIER	upstream_gene_variant	transcript	TRANSCRIPT_gene-GU280_gp07	protein_coding	-1	c.-3804T>C	.	-1	-1	-1	-1	-1	-1	3804	upstream_gene_variant	NONE	c.-3804T>C	.	-1
NC_045512.2	23590	T	C	ORF7b	gene-GU280_gp08	MODIFIER	upstream_gene_variant	transcript	TRANSCRIPT_gene-GU280_gp08	protein_coding	-1	c.-4166T>C	.	-1	-1	-1	-1	-1	-1	4166	upstream_gene_variant	NONE	c.-4166T>C	.	-1
NC_045512.2	23590	T	C	ORF8	gene-GU280_gp09	MODIFIER	upstream_gene_variant	transcript	TRANSCRIPT_gene-GU280_gp09	protein_coding	-1	c.-4304T>C	.	-1	-1	-1	-1	-1	-1	4304	upstream_gene_variant	NONE	c.-4304T>C	.	-1
NC_045512.2	23590	T	C	N	gene-GU280_gp10	MODIFIER	upstream_gene_variant	transcript	TRANSCRIPT_gene-GU280_gp10	protein_coding	-1	c.-4684T>C	.	-1	-1	-1	-1	-1	-1	4684	upstream_gene_variant	NONE	c.-4684T>C	.	-1
NC_045512.2	23590	T	C	ORF1ab	gene-GU280_gp01	MODIFIER	downstream_gene_variant	transcript	TRANSCRIPT_gene-GU280_gp01	protein_coding	-1	c.*2035T>C	.	-1	-1	-1	-1	-1	-1	2035	downstream_gene_variant	NONE	c.*2035T>C	.	-1
NC_045512.2	24270	C	G	S	gene-GU280_gp02	MODERATE	missense_variant	transcript	TRANSCRIPT_gene-GU280_gp02	protein_coding	1	c.2708C>G	p.Ala903Gly	2708	3822	2708	3822	903	1273	0	missense_variant	NONE	c.2708C>G	p.Ala903Gly	1273
NC_045512.2	24270	C	G	ORF3a	gene-GU280_gp03	MODIFIER	upstream_gene_variant	transcript	TRANSCRIPT_gene-GU280_gp03	protein_coding	-1	c.-1123C>G	.	-1	-1	-1	-1	-1	-1	1123	upstream_gene_variant	NONE	c.-1123C>G	.	-1
NC_045512.2	24270	C	G	E	gene-GU280_gp04	MODIFIER	upstream_gene_variant	transcript	TRANSCRIPT_gene-GU280_gp04	protein_coding	-1	c.-1975C>G	.	-1	-1	-1	-1	-1	-1	1975	upstream_gene_variant	NONE	c.-1975C>G	.	-1
NC_045512.2	24270	C	G	M	gene-GU280_gp05	MODIFIER	upstream_gene_variant	transcript	TRANSCRIPT_gene-GU280_gp05	protein_coding	-1	c.-2253C>G	.	-1	-1	-1	-1	-1	-1	2253	upstream_gene_variant	NONE	c.-2253C>G	.	-1
NC_045512.2	24270	C	G	ORF6	gene-GU280_gp06	MODIFIER	upstream_gene_variant	transcript	TRANSCRIPT_gene-GU280_gp06	protein_coding	-1	c.-2932C>G	.	-1	-1	-1	-1	-1	-1	2932	upstream_gene_variant	NONE	c.-2932C>G	.	-1
NC_045512.2	24270	C	G	ORF7a	gene-GU280_gp07	MODIFIER	upstream_gene_variant	transcript	TRANSCRIPT_gene-GU280_gp07	protein_coding	-1	c.-3124C>G	.	-1	-1	-1	-1	-1	-1	3124	upstream_gene_variant	NONE	c.-3124C>G	.	-1
NC_045512.2	24270	C	G	ORF7b	gene-GU280_gp08	MODIFIER	upstream_gene_variant	transcript	TRANSCRIPT_gene-GU280_gp08	protein_coding	-1	c.-3486C>G	.	-1	-1	-1	-1	-1	-1	3486	upstream_gene_variant	NONE	c.-3486C>G	.	-1
NC_045512.2	24270	C	G	ORF8	gene-GU280_gp09	MODIFIER	upstream_gene_variant	transcript	TRANSCRIPT_gene-GU280_gp09	protein_coding	-1	c.-3624C>G	.	-1	-1	-1	-1	-1	-1	3624	upstream_gene_variant	NONE	c.-3624C>G	.	-1
NC_045512.2	24270	C	G	N	gene-GU280_gp10	MODIFIER	upstream_gene_variant	transcript	TRANSCRIPT_gene-GU280_gp10	protein_coding	-1	c.-4004C>G	.	-1	-1	-1	-1	-1	-1	4004	upstream_gene_variant	NONE	c.-4004C>G	.	-1
NC_045512.2	24270	C	G	ORF1ab	gene-GU280_gp01	MODIFIER	downstream_gene_variant	transcript	TRANSCRIPT_gene-GU280_gp01	protein_coding	-1	c.*2715C>G	.	-1	-1	-1	-1	-1	-1	2715	downstream_gene_variant	NONE	c.*2715C>G	.	-1
NC_045512.2	24277	G	A	S	gene-GU280_gp02	LOW	synonymous_variant	transcript	TRANSCRIPT_gene-GU280_gp02	protein_coding	1	c.2715G>A	p.Arg905Arg	2715	3822	2715	3822	905	1273	0	synonymous_variant	NONE	c.2715G>A	p.Arg905Arg	1273
NC_045512.2	24277	G	A	ORF3a	gene-GU280_gp03	MODIFIER	upstream_gene_variant	transcript	TRANSCRIPT_gene-GU280_gp03	protein_coding	-1	c.-1116G>A	.	-1	-1	-1	-1	-1	-1	1116	upstream_gene_variant	NONE	c.-1116G>A	.	-1
NC_045512.2	24277	G	A	E	gene-GU280_gp04	MODIFIER	upstream_gene_variant	transcript	TRANSCRIPT_gene-GU280_gp04	protein_coding	-1	c.-1968G>A	.	-1	-1	-1	-1	-1	-1	1968	upstream_gene_variant	NONE	c.-1968G>A	.	-1
NC_045512.2	24277	G	A	M	gene-GU280_gp05	MODIFIER	upstream_gene_variant	transcript	TRANSCRIPT_gene-GU280_gp05	protein_coding	-1	c.-2246G>A	.	-1	-1	-1	-1	-1	-1	2246	upstream_gene_variant	NONE	c.-2246G>A	.	-1
NC_045512.2	24277	G	A	ORF6	gene-GU280_gp06	MODIFIER	upstream_gene_variant	transcript	TRANSCRIPT_gene-GU280_gp06	protein_coding	-1	c.-2925G>A	.	-1	-1	-1	-1	-1	-1	2925	upstream_gene_variant	NONE	c.-2925G>A	.	-1
NC_045512.2	24277	G	A	ORF7a	gene-GU280_gp07	MODIFIER	upstream_gene_variant	transcript	TRANSCRIPT_gene-GU280_gp07	protein_coding	-1	c.-3117G>A	.	-1	-1	-1	-1	-1	-1	3117	upstream_gene_variant	NONE	c.-3117G>A	.	-1
NC_045512.2	24277	G	A	ORF7b	gene-GU280_gp08	MODIFIER	upstream_gene_variant	transcript	TRANSCRIPT_gene-GU280_gp08	protein_coding	-1	c.-3479G>A	.	-1	-1	-1	-1	-1	-1	3479	upstream_gene_variant	NONE	c.-3479G>A	.	-1
NC_045512.2	24277	G	A	ORF8	gene-GU280_gp09	MODIFIER	upstream_gene_variant	transcript	TRANSCRIPT_gene-GU280_gp09	protein_coding	-1	c.-3617G>A	.	-1	-1	-1	-1	-1	-1	3617	upstream_gene_variant	NONE	c.-3617G>A	.	-1
NC_045512.2	24277	G	A	N	gene-GU280_gp10	MODIFIER	upstream_gene_variant	transcript	TRANSCRIPT_gene-GU280_gp10	protein_coding	-1	c.-3997G>A	.	-1	-1	-1	-1	-1	-1	3997	upstream_gene_variant	NONE	c.-3997G>A	.	-1
NC_045512.2	24277	G	A	ORF1ab	gene-GU280_gp01	MODIFIER	downstream_gene_variant	transcript	TRANSCRIPT_gene-GU280_gp01	protein_coding	-1	c.*2722G>A	.	-1	-1	-1	-1	-1	-1	2722	downstream_gene_variant	NONE	c.*2722G>A	.	-1
NC_045512.2	24281	A	T	S	gene-GU280_gp02	MODERATE	missense_variant	transcript	TRANSCRIPT_gene-GU280_gp02	protein_coding	1	c.2719A>T	p.Asn907Tyr	2719	3822	2719	3822	907	1273	0	missense_variant	NONE	c.2719A>T	p.Asn907Tyr	1273
NC_045512.2	24281	A	T	ORF3a	gene-GU280_gp03	MODIFIER	upstream_gene_variant	transcript	TRANSCRIPT_gene-GU280_gp03	protein_coding	-1	c.-1112A>T	.	-1	-1	-1	-1	-1	-1	1112	upstream_gene_variant	NONE	c.-1112A>T	.	-1
NC_045512.2	24281	A	T	E	gene-GU280_gp04	MODIFIER	upstream_gene_variant	transcript	TRANSCRIPT_gene-GU280_gp04	protein_coding	-1	c.-1964A>T	.	-1	-1	-1	-1	-1	-1	1964	upstream_gene_variant	NONE	c.-1964A>T	.	-1
NC_045512.2	24281	A	T	M	gene-GU280_gp05	MODIFIER	upstream_gene_variant	transcript	TRANSCRIPT_gene-GU280_gp05	protein_coding	-1	c.-2242A>T	.	-1	-1	-1	-1	-1	-1	2242	upstream_gene_variant	NONE	c.-2242A>T	.	-1
NC_045512.2	24281	A	T	ORF6	gene-GU280_gp06	MODIFIER	upstream_gene_variant	transcript	TRANSCRIPT_gene-GU280_gp06	protein_coding	-1	c.-2921A>T	.	-1	-1	-1	-1	-1	-1	2921	upstream_gene_variant	NONE	c.-2921A>T	.	-1
NC_045512.2	24281	A	T	ORF7a	gene-GU280_gp07	MODIFIER	upstream_gene_variant	transcript	TRANSCRIPT_gene-GU280_gp07	protein_coding	-1	c.-3113A>T	.	-1	-1	-1	-1	-1	-1	3113	upstream_gene_variant	NONE	c.-3113A>T	.	-1
NC_045512.2	24281	A	T	ORF7b	gene-GU280_gp08	MODIFIER	upstream_gene_variant	transcript	TRANSCRIPT_gene-GU280_gp08	protein_coding	-1	c.-3475A>T	.	-1	-1	-1	-1	-1	-1	3475	upstream_gene_variant	NONE	c.-3475A>T	.	-1
NC_045512.2	24281	A	T	ORF8	gene-GU280_gp09	MODIFIER	upstream_gene_variant	transcript	TRANSCRIPT_gene-GU280_gp09	protein_coding	-1	c.-3613A>T	.	-1	-1	-1	-1	-1	-1	3613	upstream_gene_variant	NONE	c.-3613A>T	.	-1
NC_045512.2	24281	A	T	N	gene-GU280_gp10	MODIFIER	upstream_gene_variant	transcript	TRANSCRIPT_gene-GU280_gp10	protein_coding	-1	c.-3993A>T	.	-1	-1	-1	-1	-1	-1	3993	upstream_gene_variant	NONE	c.-3993A>T	.	-1
NC_045512.2	24281	A	T	ORF1ab	gene-GU280_gp01	MODIFIER	downstream_gene_variant	transcript	TRANSCRIPT_gene-GU280_gp01	protein_coding	-1	c.*2726A>T	.	-1	-1	-1	-1	-1	-1	2726	downstream_gene_variant	NONE	c.*2726A>T	.	-1
NC_045512.2	24282	A	T	S	gene-GU280_gp02	MODERATE	missense_variant	transcript	TRANSCRIPT_gene-GU280_gp02	protein_coding	1	c.2720A>T	p.Asn907Ile	2720	3822	2720	3822	907	1273	0	missense_variant	NONE	c.2720A>T	p.Asn907Ile	1273
NC_045512.2	24282	A	T	ORF3a	gene-GU280_gp03	MODIFIER	upstream_gene_variant	transcript	TRANSCRIPT_gene-GU280_gp03	protein_coding	-1	c.-1111A>T	.	-1	-1	-1	-1	-1	-1	1111	upstream_gene_variant	NONE	c.-1111A>T	.	-1
NC_045512.2	24282	A	T	E	gene-GU280_gp04	MODIFIER	upstream_gene_variant	transcript	TRANSCRIPT_gene-GU280_gp04	protein_coding	-1	c.-1963A>T	.	-1	-1	-1	-1	-1	-1	1963	upstream_gene_variant	NONE	c.-1963A>T	.	-1
NC_045512.2	24282	A	T	M	gene-GU280_gp05	MODIFIER	upstream_gene_variant	transcript	TRANSCRIPT_gene-GU280_gp05	protein_coding	-1	c.-2241A>T	.	-1	-1	-1	-1	-1	-1	2241	upstream_gene_variant	NONE	c.-2241A>T	.	-1
NC_045512.2	24282	A	T	ORF6	gene-GU280_gp06	MODIFIER	upstream_gene_variant	transcript	TRANSCRIPT_gene-GU280_gp06	protein_coding	-1	c.-2920A>T	.	-1	-1	-1	-1	-1	-1	2920	upstream_gene_variant	NONE	c.-2920A>T	.	-1
NC_045512.2	24282	A	T	ORF7a	gene-GU280_gp07	MODIFIER	upstream_gene_variant	transcript	TRANSCRIPT_gene-GU280_gp07	protein_coding	-1	c.-3112A>T	.	-1	-1	-1	-1	-1	-1	3112	upstream_gene_variant	NONE	c.-3112A>T	.	-1
NC_045512.2	24282	A	T	ORF7b	gene-GU280_gp08	MODIFIER	upstream_gene_variant	transcript	TRANSCRIPT_gene-GU280_gp08	protein_coding	-1	c.-3474A>T	.	-1	-1	-1	-1	-1	-1	3474	upstream_gene_variant	NONE	c.-3474A>T	.	-1
NC_045512.2	24282	A	T	ORF8	gene-GU280_gp09	MODIFIER	upstream_gene_variant	transcript	TRANSCRIPT_gene-GU280_gp09	protein_coding	-1	c.-3612A>T	.	-1	-1	-1	-1	-1	-1	3612	upstream_gene_variant	NONE	c.-3612A>T	.	-1
NC_045512.2	24282	A	T	N	gene-GU280_gp10	MODIFIER	upstream_gene_variant	transcript	TRANSCRIPT_gene-GU280_gp10	protein_coding	-1	c.-3992A>T	.	-1	-1	-1	-1	-1	-1	3992	upstream_gene_variant	NONE	c.-3992A>T	.	-1
NC_045512.2	24282	A	T	ORF1ab	gene-GU280_gp01	MODIFIER	downstream_gene_variant	transcript	TRANSCRIPT_gene-GU280_gp01	protein_coding	-1	c.*2727A>T	.	-1	-1	-1	-1	-1	-1	2727	downstream_gene_variant	NONE	c.*2727A>T	.	-1
NC_045512.2	26096	A	G	ORF3a	gene-GU280_gp03	MODERATE	missense_variant	transcript	TRANSCRIPT_gene-GU280_gp03	protein_coding	1	c.704A>G	p.Lys235Arg	704	828	704	828	235	275	0	missense_variant	NONE	c.704A>G	p.Lys235Arg	275
NC_045512.2	26096	A	G	E	gene-GU280_gp04	MODIFIER	upstream_gene_variant	transcript	TRANSCRIPT_gene-GU280_gp04	protein_coding	-1	c.-149A>G	.	-1	-1	-1	-1	-1	-1	149	upstream_gene_variant	NONE	c.-149A>G	.	-1
NC_045512.2	26096	A	G	M	gene-GU280_gp05	MODIFIER	upstream_gene_variant	transcript	TRANSCRIPT_gene-GU280_gp05	protein_coding	-1	c.-427A>G	.	-1	-1	-1	-1	-1	-1	427	upstream_gene_variant	NONE	c.-427A>G	.	-1
NC_045512.2	26096	A	G	ORF6	gene-GU280_gp06	MODIFIER	upstream_gene_variant	transcript	TRANSCRIPT_gene-GU280_gp06	protein_coding	-1	c.-1106A>G	.	-1	-1	-1	-1	-1	-1	1106	upstream_gene_variant	NONE	c.-1106A>G	.	-1
NC_045512.2	26096	A	G	ORF7a	gene-GU280_gp07	MODIFIER	upstream_gene_variant	transcript	TRANSCRIPT_gene-GU280_gp07	protein_coding	-1	c.-1298A>G	.	-1	-1	-1	-1	-1	-1	1298	upstream_gene_variant	NONE	c.-1298A>G	.	-1
NC_045512.2	26096	A	G	ORF7b	gene-GU280_gp08	MODIFIER	upstream_gene_variant	transcript	TRANSCRIPT_gene-GU280_gp08	protein_coding	-1	c.-1660A>G	.	-1	-1	-1	-1	-1	-1	1660	upstream_gene_variant	NONE	c.-1660A>G	.	-1
NC_045512.2	26096	A	G	ORF8	gene-GU280_gp09	MODIFIER	upstream_gene_variant	transcript	TRANSCRIPT_gene-GU280_gp09	protein_coding	-1	c.-1798A>G	.	-1	-1	-1	-1	-1	-1	1798	upstream_gene_variant	NONE	c.-1798A>G	.	-1
NC_045512.2	26096	A	G	N	gene-GU280_gp10	MODIFIER	upstream_gene_variant	transcript	TRANSCRIPT_gene-GU280_gp10	protein_coding	-1	c.-2178A>G	.	-1	-1	-1	-1	-1	-1	2178	upstream_gene_variant	NONE	c.-2178A>G	.	-1
NC_045512.2	26096	A	G	ORF10	gene-GU280_gp11	MODIFIER	upstream_gene_variant	transcript	TRANSCRIPT_gene-GU280_gp11	protein_coding	-1	c.-3462A>G	.	-1	-1	-1	-1	-1	-1	3462	upstream_gene_variant	NONE	c.-3462A>G	.	-1
NC_045512.2	26096	A	G	ORF1ab	gene-GU280_gp01	MODIFIER	downstream_gene_variant	transcript	TRANSCRIPT_gene-GU280_gp01	protein_coding	-1	c.*4541A>G	.	-1	-1	-1	-1	-1	-1	4541	downstream_gene_variant	NONE	c.*4541A>G	.	-1
NC_045512.2	26096	A	G	S	gene-GU280_gp02	MODIFIER	downstream_gene_variant	transcript	TRANSCRIPT_gene-GU280_gp02	protein_coding	-1	c.*712A>G	.	-1	-1	-1	-1	-1	-1	712	downstream_gene_variant	NONE	c.*712A>G	.	-1
NC_045512.2	26133	C	T	ORF3a	gene-GU280_gp03	LOW	synonymous_variant	transcript	TRANSCRIPT_gene-GU280_gp03	protein_coding	1	c.741C>T	p.His247His	741	828	741	828	247	275	0	synonymous_variant	NONE	c.741C>T	p.His247His	275
NC_045512.2	26133	C	T	E	gene-GU280_gp04	MODIFIER	upstream_gene_variant	transcript	TRANSCRIPT_gene-GU280_gp04	protein_coding	-1	c.-112C>T	.	-1	-1	-1	-1	-1	-1	112	upstream_gene_variant	NONE	c.-112C>T	.	-1
NC_045512.2	26133	C	T	M	gene-GU280_gp05	MODIFIER	upstream_gene_variant	transcript	TRANSCRIPT_gene-GU280_gp05	protein_coding	-1	c.-390C>T	.	-1	-1	-1	-1	-1	-1	390	upstream_gene_variant	NONE	c.-390C>T	.	-1
NC_045512.2	26133	C	T	ORF6	gene-GU280_gp06	MODIFIER	upstream_gene_variant	transcript	TRANSCRIPT_gene-GU280_gp06	protein_coding	-1	c.-1069C>T	.	-1	-1	-1	-1	-1	-1	1069	upstream_gene_variant	NONE	c.-1069C>T	.	-1
NC_045512.2	26133	C	T	ORF7a	gene-GU280_gp07	MODIFIER	upstream_gene_variant	transcript	TRANSCRIPT_gene-GU280_gp07	protein_coding	-1	c.-1261C>T	.	-1	-1	-1	-1	-1	-1	1261	upstream_gene_variant	NONE	c.-1261C>T	.	-1
NC_045512.2	26133	C	T	ORF7b	gene-GU280_gp08	MODIFIER	upstream_gene_variant	transcript	TRANSCRIPT_gene-GU280_gp08	protein_coding	-1	c.-1623C>T	.	-1	-1	-1	-1	-1	-1	1623	upstream_gene_variant	NONE	c.-1623C>T	.	-1
NC_045512.2	26133	C	T	ORF8	gene-GU280_gp09	MODIFIER	upstream_gene_variant	transcript	TRANSCRIPT_gene-GU280_gp09	protein_coding	-1	c.-1761C>T	.	-1	-1	-1	-1	-1	-1	1761	upstream_gene_variant	NONE	c.-1761C>T	.	-1
NC_045512.2	26133	C	T	N	gene-GU280_gp10	MODIFIER	upstream_gene_variant	transcript	TRANSCRIPT_gene-GU280_gp10	protein_coding	-1	c.-2141C>T	.	-1	-1	-1	-1	-1	-1	2141	upstream_gene_variant	NONE	c.-2141C>T	.	-1
NC_045512.2	26133	C	T	ORF10	gene-GU280_gp11	MODIFIER	upstream_gene_variant	transcript	TRANSCRIPT_gene-GU280_gp11	protein_coding	-1	c.-3425C>T	.	-1	-1	-1	-1	-1	-1	3425	upstream_gene_variant	NONE	c.-3425C>T	.	-1
NC_045512.2	26133	C	T	ORF1ab	gene-GU280_gp01	MODIFIER	downstream_gene_variant	transcript	TRANSCRIPT_gene-GU280_gp01	protein_coding	-1	c.*4578C>T	.	-1	-1	-1	-1	-1	-1	4578	downstream_gene_variant	NONE	c.*4578C>T	.	-1
NC_045512.2	26133	C	T	S	gene-GU280_gp02	MODIFIER	downstream_gene_variant	transcript	TRANSCRIPT_gene-GU280_gp02	protein_coding	-1	c.*749C>T	.	-1	-1	-1	-1	-1	-1	749	downstream_gene_variant	NONE	c.*749C>T	.	-1
NC_045512.2	26164	C	T	ORF3a	gene-GU280_gp03	MODERATE	missense_variant	transcript	TRANSCRIPT_gene-GU280_gp03	protein_coding	1	c.772C>T	p.Pro258Ser	772	828	772	828	258	275	0	missense_variant	NONE	c.772C>T	p.Pro258Ser	275
NC_045512.2	26164	C	T	E	gene-GU280_gp04	MODIFIER	upstream_gene_variant	transcript	TRANSCRIPT_gene-GU280_gp04	protein_coding	-1	c.-81C>T	.	-1	-1	-1	-1	-1	-1	81	upstream_gene_variant	NONE	c.-81C>T	.	-1
NC_045512.2	26164	C	T	M	gene-GU280_gp05	MODIFIER	upstream_gene_variant	transcript	TRANSCRIPT_gene-GU280_gp05	protein_coding	-1	c.-359C>T	.	-1	-1	-1	-1	-1	-1	359	upstream_gene_variant	NONE	c.-359C>T	.	-1
NC_045512.2	26164	C	T	ORF6	gene-GU280_gp06	MODIFIER	upstream_gene_variant	transcript	TRANSCRIPT_gene-GU280_gp06	protein_coding	-1	c.-1038C>T	.	-1	-1	-1	-1	-1	-1	1038	upstream_gene_variant	NONE	c.-1038C>T	.	-1
NC_045512.2	26164	C	T	ORF7a	gene-GU280_gp07	MODIFIER	upstream_gene_variant	transcript	TRANSCRIPT_gene-GU280_gp07	protein_coding	-1	c.-1230C>T	.	-1	-1	-1	-1	-1	-1	1230	upstream_gene_variant	NONE	c.-1230C>T	.	-1
NC_045512.2	26164	C	T	ORF7b	gene-GU280_gp08	MODIFIER	upstream_gene_variant	transcript	TRANSCRIPT_gene-GU280_gp08	protein_coding	-1	c.-1592C>T	.	-1	-1	-1	-1	-1	-1	1592	upstream_gene_variant	NONE	c.-1592C>T	.	-1
NC_045512.2	26164	C	T	ORF8	gene-GU280_gp09	MODIFIER	upstream_gene_variant	transcript	TRANSCRIPT_gene-GU280_gp09	protein_coding	-1	c.-1730C>T	.	-1	-1	-1	-1	-1	-1	1730	upstream_gene_variant	NONE	c.-1730C>T	.	-1
NC_045512.2	26164	C	T	N	gene-GU280_gp10	MODIFIER	upstream_gene_variant	transcript	TRANSCRIPT_gene-GU280_gp10	protein_coding	-1	c.-2110C>T	.	-1	-1	-1	-1	-1	-1	2110	upstream_gene_variant	NONE	c.-2110C>T	.	-1
NC_045512.2	26164	C	T	ORF10	gene-GU280_gp11	MODIFIER	upstream_gene_variant	transcript	TRANSCRIPT_gene-GU280_gp11	protein_coding	-1	c.-3394C>T	.	-1	-1	-1	-1	-1	-1	3394	upstream_gene_variant	NONE	c.-3394C>T	.	-1
NC_045512.2	26164	C	T	ORF1ab	gene-GU280_gp01	MODIFIER	downstream_gene_variant	transcript	TRANSCRIPT_gene-GU280_gp01	protein_coding	-1	c.*4609C>T	.	-1	-1	-1	-1	-1	-1	4609	downstream_gene_variant	NONE	c.*4609C>T	.	-1
NC_045512.2	26164	C	T	S	gene-GU280_gp02	MODIFIER	downstream_gene_variant	transcript	TRANSCRIPT_gene-GU280_gp02	protein_coding	-1	c.*780C>T	.	-1	-1	-1	-1	-1	-1	780	downstream_gene_variant	NONE	c.*780C>T	.	-1
NC_045512.2	27413	T	C	ORF7a	gene-GU280_gp07	MODERATE	missense_variant	transcript	TRANSCRIPT_gene-GU280_gp07	protein_coding	1	c.20T>C	p.Leu7Ser	20	366	20	366	7	121	0	missense_variant	NONE	c.20T>C	p.Leu7Ser	121
NC_045512.2	27413	T	C	ORF7b	gene-GU280_gp08	MODIFIER	upstream_gene_variant	transcript	TRANSCRIPT_gene-GU280_gp08	protein_coding	-1	c.-343T>C	.	-1	-1	-1	-1	-1	-1	343	upstream_gene_variant	NONE	c.-343T>C	.	-1
NC_045512.2	27413	T	C	ORF8	gene-GU280_gp09	MODIFIER	upstream_gene_variant	transcript	TRANSCRIPT_gene-GU280_gp09	protein_coding	-1	c.-481T>C	.	-1	-1	-1	-1	-1	-1	481	upstream_gene_variant	NONE	c.-481T>C	.	-1
NC_045512.2	27413	T	C	N	gene-GU280_gp10	MODIFIER	upstream_gene_variant	transcript	TRANSCRIPT_gene-GU280_gp10	protein_coding	-1	c.-861T>C	.	-1	-1	-1	-1	-1	-1	861	upstream_gene_variant	NONE	c.-861T>C	.	-1
NC_045512.2	27413	T	C	ORF10	gene-GU280_gp11	MODIFIER	upstream_gene_variant	transcript	TRANSCRIPT_gene-GU280_gp11	protein_coding	-1	c.-2145T>C	.	-1	-1	-1	-1	-1	-1	2145	upstream_gene_variant	NONE	c.-2145T>C	.	-1
NC_045512.2	27413	T	C	S	gene-GU280_gp02	MODIFIER	downstream_gene_variant	transcript	TRANSCRIPT_gene-GU280_gp02	protein_coding	-1	c.*2029T>C	.	-1	-1	-1	-1	-1	-1	2029	downstream_gene_variant	NONE	c.*2029T>C	.	-1
NC_045512.2	27413	T	C	ORF3a	gene-GU280_gp03	MODIFIER	downstream_gene_variant	transcript	TRANSCRIPT_gene-GU280_gp03	protein_coding	-1	c.*1193T>C	.	-1	-1	-1	-1	-1	-1	1193	downstream_gene_variant	NONE	c.*1193T>C	.	-1
NC_045512.2	27413	T	C	E	gene-GU280_gp04	MODIFIER	downstream_gene_variant	transcript	TRANSCRIPT_gene-GU280_gp04	protein_coding	-1	c.*941T>C	.	-1	-1	-1	-1	-1	-1	941	downstream_gene_variant	NONE	c.*941T>C	.	-1
NC_045512.2	27413	T	C	M	gene-GU280_gp05	MODIFIER	downstream_gene_variant	transcript	TRANSCRIPT_gene-GU280_gp05	protein_coding	-1	c.*222T>C	.	-1	-1	-1	-1	-1	-1	222	downstream_gene_variant	NONE	c.*222T>C	.	-1
NC_045512.2	27413	T	C	ORF6	gene-GU280_gp06	MODIFIER	downstream_gene_variant	transcript	TRANSCRIPT_gene-GU280_gp06	protein_coding	-1	c.*26T>C	.	-1	-1	-1	-1	-1	-1	26	downstream_gene_variant	NONE	c.*26T>C	.	-1
NC_045512.2	27890	G	T	ORF8	gene-GU280_gp09	MODIFIER	upstream_gene_variant	transcript	TRANSCRIPT_gene-GU280_gp09	protein_coding	-1	c.-4G>T	.	-1	-1	-1	-1	-1	-1	4	upstream_gene_variant	NONE	c.-4G>T	.	-1
NC_045512.2	27890	G	T	N	gene-GU280_gp10	MODIFIER	upstream_gene_variant	transcript	TRANSCRIPT_gene-GU280_gp10	protein_coding	-1	c.-384G>T	.	-1	-1	-1	-1	-1	-1	384	upstream_gene_variant	NONE	c.-384G>T	.	-1
NC_045512.2	27890	G	T	ORF10	gene-GU280_gp11	MODIFIER	upstream_gene_variant	transcript	TRANSCRIPT_gene-GU280_gp11	protein_coding	-1	c.-1668G>T	.	-1	-1	-1	-1	-1	-1	1668	upstream_gene_variant	NONE	c.-1668G>T	.	-1
NC_045512.2	27890	G	T	S	gene-GU280_gp02	MODIFIER	downstream_gene_variant	transcript	TRANSCRIPT_gene-GU280_gp02	protein_coding	-1	c.*2506G>T	.	-1	-1	-1	-1	-1	-1	2506	downstream_gene_variant	NONE	c.*2506G>T	.	-1
NC_045512.2	27890	G	T	ORF3a	gene-GU280_gp03	MODIFIER	downstream_gene_variant	transcript	TRANSCRIPT_gene-GU280_gp03	protein_coding	-1	c.*1670G>T	.	-1	-1	-1	-1	-1	-1	1670	downstream_gene_variant	NONE	c.*1670G>T	.	-1
NC_045512.2	27890	G	T	E	gene-GU280_gp04	MODIFIER	downstream_gene_variant	transcript	TRANSCRIPT_gene-GU280_gp04	protein_coding	-1	c.*1418G>T	.	-1	-1	-1	-1	-1	-1	1418	downstream_gene_variant	NONE	c.*1418G>T	.	-1
NC_045512.2	27890	G	T	M	gene-GU280_gp05	MODIFIER	downstream_gene_variant	transcript	TRANSCRIPT_gene-GU280_gp05	protein_coding	-1	c.*699G>T	.	-1	-1	-1	-1	-1	-1	699	downstream_gene_variant	NONE	c.*699G>T	.	-1
NC_045512.2	27890	G	T	ORF6	gene-GU280_gp06	MODIFIER	downstream_gene_variant	transcript	TRANSCRIPT_gene-GU280_gp06	protein_coding	-1	c.*503G>T	.	-1	-1	-1	-1	-1	-1	503	downstream_gene_variant	NONE	c.*503G>T	.	-1
NC_045512.2	27890	G	T	ORF7a	gene-GU280_gp07	MODIFIER	downstream_gene_variant	transcript	TRANSCRIPT_gene-GU280_gp07	protein_coding	-1	c.*131G>T	.	-1	-1	-1	-1	-1	-1	131	downstream_gene_variant	NONE	c.*131G>T	.	-1
NC_045512.2	27890	G	T	ORF7b	gene-GU280_gp08	MODIFIER	downstream_gene_variant	transcript	TRANSCRIPT_gene-GU280_gp08	protein_coding	-1	c.*3G>T	.	-1	-1	-1	-1	-1	-1	3	downstream_gene_variant	NONE	c.*3G>T	.	-1
NC_045512.2	27890	G	T	ORF7b-ORF8	gene-GU280_gp08-gene-GU280_gp09	MODIFIER	intergenic_region	intergenic_region	gene-GU280_gp08-gene-GU280_gp09	.	-1	n.27890G>T	.	-1	-1	-1	-1	-1	-1	0	intergenic_region	NONE	n.27890G>T	.	-1
NC_045512.2	27946	AAG	A	ORF8	gene-GU280_gp09	HIGH	frameshift_variant	transcript	TRANSCRIPT_gene-GU280_gp09	protein_coding	1	c.55_56delGA	p.Glu19fs	55	366	55	366	19	121	0	frameshift_variant	NONE	c.55_56delGA	p.Glu19fs	121
NC_045512.2	27946	AAG	A	N	gene-GU280_gp10	MODIFIER	upstream_gene_variant	transcript	TRANSCRIPT_gene-GU280_gp10	protein_coding	-1	c.-327_-326delAG	.	-1	-1	-1	-1	-1	-1	327	upstream_gene_variant	NONE	c.-327_-326delAG	.	-1
NC_045512.2	27946	AAG	A	ORF10	gene-GU280_gp11	MODIFIER	upstream_gene_variant	transcript	TRANSCRIPT_gene-GU280_gp11	protein_coding	-1	c.-1611_-1610delAG	.	-1	-1	-1	-1	-1	-1	1611	upstream_gene_variant	NONE	c.-1611_-1610delAG	.	-1
NC_045512.2	27946	AAG	A	S	gene-GU280_gp02	MODIFIER	downstream_gene_variant	transcript	TRANSCRIPT_gene-GU280_gp02	protein_coding	-1	c.*2563_*2564delAG	.	-1	-1	-1	-1	-1	-1	2563	downstream_gene_variant	NONE	c.*2563_*2564delAG	.	-1
NC_045512.2	27946	AAG	A	ORF3a	gene-GU280_gp03	MODIFIER	downstream_gene_variant	transcript	TRANSCRIPT_gene-GU280_gp03	protein_coding	-1	c.*1727_*1728delAG	.	-1	-1	-1	-1	-1	-1	1727	downstream_gene_variant	NONE	c.*1727_*1728delAG	.	-1
NC_045512.2	27946	AAG	A	E	gene-GU280_gp04	MODIFIER	downstream_gene_variant	transcript	TRANSCRIPT_gene-GU280_gp04	protein_coding	-1	c.*1475_*1476delAG	.	-1	-1	-1	-1	-1	-1	1475	downstream_gene_variant	NONE	c.*1475_*1476delAG	.	-1
NC_045512.2	27946	AAG	A	M	gene-GU280_gp05	MODIFIER	downstream_gene_variant	transcript	TRANSCRIPT_gene-GU280_gp05	protein_coding	-1	c.*756_*757delAG	.	-1	-1	-1	-1	-1	-1	756	downstream_gene_variant	NONE	c.*756_*757delAG	.	-1
NC_045512.2	27946	AAG	A	ORF6	gene-GU280_gp06	MODIFIER	downstream_gene_variant	transcript	TRANSCRIPT_gene-GU280_gp06	protein_coding	-1	c.*560_*561delAG	.	-1	-1	-1	-1	-1	-1	560	downstream_gene_variant	NONE	c.*560_*561delAG	.	-1
NC_045512.2	27946	AAG	A	ORF7a	gene-GU280_gp07	MODIFIER	downstream_gene_variant	transcript	TRANSCRIPT_gene-GU280_gp07	protein_coding	-1	c.*188_*189delAG	.	-1	-1	-1	-1	-1	-1	188	downstream_gene_variant	NONE	c.*188_*189delAG	.	-1
NC_045512.2	27946	AAG	A	ORF7b	gene-GU280_gp08	MODIFIER	downstream_gene_variant	transcript	TRANSCRIPT_gene-GU280_gp08	protein_coding	-1	c.*60_*61delAG	.	-1	-1	-1	-1	-1	-1	60	downstream_gene_variant	NONE	c.*60_*61delAG	.	-1
NC_045512.2	27972	C	T	ORF8	gene-GU280_gp09	HIGH	stop_gained	transcript	TRANSCRIPT_gene-GU280_gp09	protein_coding	1	c.79C>T	p.Gln27*	79	366	79	366	27	121	0	stop_gained	NONE	c.79C>T	p.Gln27*	121
NC_045512.2	27972	C	T	N	gene-GU280_gp10	MODIFIER	upstream_gene_variant	transcript	TRANSCRIPT_gene-GU280_gp10	protein_coding	-1	c.-302C>T	.	-1	-1	-1	-1	-1	-1	302	upstream_gene_variant	NONE	c.-302C>T	.	-1
NC_045512.2	27972	C	T	ORF10	gene-GU280_gp11	MODIFIER	upstream_gene_variant	transcript	TRANSCRIPT_gene-GU280_gp11	protein_coding	-1	c.-1586C>T	.	-1	-1	-1	-1	-1	-1	1586	upstream_gene_variant	NONE	c.-1586C>T	.	-1
NC_045512.2	27972	C	T	S	gene-GU280_gp02	MODIFIER	downstream_gene_variant	transcript	TRANSCRIPT_gene-GU280_gp02	protein_coding	-1	c.*2588C>T	.	-1	-1	-1	-1	-1	-1	2588	downstream_gene_variant	NONE	c.*2588C>T	.	-1
NC_045512.2	27972	C	T	ORF3a	gene-GU280_gp03	MODIFIER	downstream_gene_variant	transcript	TRANSCRIPT_gene-GU280_gp03	protein_coding	-1	c.*1752C>T	.	-1	-1	-1	-1	-1	-1	1752	downstream_gene_variant	NONE	c.*1752C>T	.	-1
NC_045512.2	27972	C	T	E	gene-GU280_gp04	MODIFIER	downstream_gene_variant	transcript	TRANSCRIPT_gene-GU280_gp04	protein_coding	-1	c.*1500C>T	.	-1	-1	-1	-1	-1	-1	1500	downstream_gene_variant	NONE	c.*1500C>T	.	-1
NC_045512.2	27972	C	T	M	gene-GU280_gp05	MODIFIER	downstream_gene_variant	transcript	TRANSCRIPT_gene-GU280_gp05	protein_coding	-1	c.*781C>T	.	-1	-1	-1	-1	-1	-1	781	downstream_gene_variant	NONE	c.*781C>T	.	-1
NC_045512.2	27972	C	T	ORF6	gene-GU280_gp06	MODIFIER	downstream_gene_variant	transcript	TRANSCRIPT_gene-GU280_gp06	protein_coding	-1	c.*585C>T	.	-1	-1	-1	-1	-1	-1	585	downstream_gene_variant	NONE	c.*585C>T	.	-1
NC_045512.2	27972	C	T	ORF7a	gene-GU280_gp07	MODIFIER	downstream_gene_variant	transcript	TRANSCRIPT_gene-GU280_gp07	protein_coding	-1	c.*213C>T	.	-1	-1	-1	-1	-1	-1	213	downstream_gene_variant	NONE	c.*213C>T	.	-1
NC_045512.2	27972	C	T	ORF7b	gene-GU280_gp08	MODIFIER	downstream_gene_variant	transcript	TRANSCRIPT_gene-GU280_gp08	protein_coding	-1	c.*85C>T	.	-1	-1	-1	-1	-1	-1	85	downstream_gene_variant	NONE	c.*85C>T	.	-1
NC_045512.2	28048	G	T	ORF8	gene-GU280_gp09	MODERATE	missense_variant	transcript	TRANSCRIPT_gene-GU280_gp09	protein_coding	1	c.155G>T	p.Arg52Ile	155	366	155	366	52	121	0	missense_variant	NONE	c.155G>T	p.Arg52Ile	121
NC_045512.2	28048	G	T	N	gene-GU280_gp10	MODIFIER	upstream_gene_variant	transcript	TRANSCRIPT_gene-GU280_gp10	protein_coding	-1	c.-226G>T	.	-1	-1	-1	-1	-1	-1	226	upstream_gene_variant	NONE	c.-226G>T	.	-1
NC_045512.2	28048	G	T	ORF10	gene-GU280_gp11	MODIFIER	upstream_gene_variant	transcript	TRANSCRIPT_gene-GU280_gp11	protein_coding	-1	c.-1510G>T	.	-1	-1	-1	-1	-1	-1	1510	upstream_gene_variant	NONE	c.-1510G>T	.	-1
NC_045512.2	28048	G	T	S	gene-GU280_gp02	MODIFIER	downstream_gene_variant	transcript	TRANSCRIPT_gene-GU280_gp02	protein_coding	-1	c.*2664G>T	.	-1	-1	-1	-1	-1	-1	2664	downstream_gene_variant	NONE	c.*2664G>T	.	-1
NC_045512.2	28048	G	T	ORF3a	gene-GU280_gp03	MODIFIER	downstream_gene_variant	transcript	TRANSCRIPT_gene-GU280_gp03	protein_coding	-1	c.*1828G>T	.	-1	-1	-1	-1	-1	-1	1828	downstream_gene_variant	NONE	c.*1828G>T	.	-1
NC_045512.2	28048	G	T	E	gene-GU280_gp04	MODIFIER	downstream_gene_variant	transcript	TRANSCRIPT_gene-GU280_gp04	protein_coding	-1	c.*1576G>T	.	-1	-1	-1	-1	-1	-1	1576	downstream_gene_variant	NONE	c.*1576G>T	.	-1
NC_045512.2	28048	G	T	M	gene-GU280_gp05	MODIFIER	downstream_gene_variant	transcript	TRANSCRIPT_gene-GU280_gp05	protein_coding	-1	c.*857G>T	.	-1	-1	-1	-1	-1	-1	857	downstream_gene_variant	NONE	c.*857G>T	.	-1
NC_045512.2	28048	G	T	ORF6	gene-GU280_gp06	MODIFIER	downstream_gene_variant	transcript	TRANSCRIPT_gene-GU280_gp06	protein_coding	-1	c.*661G>T	.	-1	-1	-1	-1	-1	-1	661	downstream_gene_variant	NONE	c.*661G>T	.	-1
NC_045512.2	28048	G	T	ORF7a	gene-GU280_gp07	MODIFIER	downstream_gene_variant	transcript	TRANSCRIPT_gene-GU280_gp07	protein_coding	-1	c.*289G>T	.	-1	-1	-1	-1	-1	-1	289	downstream_gene_variant	NONE	c.*289G>T	.	-1
NC_045512.2	28048	G	T	ORF7b	gene-GU280_gp08	MODIFIER	downstream_gene_variant	transcript	TRANSCRIPT_gene-GU280_gp08	protein_coding	-1	c.*161G>T	.	-1	-1	-1	-1	-1	-1	161	downstream_gene_variant	NONE	c.*161G>T	.	-1
NC_045512.2	28444	T	C	N	gene-GU280_gp10	LOW	synonymous_variant	transcript	TRANSCRIPT_gene-GU280_gp10	protein_coding	1	c.171T>C	p.Thr57Thr	171	1260	171	1260	57	419	0	synonymous_variant	NONE	c.171T>C	p.Thr57Thr	419
NC_045512.2	28444	T	C	ORF10	gene-GU280_gp11	MODIFIER	upstream_gene_variant	transcript	TRANSCRIPT_gene-GU280_gp11	protein_coding	-1	c.-1114T>C	.	-1	-1	-1	-1	-1	-1	1114	upstream_gene_variant	NONE	c.-1114T>C	.	-1
NC_045512.2	28444	T	C	S	gene-GU280_gp02	MODIFIER	downstream_gene_variant	transcript	TRANSCRIPT_gene-GU280_gp02	protein_coding	-1	c.*3060T>C	.	-1	-1	-1	-1	-1	-1	3060	downstream_gene_variant	NONE	c.*3060T>C	.	-1
NC_045512.2	28444	T	C	ORF3a	gene-GU280_gp03	MODIFIER	downstream_gene_variant	transcript	TRANSCRIPT_gene-GU280_gp03	protein_coding	-1	c.*2224T>C	.	-1	-1	-1	-1	-1	-1	2224	downstream_gene_variant	NONE	c.*2224T>C	.	-1
NC_045512.2	28444	T	C	E	gene-GU280_gp04	MODIFIER	downstream_gene_variant	transcript	TRANSCRIPT_gene-GU280_gp04	protein_coding	-1	c.*1972T>C	.	-1	-1	-1	-1	-1	-1	1972	downstream_gene_variant	NONE	c.*1972T>C	.	-1
NC_045512.2	28444	T	C	M	gene-GU280_gp05	MODIFIER	downstream_gene_variant	transcript	TRANSCRIPT_gene-GU280_gp05	protein_coding	-1	c.*1253T>C	.	-1	-1	-1	-1	-1	-1	1253	downstream_gene_variant	NONE	c.*1253T>C	.	-1
NC_045512.2	28444	T	C	ORF6	gene-GU280_gp06	MODIFIER	downstream_gene_variant	transcript	TRANSCRIPT_gene-GU280_gp06	protein_coding	-1	c.*1057T>C	.	-1	-1	-1	-1	-1	-1	1057	downstream_gene_variant	NONE	c.*1057T>C	.	-1
NC_045512.2	28444	T	C	ORF7a	gene-GU280_gp07	MODIFIER	downstream_gene_variant	transcript	TRANSCRIPT_gene-GU280_gp07	protein_coding	-1	c.*685T>C	.	-1	-1	-1	-1	-1	-1	685	downstream_gene_variant	NONE	c.*685T>C	.	-1
NC_045512.2	28444	T	C	ORF7b	gene-GU280_gp08	MODIFIER	downstream_gene_variant	transcript	TRANSCRIPT_gene-GU280_gp08	protein_coding	-1	c.*557T>C	.	-1	-1	-1	-1	-1	-1	557	downstream_gene_variant	NONE	c.*557T>C	.	-1
NC_045512.2	28444	T	C	ORF8	gene-GU280_gp09	MODIFIER	downstream_gene_variant	transcript	TRANSCRIPT_gene-GU280_gp09	protein_coding	-1	c.*185T>C	.	-1	-1	-1	-1	-1	-1	185	downstream_gene_variant	NONE	c.*185T>C	.	-1
NC_045512.2	28539	G	C	N	gene-GU280_gp10	MODERATE	missense_variant	transcript	TRANSCRIPT_gene-GU280_gp10	protein_coding	1	c.266G>C	p.Arg89Thr	266	1260	266	1260	89	419	0	missense_variant	NONE	c.266G>C	p.Arg89Thr	419
NC_045512.2	28539	G	C	ORF10	gene-GU280_gp11	MODIFIER	upstream_gene_variant	transcript	TRANSCRIPT_gene-GU280_gp11	protein_coding	-1	c.-1019G>C	.	-1	-1	-1	-1	-1	-1	1019	upstream_gene_variant	NONE	c.-1019G>C	.	-1
NC_045512.2	28539	G	C	S	gene-GU280_gp02	MODIFIER	downstream_gene_variant	transcript	TRANSCRIPT_gene-GU280_gp02	protein_coding	-1	c.*3155G>C	.	-1	-1	-1	-1	-1	-1	3155	downstream_gene_variant	NONE	c.*3155G>C	.	-1
NC_045512.2	28539	G	C	ORF3a	gene-GU280_gp03	MODIFIER	downstream_gene_variant	transcript	TRANSCRIPT_gene-GU280_gp03	protein_coding	-1	c.*2319G>C	.	-1	-1	-1	-1	-1	-1	2319	downstream_gene_variant	NONE	c.*2319G>C	.	-1
NC_045512.2	28539	G	C	E	gene-GU280_gp04	MODIFIER	downstream_gene_variant	transcript	TRANSCRIPT_gene-GU280_gp04	protein_coding	-1	c.*2067G>C	.	-1	-1	-1	-1	-1	-1	2067	downstream_gene_variant	NONE	c.*2067G>C	.	-1
NC_045512.2	28539	G	C	M	gene-GU280_gp05	MODIFIER	downstream_gene_variant	transcript	TRANSCRIPT_gene-GU280_gp05	protein_coding	-1	c.*1348G>C	.	-1	-1	-1	-1	-1	-1	1348	downstream_gene_variant	NONE	c.*1348G>C	.	-1
NC_045512.2	28539	G	C	ORF6	gene-GU280_gp06	MODIFIER	downstream_gene_variant	transcript	TRANSCRIPT_gene-GU280_gp06	protein_coding	-1	c.*1152G>C	.	-1	-1	-1	-1	-1	-1	1152	downstream_gene_variant	NONE	c.*1152G>C	.	-1
NC_045512.2	28539	G	C	ORF7a	gene-GU280_gp07	MODIFIER	downstream_gene_variant	transcript	TRANSCRIPT_gene-GU280_gp07	protein_coding	-1	c.*780G>C	.	-1	-1	-1	-1	-1	-1	780	downstream_gene_variant	NONE	c.*780G>C	.	-1
NC_045512.2	28539	G	C	ORF7b	gene-GU280_gp08	MODIFIER	downstream_gene_variant	transcript	TRANSCRIPT_gene-GU280_gp08	protein_coding	-1	c.*652G>C	.	-1	-1	-1	-1	-1	-1	652	downstream_gene_variant	NONE	c.*652G>C	.	-1
NC_045512.2	28539	G	C	ORF8	gene-GU280_gp09	MODIFIER	downstream_gene_variant	transcript	TRANSCRIPT_gene-GU280_gp09	protein_coding	-1	c.*280G>C	.	-1	-1	-1	-1	-1	-1	280	downstream_gene_variant	NONE	c.*280G>C	.	-1
NC_045512.2	28545	C	T	N	gene-GU280_gp10	MODERATE	missense_variant	transcript	TRANSCRIPT_gene-GU280_gp10	protein_coding	1	c.272C>T	p.Thr91Ile	272	1260	272	1260	91	419	0	missense_variant	NONE	c.272C>T	p.Thr91Ile	419
NC_045512.2	28545	C	T	ORF10	gene-GU280_gp11	MODIFIER	upstream_gene_variant	transcript	TRANSCRIPT_gene-GU280_gp11	protein_coding	-1	c.-1013C>T	.	-1	-1	-1	-1	-1	-1	1013	upstream_gene_variant	NONE	c.-1013C>T	.	-1
NC_045512.2	28545	C	T	S	gene-GU280_gp02	MODIFIER	downstream_gene_variant	transcript	TRANSCRIPT_gene-GU280_gp02	protein_coding	-1	c.*3161C>T	.	-1	-1	-1	-1	-1	-1	3161	downstream_gene_variant	NONE	c.*3161C>T	.	-1
NC_045512.2	28545	C	T	ORF3a	gene-GU280_gp03	MODIFIER	downstream_gene_variant	transcript	TRANSCRIPT_gene-GU280_gp03	protein_coding	-1	c.*2325C>T	.	-1	-1	-1	-1	-1	-1	2325	downstream_gene_variant	NONE	c.*2325C>T	.	-1
NC_045512.2	28545	C	T	E	gene-GU280_gp04	MODIFIER	downstream_gene_variant	transcript	TRANSCRIPT_gene-GU280_gp04	protein_coding	-1	c.*2073C>T	.	-1	-1	-1	-1	-1	-1	2073	downstream_gene_variant	NONE	c.*2073C>T	.	-1
NC_045512.2	28545	C	T	M	gene-GU280_gp05	MODIFIER	downstream_gene_variant	transcript	TRANSCRIPT_gene-GU280_gp05	protein_coding	-1	c.*1354C>T	.	-1	-1	-1	-1	-1	-1	1354	downstream_gene_variant	NONE	c.*1354C>T	.	-1
NC_045512.2	28545	C	T	ORF6	gene-GU280_gp06	MODIFIER	downstream_gene_variant	transcript	TRANSCRIPT_gene-GU280_gp06	protein_coding	-1	c.*1158C>T	.	-1	-1	-1	-1	-1	-1	1158	downstream_gene_variant	NONE	c.*1158C>T	.	-1
NC_045512.2	28545	C	T	ORF7a	gene-GU280_gp07	MODIFIER	downstream_gene_variant	transcript	TRANSCRIPT_gene-GU280_gp07	protein_coding	-1	c.*786C>T	.	-1	-1	-1	-1	-1	-1	786	downstream_gene_variant	NONE	c.*786C>T	.	-1
NC_045512.2	28545	C	T	ORF7b	gene-GU280_gp08	MODIFIER	downstream_gene_variant	transcript	TRANSCRIPT_gene-GU280_gp08	protein_coding	-1	c.*658C>T	.	-1	-1	-1	-1	-1	-1	658	downstream_gene_variant	NONE	c.*658C>T	.	-1
NC_045512.2	28545	C	T	ORF8	gene-GU280_gp09	MODIFIER	downstream_gene_variant	transcript	TRANSCRIPT_gene-GU280_gp09	protein_coding	-1	c.*286C>T	.	-1	-1	-1	-1	-1	-1	286	downstream_gene_variant	NONE	c.*286C>T	.	-1
NC_045512.2	28700	A	G	N	gene-GU280_gp10	MODERATE	missense_variant	transcript	TRANSCRIPT_gene-GU280_gp10	protein_coding	1	c.427A>G	p.Lys143Glu	427	1260	427	1260	143	419	0	missense_variant	NONE	c.427A>G	p.Lys143Glu	419
NC_045512.2	28700	A	G	ORF10	gene-GU280_gp11	MODIFIER	upstream_gene_variant	transcript	TRANSCRIPT_gene-GU280_gp11	protein_coding	-1	c.-858A>G	.	-1	-1	-1	-1	-1	-1	858	upstream_gene_variant	NONE	c.-858A>G	.	-1
NC_045512.2	28700	A	G	S	gene-GU280_gp02	MODIFIER	downstream_gene_variant	transcript	TRANSCRIPT_gene-GU280_gp02	protein_coding	-1	c.*3316A>G	.	-1	-1	-1	-1	-1	-1	3316	downstream_gene_variant	NONE	c.*3316A>G	.	-1
NC_045512.2	28700	A	G	ORF3a	gene-GU280_gp03	MODIFIER	downstream_gene_variant	transcript	TRANSCRIPT_gene-GU280_gp03	protein_coding	-1	c.*2480A>G	.	-1	-1	-1	-1	-1	-1	2480	downstream_gene_variant	NONE	c.*2480A>G	.	-1
NC_045512.2	28700	A	G	E	gene-GU280_gp04	MODIFIER	downstream_gene_variant	transcript	TRANSCRIPT_gene-GU280_gp04	protein_coding	-1	c.*2228A>G	.	-1	-1	-1	-1	-1	-1	2228	downstream_gene_variant	NONE	c.*2228A>G	.	-1
NC_045512.2	28700	A	G	M	gene-GU280_gp05	MODIFIER	downstream_gene_variant	transcript	TRANSCRIPT_gene-GU280_gp05	protein_coding	-1	c.*1509A>G	.	-1	-1	-1	-1	-1	-1	1509	downstream_gene_variant	NONE	c.*1509A>G	.	-1
NC_045512.2	28700	A	G	ORF6	gene-GU280_gp06	MODIFIER	downstream_gene_variant	transcript	TRANSCRIPT_gene-GU280_gp06	protein_coding	-1	c.*1313A>G	.	-1	-1	-1	-1	-1	-1	1313	downstream_gene_variant	NONE	c.*1313A>G	.	-1
NC_045512.2	28700	A	G	ORF7a	gene-GU280_gp07	MODIFIER	downstream_gene_variant	transcript	TRANSCRIPT_gene-GU280_gp07	protein_coding	-1	c.*941A>G	.	-1	-1	-1	-1	-1	-1	941	downstream_gene_variant	NONE	c.*941A>G	.	-1
NC_045512.2	28700	A	G	ORF7b	gene-GU280_gp08	MODIFIER	downstream_gene_variant	transcript	TRANSCRIPT_gene-GU280_gp08	protein_coding	-1	c.*813A>G	.	-1	-1	-1	-1	-1	-1	813	downstream_gene_variant	NONE	c.*813A>G	.	-1
NC_045512.2	28700	A	G	ORF8	gene-GU280_gp09	MODIFIER	downstream_gene_variant	transcript	TRANSCRIPT_gene-GU280_gp09	protein_coding	-1	c.*441A>G	.	-1	-1	-1	-1	-1	-1	441	downstream_gene_variant	NONE	c.*441A>G	.	-1
NC_045512.2	28739	G	T	N	gene-GU280_gp10	MODERATE	missense_variant	transcript	TRANSCRIPT_gene-GU280_gp10	protein_coding	1	c.466G>T	p.Ala156Ser	466	1260	466	1260	156	419	0	missense_variant	NONE	c.466G>T	p.Ala156Ser	419
NC_045512.2	28739	G	T	ORF10	gene-GU280_gp11	MODIFIER	upstream_gene_variant	transcript	TRANSCRIPT_gene-GU280_gp11	protein_coding	-1	c.-819G>T	.	-1	-1	-1	-1	-1	-1	819	upstream_gene_variant	NONE	c.-819G>T	.	-1
NC_045512.2	28739	G	T	S	gene-GU280_gp02	MODIFIER	downstream_gene_variant	transcript	TRANSCRIPT_gene-GU280_gp02	protein_coding	-1	c.*3355G>T	.	-1	-1	-1	-1	-1	-1	3355	downstream_gene_variant	NONE	c.*3355G>T	.	-1
NC_045512.2	28739	G	T	ORF3a	gene-GU280_gp03	MODIFIER	downstream_gene_variant	transcript	TRANSCRIPT_gene-GU280_gp03	protein_coding	-1	c.*2519G>T	.	-1	-1	-1	-1	-1	-1	2519	downstream_gene_variant	NONE	c.*2519G>T	.	-1
NC_045512.2	28739	G	T	E	gene-GU280_gp04	MODIFIER	downstream_gene_variant	transcript	TRANSCRIPT_gene-GU280_gp04	protein_coding	-1	c.*2267G>T	.	-1	-1	-1	-1	-1	-1	2267	downstream_gene_variant	NONE	c.*2267G>T	.	-1
NC_045512.2	28739	G	T	M	gene-GU280_gp05	MODIFIER	downstream_gene_variant	transcript	TRANSCRIPT_gene-GU280_gp05	protein_coding	-1	c.*1548G>T	.	-1	-1	-1	-1	-1	-1	1548	downstream_gene_variant	NONE	c.*1548G>T	.	-1
NC_045512.2	28739	G	T	ORF6	gene-GU280_gp06	MODIFIER	downstream_gene_variant	transcript	TRANSCRIPT_gene-GU280_gp06	protein_coding	-1	c.*1352G>T	.	-1	-1	-1	-1	-1	-1	1352	downstream_gene_variant	NONE	c.*1352G>T	.	-1
NC_045512.2	28739	G	T	ORF7a	gene-GU280_gp07	MODIFIER	downstream_gene_variant	transcript	TRANSCRIPT_gene-GU280_gp07	protein_coding	-1	c.*980G>T	.	-1	-1	-1	-1	-1	-1	980	downstream_gene_variant	NONE	c.*980G>T	.	-1
NC_045512.2	28739	G	T	ORF7b	gene-GU280_gp08	MODIFIER	downstream_gene_variant	transcript	TRANSCRIPT_gene-GU280_gp08	protein_coding	-1	c.*852G>T	.	-1	-1	-1	-1	-1	-1	852	downstream_gene_variant	NONE	c.*852G>T	.	-1
NC_045512.2	28739	G	T	ORF8	gene-GU280_gp09	MODIFIER	downstream_gene_variant	transcript	TRANSCRIPT_gene-GU280_gp09	protein_coding	-1	c.*480G>T	.	-1	-1	-1	-1	-1	-1	480	downstream_gene_variant	NONE	c.*480G>T	.	-1
NC_045512.2	28887	C	T	N	gene-GU280_gp10	MODERATE	missense_variant	transcript	TRANSCRIPT_gene-GU280_gp10	protein_coding	1	c.614C>T	p.Thr205Ile	614	1260	614	1260	205	419	0	missense_variant	NONE	c.614C>T	p.Thr205Ile	419
NC_045512.2	28887	C	T	ORF10	gene-GU280_gp11	MODIFIER	upstream_gene_variant	transcript	TRANSCRIPT_gene-GU280_gp11	protein_coding	-1	c.-671C>T	.	-1	-1	-1	-1	-1	-1	671	upstream_gene_variant	NONE	c.-671C>T	.	-1
NC_045512.2	28887	C	T	S	gene-GU280_gp02	MODIFIER	downstream_gene_variant	transcript	TRANSCRIPT_gene-GU280_gp02	protein_coding	-1	c.*3503C>T	.	-1	-1	-1	-1	-1	-1	3503	downstream_gene_variant	NONE	c.*3503C>T	.	-1
NC_045512.2	28887	C	T	ORF3a	gene-GU280_gp03	MODIFIER	downstream_gene_variant	transcript	TRANSCRIPT_gene-GU280_gp03	protein_coding	-1	c.*2667C>T	.	-1	-1	-1	-1	-1	-1	2667	downstream_gene_variant	NONE	c.*2667C>T	.	-1
NC_045512.2	28887	C	T	E	gene-GU280_gp04	MODIFIER	downstream_gene_variant	transcript	TRANSCRIPT_gene-GU280_gp04	protein_coding	-1	c.*2415C>T	.	-1	-1	-1	-1	-1	-1	2415	downstream_gene_variant	NONE	c.*2415C>T	.	-1
NC_045512.2	28887	C	T	M	gene-GU280_gp05	MODIFIER	downstream_gene_variant	transcript	TRANSCRIPT_gene-GU280_gp05	protein_coding	-1	c.*1696C>T	.	-1	-1	-1	-1	-1	-1	1696	downstream_gene_variant	NONE	c.*1696C>T	.	-1
NC_045512.2	28887	C	T	ORF6	gene-GU280_gp06	MODIFIER	downstream_gene_variant	transcript	TRANSCRIPT_gene-GU280_gp06	protein_coding	-1	c.*1500C>T	.	-1	-1	-1	-1	-1	-1	1500	downstream_gene_variant	NONE	c.*1500C>T	.	-1
NC_045512.2	28887	C	T	ORF7a	gene-GU280_gp07	MODIFIER	downstream_gene_variant	transcript	TRANSCRIPT_gene-GU280_gp07	protein_coding	-1	c.*1128C>T	.	-1	-1	-1	-1	-1	-1	1128	downstream_gene_variant	NONE	c.*1128C>T	.	-1
NC_045512.2	28887	C	T	ORF7b	gene-GU280_gp08	MODIFIER	downstream_gene_variant	transcript	TRANSCRIPT_gene-GU280_gp08	protein_coding	-1	c.*1000C>T	.	-1	-1	-1	-1	-1	-1	1000	downstream_gene_variant	NONE	c.*1000C>T	.	-1
NC_045512.2	28887	C	T	ORF8	gene-GU280_gp09	MODIFIER	downstream_gene_variant	transcript	TRANSCRIPT_gene-GU280_gp09	protein_coding	-1	c.*628C>T	.	-1	-1	-1	-1	-1	-1	628	downstream_gene_variant	NONE	c.*628C>T	.	-1
NC_045512.2	29051	C	CA	N	gene-GU280_gp10	HIGH	frameshift_variant	transcript	TRANSCRIPT_gene-GU280_gp10	protein_coding	1	c.783dupA	p.Arg262fs	784	1260	784	1260	262	419	0	frameshift_variant	NONE	c.783dupA	p.Arg262fs	419
NC_045512.2	29051	C	CA	ORF10	gene-GU280_gp11	MODIFIER	upstream_gene_variant	transcript	TRANSCRIPT_gene-GU280_gp11	protein_coding	-1	c.-507_-506insA	.	-1	-1	-1	-1	-1	-1	506	upstream_gene_variant	NONE	c.-507_-506insA	.	-1
NC_045512.2	29051	C	CA	S	gene-GU280_gp02	MODIFIER	downstream_gene_variant	transcript	TRANSCRIPT_gene-GU280_gp02	protein_coding	-1	c.*3667_*3668insA	.	-1	-1	-1	-1	-1	-1	3668	downstream_gene_variant	NONE	c.*3667_*3668insA	.	-1
NC_045512.2	29051	C	CA	ORF3a	gene-GU280_gp03	MODIFIER	downstream_gene_variant	transcript	TRANSCRIPT_gene-GU280_gp03	protein_coding	-1	c.*2831_*2832insA	.	-1	-1	-1	-1	-1	-1	2832	downstream_gene_variant	NONE	c.*2831_*2832insA	.	-1
NC_045512.2	29051	C	CA	E	gene-GU280_gp04	MODIFIER	downstream_gene_variant	transcript	TRANSCRIPT_gene-GU280_gp04	protein_coding	-1	c.*2579_*2580insA	.	-1	-1	-1	-1	-1	-1	2580	downstream_gene_variant	NONE	c.*2579_*2580insA	.	-1
NC_045512.2	29051	C	CA	M	gene-GU280_gp05	MODIFIER	downstream_gene_variant	transcript	TRANSCRIPT_gene-GU280_gp05	protein_coding	-1	c.*1860_*1861insA	.	-1	-1	-1	-1	-1	-1	1861	downstream_gene_variant	NONE	c.*1860_*1861insA	.	-1
NC_045512.2	29051	C	CA	ORF6	gene-GU280_gp06	MODIFIER	downstream_gene_variant	transcript	TRANSCRIPT_gene-GU280_gp06	protein_coding	-1	c.*1664_*1665insA	.	-1	-1	-1	-1	-1	-1	1665	downstream_gene_variant	NONE	c.*1664_*1665insA	.	-1
NC_045512.2	29051	C	CA	ORF7a	gene-GU280_gp07	MODIFIER	downstream_gene_variant	transcript	TRANSCRIPT_gene-GU280_gp07	protein_coding	-1	c.*1292_*1293insA	.	-1	-1	-1	-1	-1	-1	1293	downstream_gene_variant	NONE	c.*1292_*1293insA	.	-1
NC_045512.2	29051	C	CA	ORF7b	gene-GU280_gp08	MODIFIER	downstream_gene_variant	transcript	TRANSCRIPT_gene-GU280_gp08	protein_coding	-1	c.*1164_*1165insA	.	-1	-1	-1	-1	-1	-1	1165	downstream_gene_variant	NONE	c.*1164_*1165insA	.	-1
NC_045512.2	29051	C	CA	ORF8	gene-GU280_gp09	MODIFIER	downstream_gene_variant	transcript	TRANSCRIPT_gene-GU280_gp09	protein_coding	-1	c.*792_*793insA	.	-1	-1	-1	-1	-1	-1	793	downstream_gene_variant	NONE	c.*792_*793insA	.	-1
NC_045512.2	29131	T	G	N	gene-GU280_gp10	MODERATE	missense_variant	transcript	TRANSCRIPT_gene-GU280_gp10	protein_coding	1	c.858T>G	p.Phe286Leu	858	1260	858	1260	286	419	0	missense_variant	NONE	c.858T>G	p.Phe286Leu	419
NC_045512.2	29131	T	G	ORF10	gene-GU280_gp11	MODIFIER	upstream_gene_variant	transcript	TRANSCRIPT_gene-GU280_gp11	protein_coding	-1	c.-427T>G	.	-1	-1	-1	-1	-1	-1	427	upstream_gene_variant	NONE	c.-427T>G	.	-1
NC_045512.2	29131	T	G	S	gene-GU280_gp02	MODIFIER	downstream_gene_variant	transcript	TRANSCRIPT_gene-GU280_gp02	protein_coding	-1	c.*3747T>G	.	-1	-1	-1	-1	-1	-1	3747	downstream_gene_variant	NONE	c.*3747T>G	.	-1
NC_045512.2	29131	T	G	ORF3a	gene-GU280_gp03	MODIFIER	downstream_gene_variant	transcript	TRANSCRIPT_gene-GU280_gp03	protein_coding	-1	c.*2911T>G	.	-1	-1	-1	-1	-1	-1	2911	downstream_gene_variant	NONE	c.*2911T>G	.	-1
NC_045512.2	29131	T	G	E	gene-GU280_gp04	MODIFIER	downstream_gene_variant	transcript	TRANSCRIPT_gene-GU280_gp04	protein_coding	-1	c.*2659T>G	.	-1	-1	-1	-1	-1	-1	2659	downstream_gene_variant	NONE	c.*2659T>G	.	-1
NC_045512.2	29131	T	G	M	gene-GU280_gp05	MODIFIER	downstream_gene_variant	transcript	TRANSCRIPT_gene-GU280_gp05	protein_coding	-1	c.*1940T>G	.	-1	-1	-1	-1	-1	-1	1940	downstream_gene_variant	NONE	c.*1940T>G	.	-1
NC_045512.2	29131	T	G	ORF6	gene-GU280_gp06	MODIFIER	downstream_gene_variant	transcript	TRANSCRIPT_gene-GU280_gp06	protein_coding	-1	c.*1744T>G	.	-1	-1	-1	-1	-1	-1	1744	downstream_gene_variant	NONE	c.*1744T>G	.	-1
NC_045512.2	29131	T	G	ORF7a	gene-GU280_gp07	MODIFIER	downstream_gene_variant	transcript	TRANSCRIPT_gene-GU280_gp07	protein_coding	-1	c.*1372T>G	.	-1	-1	-1	-1	-1	-1	1372	downstream_gene_variant	NONE	c.*1372T>G	.	-1
NC_045512.2	29131	T	G	ORF7b	gene-GU280_gp08	MODIFIER	downstream_gene_variant	transcript	TRANSCRIPT_gene-GU280_gp08	protein_coding	-1	c.*1244T>G	.	-1	-1	-1	-1	-1	-1	1244	downstream_gene_variant	NONE	c.*1244T>G	.	-1
NC_045512.2	29131	T	G	ORF8	gene-GU280_gp09	MODIFIER	downstream_gene_variant	transcript	TRANSCRIPT_gene-GU280_gp09	protein_coding	-1	c.*872T>G	.	-1	-1	-1	-1	-1	-1	872	downstream_gene_variant	NONE	c.*872T>G	.	-1
NC_045512.2	29291	G	A	N	gene-GU280_gp10	MODERATE	missense_variant	transcript	TRANSCRIPT_gene-GU280_gp10	protein_coding	1	c.1018G>A	p.Asp340Asn	1018	1260	1018	1260	340	419	0	missense_variant	NONE	c.1018G>A	p.Asp340Asn	419
NC_045512.2	29291	G	A	ORF10	gene-GU280_gp11	MODIFIER	upstream_gene_variant	transcript	TRANSCRIPT_gene-GU280_gp11	protein_coding	-1	c.-267G>A	.	-1	-1	-1	-1	-1	-1	267	upstream_gene_variant	NONE	c.-267G>A	.	-1
NC_045512.2	29291	G	A	S	gene-GU280_gp02	MODIFIER	downstream_gene_variant	transcript	TRANSCRIPT_gene-GU280_gp02	protein_coding	-1	c.*3907G>A	.	-1	-1	-1	-1	-1	-1	3907	downstream_gene_variant	NONE	c.*3907G>A	.	-1
NC_045512.2	29291	G	A	ORF3a	gene-GU280_gp03	MODIFIER	downstream_gene_variant	transcript	TRANSCRIPT_gene-GU280_gp03	protein_coding	-1	c.*3071G>A	.	-1	-1	-1	-1	-1	-1	3071	downstream_gene_variant	NONE	c.*3071G>A	.	-1
NC_045512.2	29291	G	A	E	gene-GU280_gp04	MODIFIER	downstream_gene_variant	transcript	TRANSCRIPT_gene-GU280_gp04	protein_coding	-1	c.*2819G>A	.	-1	-1	-1	-1	-1	-1	2819	downstream_gene_variant	NONE	c.*2819G>A	.	-1
NC_045512.2	29291	G	A	M	gene-GU280_gp05	MODIFIER	downstream_gene_variant	transcript	TRANSCRIPT_gene-GU280_gp05	protein_coding	-1	c.*2100G>A	.	-1	-1	-1	-1	-1	-1	2100	downstream_gene_variant	NONE	c.*2100G>A	.	-1
NC_045512.2	29291	G	A	ORF6	gene-GU280_gp06	MODIFIER	downstream_gene_variant	transcript	TRANSCRIPT_gene-GU280_gp06	protein_coding	-1	c.*1904G>A	.	-1	-1	-1	-1	-1	-1	1904	downstream_gene_variant	NONE	c.*1904G>A	.	-1
NC_045512.2	29291	G	A	ORF7a	gene-GU280_gp07	MODIFIER	downstream_gene_variant	transcript	TRANSCRIPT_gene-GU280_gp07	protein_coding	-1	c.*1532G>A	.	-1	-1	-1	-1	-1	-1	1532	downstream_gene_variant	NONE	c.*1532G>A	.	-1
NC_045512.2	29291	G	A	ORF7b	gene-GU280_gp08	MODIFIER	downstream_gene_variant	transcript	TRANSCRIPT_gene-GU280_gp08	protein_coding	-1	c.*1404G>A	.	-1	-1	-1	-1	-1	-1	1404	downstream_gene_variant	NONE	c.*1404G>A	.	-1
NC_045512.2	29291	G	A	ORF8	gene-GU280_gp09	MODIFIER	downstream_gene_variant	transcript	TRANSCRIPT_gene-GU280_gp09	protein_coding	-1	c.*1032G>A	.	-1	-1	-1	-1	-1	-1	1032	downstream_gene_variant	NONE	c.*1032G>A	.	-1
NC_045512.2	29362	C	T	N	gene-GU280_gp10	LOW	synonymous_variant	transcript	TRANSCRIPT_gene-GU280_gp10	protein_coding	1	c.1089C>T	p.Phe363Phe	1089	1260	1089	1260	363	419	0	synonymous_variant	NONE	c.1089C>T	p.Phe363Phe	419
NC_045512.2	29362	C	T	ORF10	gene-GU280_gp11	MODIFIER	upstream_gene_variant	transcript	TRANSCRIPT_gene-GU280_gp11	protein_coding	-1	c.-196C>T	.	-1	-1	-1	-1	-1	-1	196	upstream_gene_variant	NONE	c.-196C>T	.	-1
NC_045512.2	29362	C	T	S	gene-GU280_gp02	MODIFIER	downstream_gene_variant	transcript	TRANSCRIPT_gene-GU280_gp02	protein_coding	-1	c.*3978C>T	.	-1	-1	-1	-1	-1	-1	3978	downstream_gene_variant	NONE	c.*3978C>T	.	-1
NC_045512.2	29362	C	T	ORF3a	gene-GU280_gp03	MODIFIER	downstream_gene_variant	transcript	TRANSCRIPT_gene-GU280_gp03	protein_coding	-1	c.*3142C>T	.	-1	-1	-1	-1	-1	-1	3142	downstream_gene_variant	NONE	c.*3142C>T	.	-1
NC_045512.2	29362	C	T	E	gene-GU280_gp04	MODIFIER	downstream_gene_variant	transcript	TRANSCRIPT_gene-GU280_gp04	protein_coding	-1	c.*2890C>T	.	-1	-1	-1	-1	-1	-1	2890	downstream_gene_variant	NONE	c.*2890C>T	.	-1
NC_045512.2	29362	C	T	M	gene-GU280_gp05	MODIFIER	downstream_gene_variant	transcript	TRANSCRIPT_gene-GU280_gp05	protein_coding	-1	c.*2171C>T	.	-1	-1	-1	-1	-1	-1	2171	downstream_gene_variant	NONE	c.*2171C>T	.	-1
NC_045512.2	29362	C	T	ORF6	gene-GU280_gp06	MODIFIER	downstream_gene_variant	transcript	TRANSCRIPT_gene-GU280_gp06	protein_coding	-1	c.*1975C>T	.	-1	-1	-1	-1	-1	-1	1975	downstream_gene_variant	NONE	c.*1975C>T	.	-1
NC_045512.2	29362	C	T	ORF7a	gene-GU280_gp07	MODIFIER	downstream_gene_variant	transcript	TRANSCRIPT_gene-GU280_gp07	protein_coding	-1	c.*1603C>T	.	-1	-1	-1	-1	-1	-1	1603	downstream_gene_variant	NONE	c.*1603C>T	.	-1
NC_045512.2	29362	C	T	ORF7b	gene-GU280_gp08	MODIFIER	downstream_gene_variant	transcript	TRANSCRIPT_gene-GU280_gp08	protein_coding	-1	c.*1475C>T	.	-1	-1	-1	-1	-1	-1	1475	downstream_gene_variant	NONE	c.*1475C>T	.	-1
NC_045512.2	29362	C	T	ORF8	gene-GU280_gp09	MODIFIER	downstream_gene_variant	transcript	TRANSCRIPT_gene-GU280_gp09	protein_coding	-1	c.*1103C>T	.	-1	-1	-1	-1	-1	-1	1103	downstream_gene_variant	NONE	c.*1103C>T	.	-1
NC_045512.2	29388	A	G	N	gene-GU280_gp10	MODERATE	missense_variant	transcript	TRANSCRIPT_gene-GU280_gp10	protein_coding	1	c.1115A>G	p.Lys372Arg	1115	1260	1115	1260	372	419	0	missense_variant	NONE	c.1115A>G	p.Lys372Arg	419
NC_045512.2	29388	A	G	ORF10	gene-GU280_gp11	MODIFIER	upstream_gene_variant	transcript	TRANSCRIPT_gene-GU280_gp11	protein_coding	-1	c.-170A>G	.	-1	-1	-1	-1	-1	-1	170	upstream_gene_variant	NONE	c.-170A>G	.	-1
NC_045512.2	29388	A	G	S	gene-GU280_gp02	MODIFIER	downstream_gene_variant	transcript	TRANSCRIPT_gene-GU280_gp02	protein_coding	-1	c.*4004A>G	.	-1	-1	-1	-1	-1	-1	4004	downstream_gene_variant	NONE	c.*4004A>G	.	-1
NC_045512.2	29388	A	G	ORF3a	gene-GU280_gp03	MODIFIER	downstream_gene_variant	transcript	TRANSCRIPT_gene-GU280_gp03	protein_coding	-1	c.*3168A>G	.	-1	-1	-1	-1	-1	-1	3168	downstream_gene_variant	NONE	c.*3168A>G	.	-1
NC_045512.2	29388	A	G	E	gene-GU280_gp04	MODIFIER	downstream_gene_variant	transcript	TRANSCRIPT_gene-GU280_gp04	protein_coding	-1	c.*2916A>G	.	-1	-1	-1	-1	-1	-1	2916	downstream_gene_variant	NONE	c.*2916A>G	.	-1
NC_045512.2	29388	A	G	M	gene-GU280_gp05	MODIFIER	downstream_gene_variant	transcript	TRANSCRIPT_gene-GU280_gp05	protein_coding	-1	c.*2197A>G	.	-1	-1	-1	-1	-1	-1	2197	downstream_gene_variant	NONE	c.*2197A>G	.	-1
NC_045512.2	29388	A	G	ORF6	gene-GU280_gp06	MODIFIER	downstream_gene_variant	transcript	TRANSCRIPT_gene-GU280_gp06	protein_coding	-1	c.*2001A>G	.	-1	-1	-1	-1	-1	-1	2001	downstream_gene_variant	NONE	c.*2001A>G	.	-1
NC_045512.2	29388	A	G	ORF7a	gene-GU280_gp07	MODIFIER	downstream_gene_variant	transcript	TRANSCRIPT_gene-GU280_gp07	protein_coding	-1	c.*1629A>G	.	-1	-1	-1	-1	-1	-1	1629	downstream_gene_variant	NONE	c.*1629A>G	.	-1
NC_045512.2	29388	A	G	ORF7b	gene-GU280_gp08	MODIFIER	downstream_gene_variant	transcript	TRANSCRIPT_gene-GU280_gp08	protein_coding	-1	c.*1501A>G	.	-1	-1	-1	-1	-1	-1	1501	downstream_gene_variant	NONE	c.*1501A>G	.	-1
NC_045512.2	29388	A	G	ORF8	gene-GU280_gp09	MODIFIER	downstream_gene_variant	transcript	TRANSCRIPT_gene-GU280_gp09	protein_coding	-1	c.*1129A>G	.	-1	-1	-1	-1	-1	-1	1129	downstream_gene_variant	NONE	c.*1129A>G	.	-1
NC_045512.2	29450	A	T	N	gene-GU280_gp10	MODERATE	missense_variant	transcript	TRANSCRIPT_gene-GU280_gp10	protein_coding	1	c.1177A>T	p.Thr393Ser	1177	1260	1177	1260	393	419	0	missense_variant	NONE	c.1177A>T	p.Thr393Ser	419
NC_045512.2	29450	A	T	ORF10	gene-GU280_gp11	MODIFIER	upstream_gene_variant	transcript	TRANSCRIPT_gene-GU280_gp11	protein_coding	-1	c.-108A>T	.	-1	-1	-1	-1	-1	-1	108	upstream_gene_variant	NONE	c.-108A>T	.	-1
NC_045512.2	29450	A	T	S	gene-GU280_gp02	MODIFIER	downstream_gene_variant	transcript	TRANSCRIPT_gene-GU280_gp02	protein_coding	-1	c.*4066A>T	.	-1	-1	-1	-1	-1	-1	4066	downstream_gene_variant	NONE	c.*4066A>T	.	-1
NC_045512.2	29450	A	T	ORF3a	gene-GU280_gp03	MODIFIER	downstream_gene_variant	transcript	TRANSCRIPT_gene-GU280_gp03	protein_coding	-1	c.*3230A>T	.	-1	-1	-1	-1	-1	-1	3230	downstream_gene_variant	NONE	c.*3230A>T	.	-1
NC_045512.2	29450	A	T	E	gene-GU280_gp04	MODIFIER	downstream_gene_variant	transcript	TRANSCRIPT_gene-GU280_gp04	protein_coding	-1	c.*2978A>T	.	-1	-1	-1	-1	-1	-1	2978	downstream_gene_variant	NONE	c.*2978A>T	.	-1
NC_045512.2	29450	A	T	M	gene-GU280_gp05	MODIFIER	downstream_gene_variant	transcript	TRANSCRIPT_gene-GU280_gp05	protein_coding	-1	c.*2259A>T	.	-1	-1	-1	-1	-1	-1	2259	downstream_gene_variant	NONE	c.*2259A>T	.	-1
NC_045512.2	29450	A	T	ORF6	gene-GU280_gp06	MODIFIER	downstream_gene_variant	transcript	TRANSCRIPT_gene-GU280_gp06	protein_coding	-1	c.*2063A>T	.	-1	-1	-1	-1	-1	-1	2063	downstream_gene_variant	NONE	c.*2063A>T	.	-1
NC_045512.2	29450	A	T	ORF7a	gene-GU280_gp07	MODIFIER	downstream_gene_variant	transcript	TRANSCRIPT_gene-GU280_gp07	protein_coding	-1	c.*1691A>T	.	-1	-1	-1	-1	-1	-1	1691	downstream_gene_variant	NONE	c.*1691A>T	.	-1
NC_045512.2	29450	A	T	ORF7b	gene-GU280_gp08	MODIFIER	downstream_gene_variant	transcript	TRANSCRIPT_gene-GU280_gp08	protein_coding	-1	c.*1563A>T	.	-1	-1	-1	-1	-1	-1	1563	downstream_gene_variant	NONE	c.*1563A>T	.	-1
NC_045512.2	29450	A	T	ORF8	gene-GU280_gp09	MODIFIER	downstream_gene_variant	transcript	TRANSCRIPT_gene-GU280_gp09	protein_coding	-1	c.*1191A>T	.	-1	-1	-1	-1	-1	-1	1191	downstream_gene_variant	NONE	c.*1191A>T	.	-1
NC_045512.2	29473	G	T	N	gene-GU280_gp10	MODERATE	missense_variant	transcript	TRANSCRIPT_gene-GU280_gp10	protein_coding	1	c.1200G>T	p.Leu400Phe	1200	1260	1200	1260	400	419	0	missense_variant	NONE	c.1200G>T	p.Leu400Phe	419
NC_045512.2	29473	G	T	ORF10	gene-GU280_gp11	MODIFIER	upstream_gene_variant	transcript	TRANSCRIPT_gene-GU280_gp11	protein_coding	-1	c.-85G>T	.	-1	-1	-1	-1	-1	-1	85	upstream_gene_variant	NONE	c.-85G>T	.	-1
NC_045512.2	29473	G	T	S	gene-GU280_gp02	MODIFIER	downstream_gene_variant	transcript	TRANSCRIPT_gene-GU280_gp02	protein_coding	-1	c.*4089G>T	.	-1	-1	-1	-1	-1	-1	4089	downstream_gene_variant	NONE	c.*4089G>T	.	-1
NC_045512.2	29473	G	T	ORF3a	gene-GU280_gp03	MODIFIER	downstream_gene_variant	transcript	TRANSCRIPT_gene-GU280_gp03	protein_coding	-1	c.*3253G>T	.	-1	-1	-1	-1	-1	-1	3253	downstream_gene_variant	NONE	c.*3253G>T	.	-1
NC_045512.2	29473	G	T	E	gene-GU280_gp04	MODIFIER	downstream_gene_variant	transcript	TRANSCRIPT_gene-GU280_gp04	protein_coding	-1	c.*3001G>T	.	-1	-1	-1	-1	-1	-1	3001	downstream_gene_variant	NONE	c.*3001G>T	.	-1
NC_045512.2	29473	G	T	M	gene-GU280_gp05	MODIFIER	downstream_gene_variant	transcript	TRANSCRIPT_gene-GU280_gp05	protein_coding	-1	c.*2282G>T	.	-1	-1	-1	-1	-1	-1	2282	downstream_gene_variant	NONE	c.*2282G>T	.	-1
NC_045512.2	29473	G	T	ORF6	gene-GU280_gp06	MODIFIER	downstream_gene_variant	transcript	TRANSCRIPT_gene-GU280_gp06	protein_coding	-1	c.*2086G>T	.	-1	-1	-1	-1	-1	-1	2086	downstream_gene_variant	NONE	c.*2086G>T	.	-1
NC_045512.2	29473	G	T	ORF7a	gene-GU280_gp07	MODIFIER	downstream_gene_variant	transcript	TRANSCRIPT_gene-GU280_gp07	protein_coding	-1	c.*1714G>T	.	-1	-1	-1	-1	-1	-1	1714	downstream_gene_variant	NONE	c.*1714G>T	.	-1
NC_045512.2	29473	G	T	ORF7b	gene-GU280_gp08	MODIFIER	downstream_gene_variant	transcript	TRANSCRIPT_gene-GU280_gp08	protein_coding	-1	c.*1586G>T	.	-1	-1	-1	-1	-1	-1	1586	downstream_gene_variant	NONE	c.*1586G>T	.	-1
NC_045512.2	29473	G	T	ORF8	gene-GU280_gp09	MODIFIER	downstream_gene_variant	transcript	TRANSCRIPT_gene-GU280_gp09	protein_coding	-1	c.*1214G>T	.	-1	-1	-1	-1	-1	-1	1214	downstream_gene_variant	NONE	c.*1214G>T	.	-1
NC_045512.2	29473	GGAT	G	N	gene-GU280_gp10	MODERATE	conservative_inframe_deletion	transcript	TRANSCRIPT_gene-GU280_gp10	protein_coding	1	c.1204_1206delGAT	p.Asp402del	1204	1260	1204	1260	402	419	0	conservative_inframe_deletion	NONE	c.1204_1206delGAT	p.Asp402del	419
NC_045512.2	29473	GGAT	G	ORF10	gene-GU280_gp11	MODIFIER	upstream_gene_variant	transcript	TRANSCRIPT_gene-GU280_gp11	protein_coding	-1	c.-84_-82delGAT	.	-1	-1	-1	-1	-1	-1	84	upstream_gene_variant	NONE	c.-84_-82delGAT	.	-1
NC_045512.2	29473	GGAT	G	S	gene-GU280_gp02	MODIFIER	downstream_gene_variant	transcript	TRANSCRIPT_gene-GU280_gp02	protein_coding	-1	c.*4090_*4092delGAT	.	-1	-1	-1	-1	-1	-1	4090	downstream_gene_variant	NONE	c.*4090_*4092delGAT	.	-1
NC_045512.2	29473	GGAT	G	ORF3a	gene-GU280_gp03	MODIFIER	downstream_gene_variant	transcript	TRANSCRIPT_gene-GU280_gp03	protein_coding	-1	c.*3254_*3256delGAT	.	-1	-1	-1	-1	-1	-1	3254	downstream_gene_variant	NONE	c.*3254_*3256delGAT	.	-1
NC_045512.2	29473	GGAT	G	E	gene-GU280_gp04	MODIFIER	downstream_gene_variant	transcript	TRANSCRIPT_gene-GU280_gp04	protein_coding	-1	c.*3002_*3004delGAT	.	-1	-1	-1	-1	-1	-1	3002	downstream_gene_variant	NONE	c.*3002_*3004delGAT	.	-1
NC_045512.2	29473	GGAT	G	M	gene-GU280_gp05	MODIFIER	downstream_gene_variant	transcript	TRANSCRIPT_gene-GU280_gp05	protein_coding	-1	c.*2283_*2285delGAT	.	-1	-1	-1	-1	-1	-1	2283	downstream_gene_variant	NONE	c.*2283_*2285delGAT	.	-1
NC_045512.2	29473	GGAT	G	ORF6	gene-GU280_gp06	MODIFIER	downstream_gene_variant	transcript	TRANSCRIPT_gene-GU280_gp06	protein_coding	-1	c.*2087_*2089delGAT	.	-1	-1	-1	-1	-1	-1	2087	downstream_gene_variant	NONE	c.*2087_*2089delGAT	.	-1
NC_045512.2	29473	GGAT	G	ORF7a	gene-GU280_gp07	MODIFIER	downstream_gene_variant	transcript	TRANSCRIPT_gene-GU280_gp07	protein_coding	-1	c.*1715_*1717delGAT	.	-1	-1	-1	-1	-1	-1	1715	downstream_gene_variant	NONE	c.*1715_*1717delGAT	.	-1
NC_045512.2	29473	GGAT	G	ORF7b	gene-GU280_gp08	MODIFIER	downstream_gene_variant	transcript	TRANSCRIPT_gene-GU280_gp08	protein_coding	-1	c.*1587_*1589delGAT	.	-1	-1	-1	-1	-1	-1	1587	downstream_gene_variant	NONE	c.*1587_*1589delGAT	.	-1
NC_045512.2	29473	GGAT	G	ORF8	gene-GU280_gp09	MODIFIER	downstream_gene_variant	transcript	TRANSCRIPT_gene-GU280_gp09	protein_coding	-1	c.*1215_*1217delGAT	.	-1	-1	-1	-1	-1	-1	1215	downstream_gene_variant	NONE	c.*1215_*1217delGAT	.	-1
NC_045512.2	29539	T	C	ORF10	gene-GU280_gp11	MODIFIER	upstream_gene_variant	transcript	TRANSCRIPT_gene-GU280_gp11	protein_coding	-1	c.-19T>C	.	-1	-1	-1	-1	-1	-1	19	upstream_gene_variant	NONE	c.-19T>C	.	-1
NC_045512.2	29539	T	C	S	gene-GU280_gp02	MODIFIER	downstream_gene_variant	transcript	TRANSCRIPT_gene-GU280_gp02	protein_coding	-1	c.*4155T>C	.	-1	-1	-1	-1	-1	-1	4155	downstream_gene_variant	NONE	c.*4155T>C	.	-1
NC_045512.2	29539	T	C	ORF3a	gene-GU280_gp03	MODIFIER	downstream_gene_variant	transcript	TRANSCRIPT_gene-GU280_gp03	protein_coding	-1	c.*3319T>C	.	-1	-1	-1	-1	-1	-1	3319	downstream_gene_variant	NONE	c.*3319T>C	.	-1
NC_045512.2	29539	T	C	E	gene-GU280_gp04	MODIFIER	downstream_gene_variant	transcript	TRANSCRIPT_gene-GU280_gp04	protein_coding	-1	c.*3067T>C	.	-1	-1	-1	-1	-1	-1	3067	downstream_gene_variant	NONE	c.*3067T>C	.	-1
NC_045512.2	29539	T	C	M	gene-GU280_gp05	MODIFIER	downstream_gene_variant	transcript	TRANSCRIPT_gene-GU280_gp05	protein_coding	-1	c.*2348T>C	.	-1	-1	-1	-1	-1	-1	2348	downstream_gene_variant	NONE	c.*2348T>C	.	-1
NC_045512.2	29539	T	C	ORF6	gene-GU280_gp06	MODIFIER	downstream_gene_variant	transcript	TRANSCRIPT_gene-GU280_gp06	protein_coding	-1	c.*2152T>C	.	-1	-1	-1	-1	-1	-1	2152	downstream_gene_variant	NONE	c.*2152T>C	.	-1
NC_045512.2	29539	T	C	ORF7a	gene-GU280_gp07	MODIFIER	downstream_gene_variant	transcript	TRANSCRIPT_gene-GU280_gp07	protein_coding	-1	c.*1780T>C	.	-1	-1	-1	-1	-1	-1	1780	downstream_gene_variant	NONE	c.*1780T>C	.	-1
NC_045512.2	29539	T	C	ORF7b	gene-GU280_gp08	MODIFIER	downstream_gene_variant	transcript	TRANSCRIPT_gene-GU280_gp08	protein_coding	-1	c.*1652T>C	.	-1	-1	-1	-1	-1	-1	1652	downstream_gene_variant	NONE	c.*1652T>C	.	-1
NC_045512.2	29539	T	C	ORF8	gene-GU280_gp09	MODIFIER	downstream_gene_variant	transcript	TRANSCRIPT_gene-GU280_gp09	protein_coding	-1	c.*1280T>C	.	-1	-1	-1	-1	-1	-1	1280	downstream_gene_variant	NONE	c.*1280T>C	.	-1
NC_045512.2	29539	T	C	N	gene-GU280_gp10	MODIFIER	downstream_gene_variant	transcript	TRANSCRIPT_gene-GU280_gp10	protein_coding	-1	c.*6T>C	.	-1	-1	-1	-1	-1	-1	6	downstream_gene_variant	NONE	c.*6T>C	.	-1
NC_045512.2	29539	T	C	N-ORF10	gene-GU280_gp10-gene-GU280_gp11	MODIFIER	intergenic_region	intergenic_region	gene-GU280_gp10-gene-GU280_gp11	.	-1	n.29539T>C	.	-1	-1	-1	-1	-1	-1	0	intergenic_region	NONE	n.29539T>C	.	-1
