CHROM	POS	REF	ALT	ANN[*].GENE	ANN[*].GENEID	ANN[*].IMPACT	ANN[*].EFFECT	ANN[*].FEATURE	ANN[*].FEATUREID	ANN[*].BIOTYPE	ANN[*].RANK	ANN[*].HGVS_C	ANN[*].HGVS_P	ANN[*].CDNA_POS	ANN[*].CDNA_LEN	ANN[*].CDS_POS	ANN[*].CDS_LEN	ANN[*].AA_POS	ANN[*].AA_LEN	ANN[*].DISTANCE	EFF[*].EFFECT	EFF[*].FUNCLASS	EFF[*].CODON	EFF[*].AA	EFF[*].AA_LEN
NC_045512.2	28	CA	C	ORF1ab	gene-GU280_gp01	MODIFIER	upstream_gene_variant	transcript	TRANSCRIPT_gene-GU280_gp01	protein_coding	-1	c.-237delA	.	-1	-1	-1	-1	-1	-1	237	upstream_gene_variant	NONE	c.-237delA	.	-1
NC_045512.2	28	CA	C	CHR_START-ORF1ab	CHR_START-gene-GU280_gp01	MODIFIER	intergenic_region	intergenic_region	CHR_START-gene-GU280_gp01	.	-1	n.29delA	.	-1	-1	-1	-1	-1	-1	0	intergenic_region	NONE	n.29delA	.	-1
NC_045512.2	241	C	T	ORF1ab	gene-GU280_gp01	MODIFIER	upstream_gene_variant	transcript	TRANSCRIPT_gene-GU280_gp01	protein_coding	-1	c.-25C>T	.	-1	-1	-1	-1	-1	-1	25	upstream_gene_variant	NONE	c.-25C>T	.	-1
NC_045512.2	241	C	T	CHR_START-ORF1ab	CHR_START-gene-GU280_gp01	MODIFIER	intergenic_region	intergenic_region	CHR_START-gene-GU280_gp01	.	-1	n.241C>T	.	-1	-1	-1	-1	-1	-1	0	intergenic_region	NONE	n.241C>T	.	-1
NC_045512.2	913	C	T	ORF1ab	gene-GU280_gp01	LOW	synonymous_variant	transcript	TRANSCRIPT_gene-GU280_gp01	protein_coding	1	c.648C>T	p.Ser216Ser	648	21290	648	21290	216	7095	0	synonymous_variant	NONE	c.648C>T	p.Ser216Ser	7095
NC_045512.2	967	T	G	ORF1ab	gene-GU280_gp01	MODERATE	missense_variant	transcript	TRANSCRIPT_gene-GU280_gp01	protein_coding	1	c.702T>G	p.His234Gln	702	21290	702	21290	234	7095	0	missense_variant	NONE	c.702T>G	p.His234Gln	7095
NC_045512.2	1059	C	T	ORF1ab	gene-GU280_gp01	MODERATE	missense_variant	transcript	TRANSCRIPT_gene-GU280_gp01	protein_coding	1	c.794C>T	p.Thr265Ile	794	21290	794	21290	265	7095	0	missense_variant	NONE	c.794C>T	p.Thr265Ile	7095
NC_045512.2	1077	CA	C	ORF1ab	gene-GU280_gp01	HIGH	frameshift_variant	transcript	TRANSCRIPT_gene-GU280_gp01	protein_coding	1	c.815delA	p.Asn272fs	815	21290	815	21290	272	7095	0	frameshift_variant	NONE	c.815delA	p.Asn272fs	7095
NC_045512.2	1946	G	GT	ORF1ab	gene-GU280_gp01	HIGH	frameshift_variant	transcript	TRANSCRIPT_gene-GU280_gp01	protein_coding	1	c.1685dupT	p.Leu562fs	1686	21290	1686	21290	562	7095	0	frameshift_variant	NONE	c.1685dupT	p.Leu562fs	7095
NC_045512.2	2110	C	T	ORF1ab	gene-GU280_gp01	LOW	synonymous_variant	transcript	TRANSCRIPT_gene-GU280_gp01	protein_coding	1	c.1845C>T	p.Asn615Asn	1845	21290	1845	21290	615	7095	0	synonymous_variant	NONE	c.1845C>T	p.Asn615Asn	7095
NC_045512.2	2246	G	A	ORF1ab	gene-GU280_gp01	MODERATE	missense_variant	transcript	TRANSCRIPT_gene-GU280_gp01	protein_coding	1	c.1981G>A	p.Gly661Ser	1981	21290	1981	21290	661	7095	0	missense_variant	NONE	c.1981G>A	p.Gly661Ser	7095
NC_045512.2	3037	C	T	ORF1ab	gene-GU280_gp01	LOW	synonymous_variant	transcript	TRANSCRIPT_gene-GU280_gp01	protein_coding	1	c.2772C>T	p.Phe924Phe	2772	21290	2772	21290	924	7095	0	synonymous_variant	NONE	c.2772C>T	p.Phe924Phe	7095
NC_045512.2	3267	C	T	ORF1ab	gene-GU280_gp01	MODERATE	missense_variant	transcript	TRANSCRIPT_gene-GU280_gp01	protein_coding	1	c.3002C>T	p.Thr1001Ile	3002	21290	3002	21290	1001	7095	0	missense_variant	NONE	c.3002C>T	p.Thr1001Ile	7095
NC_045512.2	3432	TG	T	ORF1ab	gene-GU280_gp01	HIGH	frameshift_variant	transcript	TRANSCRIPT_gene-GU280_gp01	protein_coding	1	c.3169delG	p.Val1057fs	3169	21290	3169	21290	1057	7095	0	frameshift_variant	NONE	c.3169delG	p.Val1057fs	7095
NC_045512.2	3731	G	A	ORF1ab	gene-GU280_gp01	MODERATE	missense_variant	transcript	TRANSCRIPT_gene-GU280_gp01	protein_coding	1	c.3466G>A	p.Ala1156Thr	3466	21290	3466	21290	1156	7095	0	missense_variant	NONE	c.3466G>A	p.Ala1156Thr	7095
NC_045512.2	3835	T	G	ORF1ab	gene-GU280_gp01	MODERATE	missense_variant	transcript	TRANSCRIPT_gene-GU280_gp01	protein_coding	1	c.3570T>G	p.Phe1190Leu	3570	21290	3570	21290	1190	7095	0	missense_variant	NONE	c.3570T>G	p.Phe1190Leu	7095
NC_045512.2	4530	TTTACTTTTACACCAGTAAAACAACTG	T	ORF1ab	gene-GU280_gp01	HIGH	frameshift_variant	transcript	TRANSCRIPT_gene-GU280_gp01	protein_coding	1	c.4267_4292delTACTTTTACACCAGTAAAACAACTGT	p.Tyr1423fs	4267	21290	4267	21290	1423	7095	0	frameshift_variant	NONE	c.4267_4292delTACTTTTACACCAGTAAAACAACTGT	p.Tyr1423fs	7095
NC_045512.2	4546	TA	T	ORF1ab	gene-GU280_gp01	HIGH	frameshift_variant	transcript	TRANSCRIPT_gene-GU280_gp01	protein_coding	1	c.4285delA	p.Thr1429fs	4285	21290	4285	21290	1429	7095	0	frameshift_variant	NONE	c.4285delA	p.Thr1429fs	7095
NC_045512.2	4795	C	T	ORF1ab	gene-GU280_gp01	LOW	synonymous_variant	transcript	TRANSCRIPT_gene-GU280_gp01	protein_coding	1	c.4530C>T	p.Ser1510Ser	4530	21290	4530	21290	1510	7095	0	synonymous_variant	NONE	c.4530C>T	p.Ser1510Ser	7095
NC_045512.2	5388	C	A	ORF1ab	gene-GU280_gp01	MODERATE	missense_variant	transcript	TRANSCRIPT_gene-GU280_gp01	protein_coding	1	c.5123C>A	p.Ala1708Asp	5123	21290	5123	21290	1708	7095	0	missense_variant	NONE	c.5123C>A	p.Ala1708Asp	7095
NC_045512.2	5812	CG	C	ORF1ab	gene-GU280_gp01	HIGH	frameshift_variant	transcript	TRANSCRIPT_gene-GU280_gp01	protein_coding	1	c.5549delG	p.Gly1850fs	5549	21290	5549	21290	1850	7095	0	frameshift_variant	NONE	c.5549delG	p.Gly1850fs	7095
NC_045512.2	5986	C	T	ORF1ab	gene-GU280_gp01	LOW	synonymous_variant	transcript	TRANSCRIPT_gene-GU280_gp01	protein_coding	1	c.5721C>T	p.Phe1907Phe	5721	21290	5721	21290	1907	7095	0	synonymous_variant	NONE	c.5721C>T	p.Phe1907Phe	7095
NC_045512.2	6696	C	CT	ORF1ab	gene-GU280_gp01	HIGH	frameshift_variant	transcript	TRANSCRIPT_gene-GU280_gp01	protein_coding	1	c.6435dupT	p.Leu2146fs	6436	21290	6436	21290	2146	7095	0	frameshift_variant	NONE	c.6435dupT	p.Leu2146fs	7095
NC_045512.2	6954	T	C	ORF1ab	gene-GU280_gp01	MODERATE	missense_variant	transcript	TRANSCRIPT_gene-GU280_gp01	protein_coding	1	c.6689T>C	p.Ile2230Thr	6689	21290	6689	21290	2230	7095	0	missense_variant	NONE	c.6689T>C	p.Ile2230Thr	7095
NC_045512.2	7081	C	T	ORF1ab	gene-GU280_gp01	LOW	synonymous_variant	transcript	TRANSCRIPT_gene-GU280_gp01	protein_coding	1	c.6816C>T	p.Asn2272Asn	6816	21290	6816	21290	2272	7095	0	synonymous_variant	NONE	c.6816C>T	p.Asn2272Asn	7095
NC_045512.2	8083	G	A	ORF1ab	gene-GU280_gp01	MODERATE	missense_variant	transcript	TRANSCRIPT_gene-GU280_gp01	protein_coding	1	c.7818G>A	p.Met2606Ile	7818	21290	7818	21290	2606	7095	0	missense_variant	NONE	c.7818G>A	p.Met2606Ile	7095
NC_045512.2	9502	C	T	ORF1ab	gene-GU280_gp01	LOW	synonymous_variant	transcript	TRANSCRIPT_gene-GU280_gp01	protein_coding	1	c.9237C>T	p.Ala3079Ala	9237	21290	9237	21290	3079	7095	0	synonymous_variant	NONE	c.9237C>T	p.Ala3079Ala	7095
NC_045512.2	10319	C	T	ORF1ab	gene-GU280_gp01	MODERATE	missense_variant	transcript	TRANSCRIPT_gene-GU280_gp01	protein_coding	1	c.10054C>T	p.Leu3352Phe	10054	21290	10054	21290	3352	7095	0	missense_variant	NONE	c.10054C>T	p.Leu3352Phe	7095
NC_045512.2	11074	CT	C	ORF1ab	gene-GU280_gp01	HIGH	frameshift_variant	transcript	TRANSCRIPT_gene-GU280_gp01	protein_coding	1	c.10817delT	p.Leu3606fs	10817	21290	10817	21290	3606	7095	0	frameshift_variant	NONE	c.10817delT	p.Leu3606fs	7095
NC_045512.2	11074	C	CT	ORF1ab	gene-GU280_gp01	HIGH	frameshift_variant	transcript	TRANSCRIPT_gene-GU280_gp01	protein_coding	1	c.10817dupT	p.Leu3606fs	10818	21290	10818	21290	3606	7095	0	frameshift_variant	NONE	c.10817dupT	p.Leu3606fs	7095
NC_045512.2	11240	TGG	T	ORF1ab	gene-GU280_gp01	HIGH	frameshift_variant	transcript	TRANSCRIPT_gene-GU280_gp01	protein_coding	1	c.10977_10978delGG	p.Trp3659fs	10977	21290	10977	21290	3659	7095	0	frameshift_variant	NONE	c.10977_10978delGG	p.Trp3659fs	7095
NC_045512.2	11283	G	GT	ORF1ab	gene-GU280_gp01	HIGH	frameshift_variant	transcript	TRANSCRIPT_gene-GU280_gp01	protein_coding	1	c.11021dupT	p.Leu3674fs	11022	21290	11022	21290	3674	7095	0	frameshift_variant	NONE	c.11021dupT	p.Leu3674fs	7095
NC_045512.2	11287	GTCTGGTTTT	G	ORF1ab	gene-GU280_gp01	MODERATE	conservative_inframe_deletion	transcript	TRANSCRIPT_gene-GU280_gp01	protein_coding	1	c.11023_11031delTCTGGTTTT	p.Ser3675_Phe3677del	11023	21290	11023	21290	3675	7095	0	conservative_inframe_deletion	NONE	c.11023_11031delTCTGGTTTT	p.Ser3675_Phe3677del	7095
NC_045512.2	13815	A	G	ORF1ab	gene-GU280_gp01	MODERATE	missense_variant	transcript	TRANSCRIPT_gene-GU280_gp01	protein_coding	1	c.13550A>G	p.Gln4517Arg	13550	21290	13550	21290	4517	7095	0	missense_variant	NONE	c.13550A>G	p.Gln4517Arg	7095
NC_045512.2	14120	C	T	ORF1ab	gene-GU280_gp01	HIGH	stop_gained	transcript	TRANSCRIPT_gene-GU280_gp01	protein_coding	1	c.13855C>T	p.Gln4619*	13855	21290	13855	21290	4619	7095	0	stop_gained	NONE	c.13855C>T	p.Gln4619*	7095
NC_045512.2	14408	C	T	ORF1ab	gene-GU280_gp01	LOW	synonymous_variant	transcript	TRANSCRIPT_gene-GU280_gp01	protein_coding	1	c.14143C>T	p.Leu4715Leu	14143	21290	14143	21290	4715	7095	0	synonymous_variant	NONE	c.14143C>T	p.Leu4715Leu	7095
NC_045512.2	14676	C	T	ORF1ab	gene-GU280_gp01	MODERATE	missense_variant	transcript	TRANSCRIPT_gene-GU280_gp01	protein_coding	1	c.14411C>T	p.Pro4804Leu	14411	21290	14411	21290	4804	7095	0	missense_variant	NONE	c.14411C>T	p.Pro4804Leu	7095
NC_045512.2	14805	C	T	ORF1ab	gene-GU280_gp01	MODERATE	missense_variant	transcript	TRANSCRIPT_gene-GU280_gp01	protein_coding	1	c.14540C>T	p.Thr4847Ile	14540	21290	14540	21290	4847	7095	0	missense_variant	NONE	c.14540C>T	p.Thr4847Ile	7095
NC_045512.2	15279	C	T	ORF1ab	gene-GU280_gp01	MODERATE	missense_variant	transcript	TRANSCRIPT_gene-GU280_gp01	protein_coding	1	c.15014C>T	p.Thr5005Ile	15014	21290	15014	21290	5005	7095	0	missense_variant	NONE	c.15014C>T	p.Thr5005Ile	7095
NC_045512.2	15965	G	GT	ORF1ab	gene-GU280_gp01	HIGH	frameshift_variant	transcript	TRANSCRIPT_gene-GU280_gp01	protein_coding	1	c.15704dupT	p.Leu5235fs	15705	21290	15705	21290	5235	7095	0	frameshift_variant	NONE	c.15704dupT	p.Leu5235fs	7095
NC_045512.2	16176	T	C	ORF1ab	gene-GU280_gp01	MODERATE	missense_variant	transcript	TRANSCRIPT_gene-GU280_gp01	protein_coding	1	c.15911T>C	p.Leu5304Pro	15911	21290	15911	21290	5304	7095	0	missense_variant	NONE	c.15911T>C	p.Leu5304Pro	7095
NC_045512.2	18368	G	GT	ORF1ab	gene-GU280_gp01	HIGH	frameshift_variant	transcript	TRANSCRIPT_gene-GU280_gp01	protein_coding	1	c.18108dupT	p.Leu6037fs	18109	21290	18109	21290	6037	7095	0	frameshift_variant	NONE	c.18108dupT	p.Leu6037fs	7095
NC_045512.2	18368	G	GT	S	gene-GU280_gp02	MODIFIER	upstream_gene_variant	transcript	TRANSCRIPT_gene-GU280_gp02	protein_coding	-1	c.-3195_-3194insT	.	-1	-1	-1	-1	-1	-1	3194	upstream_gene_variant	NONE	c.-3195_-3194insT	.	-1
NC_045512.2	18424	A	G	ORF1ab	gene-GU280_gp01	LOW	synonymous_variant	transcript	TRANSCRIPT_gene-GU280_gp01	protein_coding	1	c.18159A>G	p.Leu6053Leu	18159	21290	18159	21290	6053	7095	0	synonymous_variant	NONE	c.18159A>G	p.Leu6053Leu	7095
NC_045512.2	18424	A	G	S	gene-GU280_gp02	MODIFIER	upstream_gene_variant	transcript	TRANSCRIPT_gene-GU280_gp02	protein_coding	-1	c.-3139A>G	.	-1	-1	-1	-1	-1	-1	3139	upstream_gene_variant	NONE	c.-3139A>G	.	-1
NC_045512.2	19718	C	T	ORF1ab	gene-GU280_gp01	HIGH	stop_gained	transcript	TRANSCRIPT_gene-GU280_gp01	protein_coding	1	c.19453C>T	p.Gln6485*	19453	21290	19453	21290	6485	7095	0	stop_gained	NONE	c.19453C>T	p.Gln6485*	7095
NC_045512.2	19718	C	T	S	gene-GU280_gp02	MODIFIER	upstream_gene_variant	transcript	TRANSCRIPT_gene-GU280_gp02	protein_coding	-1	c.-1845C>T	.	-1	-1	-1	-1	-1	-1	1845	upstream_gene_variant	NONE	c.-1845C>T	.	-1
NC_045512.2	21304	C	T	ORF1ab	gene-GU280_gp01	LOW	synonymous_variant	transcript	TRANSCRIPT_gene-GU280_gp01	protein_coding	1	c.21039C>T	p.His7013His	21039	21290	21039	21290	7013	7095	0	synonymous_variant	NONE	c.21039C>T	p.His7013His	7095
NC_045512.2	21304	C	T	S	gene-GU280_gp02	MODIFIER	upstream_gene_variant	transcript	TRANSCRIPT_gene-GU280_gp02	protein_coding	-1	c.-259C>T	.	-1	-1	-1	-1	-1	-1	259	upstream_gene_variant	NONE	c.-259C>T	.	-1
NC_045512.2	21304	C	T	ORF3a	gene-GU280_gp03	MODIFIER	upstream_gene_variant	transcript	TRANSCRIPT_gene-GU280_gp03	protein_coding	-1	c.-4089C>T	.	-1	-1	-1	-1	-1	-1	4089	upstream_gene_variant	NONE	c.-4089C>T	.	-1
NC_045512.2	21304	C	T	E	gene-GU280_gp04	MODIFIER	upstream_gene_variant	transcript	TRANSCRIPT_gene-GU280_gp04	protein_coding	-1	c.-4941C>T	.	-1	-1	-1	-1	-1	-1	4941	upstream_gene_variant	NONE	c.-4941C>T	.	-1
NC_045512.2	21569	G	GT	S	gene-GU280_gp02	HIGH	frameshift_variant	transcript	TRANSCRIPT_gene-GU280_gp02	protein_coding	1	c.12dupT	p.Leu5fs	13	3822	13	3822	5	1273	0	frameshift_variant	NONE	c.12dupT	p.Leu5fs	1273
NC_045512.2	21569	G	GT	ORF3a	gene-GU280_gp03	MODIFIER	upstream_gene_variant	transcript	TRANSCRIPT_gene-GU280_gp03	protein_coding	-1	c.-3824_-3823insT	.	-1	-1	-1	-1	-1	-1	3823	upstream_gene_variant	NONE	c.-3824_-3823insT	.	-1
NC_045512.2	21569	G	GT	E	gene-GU280_gp04	MODIFIER	upstream_gene_variant	transcript	TRANSCRIPT_gene-GU280_gp04	protein_coding	-1	c.-4676_-4675insT	.	-1	-1	-1	-1	-1	-1	4675	upstream_gene_variant	NONE	c.-4676_-4675insT	.	-1
NC_045512.2	21569	G	GT	M	gene-GU280_gp05	MODIFIER	upstream_gene_variant	transcript	TRANSCRIPT_gene-GU280_gp05	protein_coding	-1	c.-4954_-4953insT	.	-1	-1	-1	-1	-1	-1	4953	upstream_gene_variant	NONE	c.-4954_-4953insT	.	-1
NC_045512.2	21569	G	GT	ORF1ab	gene-GU280_gp01	MODIFIER	downstream_gene_variant	transcript	TRANSCRIPT_gene-GU280_gp01	protein_coding	-1	c.*14_*15insT	.	-1	-1	-1	-1	-1	-1	15	downstream_gene_variant	NONE	c.*14_*15insT	.	-1
NC_045512.2	21575	CTTGTTTTA	C	S	gene-GU280_gp02	HIGH	frameshift_variant	transcript	TRANSCRIPT_gene-GU280_gp02	protein_coding	1	c.17_24delTTTTATTG	p.Val6fs	17	3822	17	3822	6	1273	0	frameshift_variant	NONE	c.17_24delTTTTATTG	p.Val6fs	1273
NC_045512.2	21575	CTTGTTTTA	C	ORF3a	gene-GU280_gp03	MODIFIER	upstream_gene_variant	transcript	TRANSCRIPT_gene-GU280_gp03	protein_coding	-1	c.-3817_-3810delTTGTTTTA	.	-1	-1	-1	-1	-1	-1	3817	upstream_gene_variant	NONE	c.-3817_-3810delTTGTTTTA	.	-1
NC_045512.2	21575	CTTGTTTTA	C	E	gene-GU280_gp04	MODIFIER	upstream_gene_variant	transcript	TRANSCRIPT_gene-GU280_gp04	protein_coding	-1	c.-4669_-4662delTTGTTTTA	.	-1	-1	-1	-1	-1	-1	4669	upstream_gene_variant	NONE	c.-4669_-4662delTTGTTTTA	.	-1
NC_045512.2	21575	CTTGTTTTA	C	M	gene-GU280_gp05	MODIFIER	upstream_gene_variant	transcript	TRANSCRIPT_gene-GU280_gp05	protein_coding	-1	c.-4947_-4940delTTGTTTTA	.	-1	-1	-1	-1	-1	-1	4947	upstream_gene_variant	NONE	c.-4947_-4940delTTGTTTTA	.	-1
NC_045512.2	21575	CTTGTTTTA	C	ORF1ab	gene-GU280_gp01	MODIFIER	downstream_gene_variant	transcript	TRANSCRIPT_gene-GU280_gp01	protein_coding	-1	c.*21_*28delTTGTTTTA	.	-1	-1	-1	-1	-1	-1	21	downstream_gene_variant	NONE	c.*21_*28delTTGTTTTA	.	-1
NC_045512.2	21583	A	C	S	gene-GU280_gp02	MODERATE	missense_variant	transcript	TRANSCRIPT_gene-GU280_gp02	protein_coding	1	c.21A>C	p.Leu7Phe	21	3822	21	3822	7	1273	0	missense_variant	NONE	c.21A>C	p.Leu7Phe	1273
NC_045512.2	21583	A	C	ORF3a	gene-GU280_gp03	MODIFIER	upstream_gene_variant	transcript	TRANSCRIPT_gene-GU280_gp03	protein_coding	-1	c.-3810A>C	.	-1	-1	-1	-1	-1	-1	3810	upstream_gene_variant	NONE	c.-3810A>C	.	-1
NC_045512.2	21583	A	C	E	gene-GU280_gp04	MODIFIER	upstream_gene_variant	transcript	TRANSCRIPT_gene-GU280_gp04	protein_coding	-1	c.-4662A>C	.	-1	-1	-1	-1	-1	-1	4662	upstream_gene_variant	NONE	c.-4662A>C	.	-1
NC_045512.2	21583	A	C	M	gene-GU280_gp05	MODIFIER	upstream_gene_variant	transcript	TRANSCRIPT_gene-GU280_gp05	protein_coding	-1	c.-4940A>C	.	-1	-1	-1	-1	-1	-1	4940	upstream_gene_variant	NONE	c.-4940A>C	.	-1
NC_045512.2	21583	A	C	ORF1ab	gene-GU280_gp01	MODIFIER	downstream_gene_variant	transcript	TRANSCRIPT_gene-GU280_gp01	protein_coding	-1	c.*28A>C	.	-1	-1	-1	-1	-1	-1	28	downstream_gene_variant	NONE	c.*28A>C	.	-1
NC_045512.2	21764	ATACATG	A	S	gene-GU280_gp02	MODERATE	disruptive_inframe_deletion	transcript	TRANSCRIPT_gene-GU280_gp02	protein_coding	1	c.204_209delACATGT	p.His69_Val70del	204	3822	204	3822	68	1273	0	disruptive_inframe_deletion	NONE	c.204_209delACATGT	p.His69_Val70del	1273
NC_045512.2	21764	ATACATG	A	ORF3a	gene-GU280_gp03	MODIFIER	upstream_gene_variant	transcript	TRANSCRIPT_gene-GU280_gp03	protein_coding	-1	c.-3628_-3623delTACATG	.	-1	-1	-1	-1	-1	-1	3628	upstream_gene_variant	NONE	c.-3628_-3623delTACATG	.	-1
NC_045512.2	21764	ATACATG	A	E	gene-GU280_gp04	MODIFIER	upstream_gene_variant	transcript	TRANSCRIPT_gene-GU280_gp04	protein_coding	-1	c.-4480_-4475delTACATG	.	-1	-1	-1	-1	-1	-1	4480	upstream_gene_variant	NONE	c.-4480_-4475delTACATG	.	-1
NC_045512.2	21764	ATACATG	A	M	gene-GU280_gp05	MODIFIER	upstream_gene_variant	transcript	TRANSCRIPT_gene-GU280_gp05	protein_coding	-1	c.-4758_-4753delTACATG	.	-1	-1	-1	-1	-1	-1	4758	upstream_gene_variant	NONE	c.-4758_-4753delTACATG	.	-1
NC_045512.2	21764	ATACATG	A	ORF1ab	gene-GU280_gp01	MODIFIER	downstream_gene_variant	transcript	TRANSCRIPT_gene-GU280_gp01	protein_coding	-1	c.*210_*215delTACATG	.	-1	-1	-1	-1	-1	-1	210	downstream_gene_variant	NONE	c.*210_*215delTACATG	.	-1
NC_045512.2	21990	TTTA	T	S	gene-GU280_gp02	MODERATE	disruptive_inframe_deletion	transcript	TRANSCRIPT_gene-GU280_gp02	protein_coding	1	c.432_434delTTA	p.Tyr145del	432	3822	432	3822	144	1273	0	disruptive_inframe_deletion	NONE	c.432_434delTTA	p.Tyr145del	1273
NC_045512.2	21990	TTTA	T	ORF3a	gene-GU280_gp03	MODIFIER	upstream_gene_variant	transcript	TRANSCRIPT_gene-GU280_gp03	protein_coding	-1	c.-3402_-3400delTTA	.	-1	-1	-1	-1	-1	-1	3402	upstream_gene_variant	NONE	c.-3402_-3400delTTA	.	-1
NC_045512.2	21990	TTTA	T	E	gene-GU280_gp04	MODIFIER	upstream_gene_variant	transcript	TRANSCRIPT_gene-GU280_gp04	protein_coding	-1	c.-4254_-4252delTTA	.	-1	-1	-1	-1	-1	-1	4254	upstream_gene_variant	NONE	c.-4254_-4252delTTA	.	-1
NC_045512.2	21990	TTTA	T	M	gene-GU280_gp05	MODIFIER	upstream_gene_variant	transcript	TRANSCRIPT_gene-GU280_gp05	protein_coding	-1	c.-4532_-4530delTTA	.	-1	-1	-1	-1	-1	-1	4532	upstream_gene_variant	NONE	c.-4532_-4530delTTA	.	-1
NC_045512.2	21990	TTTA	T	ORF1ab	gene-GU280_gp01	MODIFIER	downstream_gene_variant	transcript	TRANSCRIPT_gene-GU280_gp01	protein_coding	-1	c.*436_*438delTTA	.	-1	-1	-1	-1	-1	-1	436	downstream_gene_variant	NONE	c.*436_*438delTTA	.	-1
NC_045512.2	22218	GT	G	S	gene-GU280_gp02	HIGH	frameshift_variant	transcript	TRANSCRIPT_gene-GU280_gp02	protein_coding	1	c.661delT	p.Ser221fs	661	3822	661	3822	221	1273	0	frameshift_variant	NONE	c.661delT	p.Ser221fs	1273
NC_045512.2	22218	GT	G	ORF3a	gene-GU280_gp03	MODIFIER	upstream_gene_variant	transcript	TRANSCRIPT_gene-GU280_gp03	protein_coding	-1	c.-3174delT	.	-1	-1	-1	-1	-1	-1	3174	upstream_gene_variant	NONE	c.-3174delT	.	-1
NC_045512.2	22218	GT	G	E	gene-GU280_gp04	MODIFIER	upstream_gene_variant	transcript	TRANSCRIPT_gene-GU280_gp04	protein_coding	-1	c.-4026delT	.	-1	-1	-1	-1	-1	-1	4026	upstream_gene_variant	NONE	c.-4026delT	.	-1
NC_045512.2	22218	GT	G	M	gene-GU280_gp05	MODIFIER	upstream_gene_variant	transcript	TRANSCRIPT_gene-GU280_gp05	protein_coding	-1	c.-4304delT	.	-1	-1	-1	-1	-1	-1	4304	upstream_gene_variant	NONE	c.-4304delT	.	-1
NC_045512.2	22218	GT	G	ORF6	gene-GU280_gp06	MODIFIER	upstream_gene_variant	transcript	TRANSCRIPT_gene-GU280_gp06	protein_coding	-1	c.-4983delT	.	-1	-1	-1	-1	-1	-1	4983	upstream_gene_variant	NONE	c.-4983delT	.	-1
NC_045512.2	22218	GT	G	ORF1ab	gene-GU280_gp01	MODIFIER	downstream_gene_variant	transcript	TRANSCRIPT_gene-GU280_gp01	protein_coding	-1	c.*664delT	.	-1	-1	-1	-1	-1	-1	664	downstream_gene_variant	NONE	c.*664delT	.	-1
NC_045512.2	23063	A	T	S	gene-GU280_gp02	MODERATE	missense_variant	transcript	TRANSCRIPT_gene-GU280_gp02	protein_coding	1	c.1501A>T	p.Asn501Tyr	1501	3822	1501	3822	501	1273	0	missense_variant	NONE	c.1501A>T	p.Asn501Tyr	1273
NC_045512.2	23063	A	T	ORF3a	gene-GU280_gp03	MODIFIER	upstream_gene_variant	transcript	TRANSCRIPT_gene-GU280_gp03	protein_coding	-1	c.-2330A>T	.	-1	-1	-1	-1	-1	-1	2330	upstream_gene_variant	NONE	c.-2330A>T	.	-1
NC_045512.2	23063	A	T	E	gene-GU280_gp04	MODIFIER	upstream_gene_variant	transcript	TRANSCRIPT_gene-GU280_gp04	protein_coding	-1	c.-3182A>T	.	-1	-1	-1	-1	-1	-1	3182	upstream_gene_variant	NONE	c.-3182A>T	.	-1
NC_045512.2	23063	A	T	M	gene-GU280_gp05	MODIFIER	upstream_gene_variant	transcript	TRANSCRIPT_gene-GU280_gp05	protein_coding	-1	c.-3460A>T	.	-1	-1	-1	-1	-1	-1	3460	upstream_gene_variant	NONE	c.-3460A>T	.	-1
NC_045512.2	23063	A	T	ORF6	gene-GU280_gp06	MODIFIER	upstream_gene_variant	transcript	TRANSCRIPT_gene-GU280_gp06	protein_coding	-1	c.-4139A>T	.	-1	-1	-1	-1	-1	-1	4139	upstream_gene_variant	NONE	c.-4139A>T	.	-1
NC_045512.2	23063	A	T	ORF7a	gene-GU280_gp07	MODIFIER	upstream_gene_variant	transcript	TRANSCRIPT_gene-GU280_gp07	protein_coding	-1	c.-4331A>T	.	-1	-1	-1	-1	-1	-1	4331	upstream_gene_variant	NONE	c.-4331A>T	.	-1
NC_045512.2	23063	A	T	ORF7b	gene-GU280_gp08	MODIFIER	upstream_gene_variant	transcript	TRANSCRIPT_gene-GU280_gp08	protein_coding	-1	c.-4693A>T	.	-1	-1	-1	-1	-1	-1	4693	upstream_gene_variant	NONE	c.-4693A>T	.	-1
NC_045512.2	23063	A	T	ORF8	gene-GU280_gp09	MODIFIER	upstream_gene_variant	transcript	TRANSCRIPT_gene-GU280_gp09	protein_coding	-1	c.-4831A>T	.	-1	-1	-1	-1	-1	-1	4831	upstream_gene_variant	NONE	c.-4831A>T	.	-1
NC_045512.2	23063	A	T	ORF1ab	gene-GU280_gp01	MODIFIER	downstream_gene_variant	transcript	TRANSCRIPT_gene-GU280_gp01	protein_coding	-1	c.*1508A>T	.	-1	-1	-1	-1	-1	-1	1508	downstream_gene_variant	NONE	c.*1508A>T	.	-1
NC_045512.2	23271	C	A	S	gene-GU280_gp02	MODERATE	missense_variant	transcript	TRANSCRIPT_gene-GU280_gp02	protein_coding	1	c.1709C>A	p.Ala570Asp	1709	3822	1709	3822	570	1273	0	missense_variant	NONE	c.1709C>A	p.Ala570Asp	1273
NC_045512.2	23271	C	A	ORF3a	gene-GU280_gp03	MODIFIER	upstream_gene_variant	transcript	TRANSCRIPT_gene-GU280_gp03	protein_coding	-1	c.-2122C>A	.	-1	-1	-1	-1	-1	-1	2122	upstream_gene_variant	NONE	c.-2122C>A	.	-1
NC_045512.2	23271	C	A	E	gene-GU280_gp04	MODIFIER	upstream_gene_variant	transcript	TRANSCRIPT_gene-GU280_gp04	protein_coding	-1	c.-2974C>A	.	-1	-1	-1	-1	-1	-1	2974	upstream_gene_variant	NONE	c.-2974C>A	.	-1
NC_045512.2	23271	C	A	M	gene-GU280_gp05	MODIFIER	upstream_gene_variant	transcript	TRANSCRIPT_gene-GU280_gp05	protein_coding	-1	c.-3252C>A	.	-1	-1	-1	-1	-1	-1	3252	upstream_gene_variant	NONE	c.-3252C>A	.	-1
NC_045512.2	23271	C	A	ORF6	gene-GU280_gp06	MODIFIER	upstream_gene_variant	transcript	TRANSCRIPT_gene-GU280_gp06	protein_coding	-1	c.-3931C>A	.	-1	-1	-1	-1	-1	-1	3931	upstream_gene_variant	NONE	c.-3931C>A	.	-1
NC_045512.2	23271	C	A	ORF7a	gene-GU280_gp07	MODIFIER	upstream_gene_variant	transcript	TRANSCRIPT_gene-GU280_gp07	protein_coding	-1	c.-4123C>A	.	-1	-1	-1	-1	-1	-1	4123	upstream_gene_variant	NONE	c.-4123C>A	.	-1
NC_045512.2	23271	C	A	ORF7b	gene-GU280_gp08	MODIFIER	upstream_gene_variant	transcript	TRANSCRIPT_gene-GU280_gp08	protein_coding	-1	c.-4485C>A	.	-1	-1	-1	-1	-1	-1	4485	upstream_gene_variant	NONE	c.-4485C>A	.	-1
NC_045512.2	23271	C	A	ORF8	gene-GU280_gp09	MODIFIER	upstream_gene_variant	transcript	TRANSCRIPT_gene-GU280_gp09	protein_coding	-1	c.-4623C>A	.	-1	-1	-1	-1	-1	-1	4623	upstream_gene_variant	NONE	c.-4623C>A	.	-1
NC_045512.2	23271	C	A	ORF1ab	gene-GU280_gp01	MODIFIER	downstream_gene_variant	transcript	TRANSCRIPT_gene-GU280_gp01	protein_coding	-1	c.*1716C>A	.	-1	-1	-1	-1	-1	-1	1716	downstream_gene_variant	NONE	c.*1716C>A	.	-1
NC_045512.2	23403	A	G	S	gene-GU280_gp02	MODERATE	missense_variant	transcript	TRANSCRIPT_gene-GU280_gp02	protein_coding	1	c.1841A>G	p.Asp614Gly	1841	3822	1841	3822	614	1273	0	missense_variant	NONE	c.1841A>G	p.Asp614Gly	1273
NC_045512.2	23403	A	G	ORF3a	gene-GU280_gp03	MODIFIER	upstream_gene_variant	transcript	TRANSCRIPT_gene-GU280_gp03	protein_coding	-1	c.-1990A>G	.	-1	-1	-1	-1	-1	-1	1990	upstream_gene_variant	NONE	c.-1990A>G	.	-1
NC_045512.2	23403	A	G	E	gene-GU280_gp04	MODIFIER	upstream_gene_variant	transcript	TRANSCRIPT_gene-GU280_gp04	protein_coding	-1	c.-2842A>G	.	-1	-1	-1	-1	-1	-1	2842	upstream_gene_variant	NONE	c.-2842A>G	.	-1
NC_045512.2	23403	A	G	M	gene-GU280_gp05	MODIFIER	upstream_gene_variant	transcript	TRANSCRIPT_gene-GU280_gp05	protein_coding	-1	c.-3120A>G	.	-1	-1	-1	-1	-1	-1	3120	upstream_gene_variant	NONE	c.-3120A>G	.	-1
NC_045512.2	23403	A	G	ORF6	gene-GU280_gp06	MODIFIER	upstream_gene_variant	transcript	TRANSCRIPT_gene-GU280_gp06	protein_coding	-1	c.-3799A>G	.	-1	-1	-1	-1	-1	-1	3799	upstream_gene_variant	NONE	c.-3799A>G	.	-1
NC_045512.2	23403	A	G	ORF7a	gene-GU280_gp07	MODIFIER	upstream_gene_variant	transcript	TRANSCRIPT_gene-GU280_gp07	protein_coding	-1	c.-3991A>G	.	-1	-1	-1	-1	-1	-1	3991	upstream_gene_variant	NONE	c.-3991A>G	.	-1
NC_045512.2	23403	A	G	ORF7b	gene-GU280_gp08	MODIFIER	upstream_gene_variant	transcript	TRANSCRIPT_gene-GU280_gp08	protein_coding	-1	c.-4353A>G	.	-1	-1	-1	-1	-1	-1	4353	upstream_gene_variant	NONE	c.-4353A>G	.	-1
NC_045512.2	23403	A	G	ORF8	gene-GU280_gp09	MODIFIER	upstream_gene_variant	transcript	TRANSCRIPT_gene-GU280_gp09	protein_coding	-1	c.-4491A>G	.	-1	-1	-1	-1	-1	-1	4491	upstream_gene_variant	NONE	c.-4491A>G	.	-1
NC_045512.2	23403	A	G	N	gene-GU280_gp10	MODIFIER	upstream_gene_variant	transcript	TRANSCRIPT_gene-GU280_gp10	protein_coding	-1	c.-4871A>G	.	-1	-1	-1	-1	-1	-1	4871	upstream_gene_variant	NONE	c.-4871A>G	.	-1
NC_045512.2	23403	A	G	ORF1ab	gene-GU280_gp01	MODIFIER	downstream_gene_variant	transcript	TRANSCRIPT_gene-GU280_gp01	protein_coding	-1	c.*1848A>G	.	-1	-1	-1	-1	-1	-1	1848	downstream_gene_variant	NONE	c.*1848A>G	.	-1
NC_045512.2	23604	C	A	S	gene-GU280_gp02	MODERATE	missense_variant	transcript	TRANSCRIPT_gene-GU280_gp02	protein_coding	1	c.2042C>A	p.Pro681His	2042	3822	2042	3822	681	1273	0	missense_variant	NONE	c.2042C>A	p.Pro681His	1273
NC_045512.2	23604	C	A	ORF3a	gene-GU280_gp03	MODIFIER	upstream_gene_variant	transcript	TRANSCRIPT_gene-GU280_gp03	protein_coding	-1	c.-1789C>A	.	-1	-1	-1	-1	-1	-1	1789	upstream_gene_variant	NONE	c.-1789C>A	.	-1
NC_045512.2	23604	C	A	E	gene-GU280_gp04	MODIFIER	upstream_gene_variant	transcript	TRANSCRIPT_gene-GU280_gp04	protein_coding	-1	c.-2641C>A	.	-1	-1	-1	-1	-1	-1	2641	upstream_gene_variant	NONE	c.-2641C>A	.	-1
NC_045512.2	23604	C	A	M	gene-GU280_gp05	MODIFIER	upstream_gene_variant	transcript	TRANSCRIPT_gene-GU280_gp05	protein_coding	-1	c.-2919C>A	.	-1	-1	-1	-1	-1	-1	2919	upstream_gene_variant	NONE	c.-2919C>A	.	-1
NC_045512.2	23604	C	A	ORF6	gene-GU280_gp06	MODIFIER	upstream_gene_variant	transcript	TRANSCRIPT_gene-GU280_gp06	protein_coding	-1	c.-3598C>A	.	-1	-1	-1	-1	-1	-1	3598	upstream_gene_variant	NONE	c.-3598C>A	.	-1
NC_045512.2	23604	C	A	ORF7a	gene-GU280_gp07	MODIFIER	upstream_gene_variant	transcript	TRANSCRIPT_gene-GU280_gp07	protein_coding	-1	c.-3790C>A	.	-1	-1	-1	-1	-1	-1	3790	upstream_gene_variant	NONE	c.-3790C>A	.	-1
NC_045512.2	23604	C	A	ORF7b	gene-GU280_gp08	MODIFIER	upstream_gene_variant	transcript	TRANSCRIPT_gene-GU280_gp08	protein_coding	-1	c.-4152C>A	.	-1	-1	-1	-1	-1	-1	4152	upstream_gene_variant	NONE	c.-4152C>A	.	-1
NC_045512.2	23604	C	A	ORF8	gene-GU280_gp09	MODIFIER	upstream_gene_variant	transcript	TRANSCRIPT_gene-GU280_gp09	protein_coding	-1	c.-4290C>A	.	-1	-1	-1	-1	-1	-1	4290	upstream_gene_variant	NONE	c.-4290C>A	.	-1
NC_045512.2	23604	C	A	N	gene-GU280_gp10	MODIFIER	upstream_gene_variant	transcript	TRANSCRIPT_gene-GU280_gp10	protein_coding	-1	c.-4670C>A	.	-1	-1	-1	-1	-1	-1	4670	upstream_gene_variant	NONE	c.-4670C>A	.	-1
NC_045512.2	23604	C	A	ORF1ab	gene-GU280_gp01	MODIFIER	downstream_gene_variant	transcript	TRANSCRIPT_gene-GU280_gp01	protein_coding	-1	c.*2049C>A	.	-1	-1	-1	-1	-1	-1	2049	downstream_gene_variant	NONE	c.*2049C>A	.	-1
NC_045512.2	23709	C	T	S	gene-GU280_gp02	MODERATE	missense_variant	transcript	TRANSCRIPT_gene-GU280_gp02	protein_coding	1	c.2147C>T	p.Thr716Ile	2147	3822	2147	3822	716	1273	0	missense_variant	NONE	c.2147C>T	p.Thr716Ile	1273
NC_045512.2	23709	C	T	ORF3a	gene-GU280_gp03	MODIFIER	upstream_gene_variant	transcript	TRANSCRIPT_gene-GU280_gp03	protein_coding	-1	c.-1684C>T	.	-1	-1	-1	-1	-1	-1	1684	upstream_gene_variant	NONE	c.-1684C>T	.	-1
NC_045512.2	23709	C	T	E	gene-GU280_gp04	MODIFIER	upstream_gene_variant	transcript	TRANSCRIPT_gene-GU280_gp04	protein_coding	-1	c.-2536C>T	.	-1	-1	-1	-1	-1	-1	2536	upstream_gene_variant	NONE	c.-2536C>T	.	-1
NC_045512.2	23709	C	T	M	gene-GU280_gp05	MODIFIER	upstream_gene_variant	transcript	TRANSCRIPT_gene-GU280_gp05	protein_coding	-1	c.-2814C>T	.	-1	-1	-1	-1	-1	-1	2814	upstream_gene_variant	NONE	c.-2814C>T	.	-1
NC_045512.2	23709	C	T	ORF6	gene-GU280_gp06	MODIFIER	upstream_gene_variant	transcript	TRANSCRIPT_gene-GU280_gp06	protein_coding	-1	c.-3493C>T	.	-1	-1	-1	-1	-1	-1	3493	upstream_gene_variant	NONE	c.-3493C>T	.	-1
NC_045512.2	23709	C	T	ORF7a	gene-GU280_gp07	MODIFIER	upstream_gene_variant	transcript	TRANSCRIPT_gene-GU280_gp07	protein_coding	-1	c.-3685C>T	.	-1	-1	-1	-1	-1	-1	3685	upstream_gene_variant	NONE	c.-3685C>T	.	-1
NC_045512.2	23709	C	T	ORF7b	gene-GU280_gp08	MODIFIER	upstream_gene_variant	transcript	TRANSCRIPT_gene-GU280_gp08	protein_coding	-1	c.-4047C>T	.	-1	-1	-1	-1	-1	-1	4047	upstream_gene_variant	NONE	c.-4047C>T	.	-1
NC_045512.2	23709	C	T	ORF8	gene-GU280_gp09	MODIFIER	upstream_gene_variant	transcript	TRANSCRIPT_gene-GU280_gp09	protein_coding	-1	c.-4185C>T	.	-1	-1	-1	-1	-1	-1	4185	upstream_gene_variant	NONE	c.-4185C>T	.	-1
NC_045512.2	23709	C	T	N	gene-GU280_gp10	MODIFIER	upstream_gene_variant	transcript	TRANSCRIPT_gene-GU280_gp10	protein_coding	-1	c.-4565C>T	.	-1	-1	-1	-1	-1	-1	4565	upstream_gene_variant	NONE	c.-4565C>T	.	-1
NC_045512.2	23709	C	T	ORF1ab	gene-GU280_gp01	MODIFIER	downstream_gene_variant	transcript	TRANSCRIPT_gene-GU280_gp01	protein_coding	-1	c.*2154C>T	.	-1	-1	-1	-1	-1	-1	2154	downstream_gene_variant	NONE	c.*2154C>T	.	-1
NC_045512.2	24506	T	G	S	gene-GU280_gp02	MODERATE	missense_variant	transcript	TRANSCRIPT_gene-GU280_gp02	protein_coding	1	c.2944T>G	p.Ser982Ala	2944	3822	2944	3822	982	1273	0	missense_variant	NONE	c.2944T>G	p.Ser982Ala	1273
NC_045512.2	24506	T	G	ORF3a	gene-GU280_gp03	MODIFIER	upstream_gene_variant	transcript	TRANSCRIPT_gene-GU280_gp03	protein_coding	-1	c.-887T>G	.	-1	-1	-1	-1	-1	-1	887	upstream_gene_variant	NONE	c.-887T>G	.	-1
NC_045512.2	24506	T	G	E	gene-GU280_gp04	MODIFIER	upstream_gene_variant	transcript	TRANSCRIPT_gene-GU280_gp04	protein_coding	-1	c.-1739T>G	.	-1	-1	-1	-1	-1	-1	1739	upstream_gene_variant	NONE	c.-1739T>G	.	-1
NC_045512.2	24506	T	G	M	gene-GU280_gp05	MODIFIER	upstream_gene_variant	transcript	TRANSCRIPT_gene-GU280_gp05	protein_coding	-1	c.-2017T>G	.	-1	-1	-1	-1	-1	-1	2017	upstream_gene_variant	NONE	c.-2017T>G	.	-1
NC_045512.2	24506	T	G	ORF6	gene-GU280_gp06	MODIFIER	upstream_gene_variant	transcript	TRANSCRIPT_gene-GU280_gp06	protein_coding	-1	c.-2696T>G	.	-1	-1	-1	-1	-1	-1	2696	upstream_gene_variant	NONE	c.-2696T>G	.	-1
NC_045512.2	24506	T	G	ORF7a	gene-GU280_gp07	MODIFIER	upstream_gene_variant	transcript	TRANSCRIPT_gene-GU280_gp07	protein_coding	-1	c.-2888T>G	.	-1	-1	-1	-1	-1	-1	2888	upstream_gene_variant	NONE	c.-2888T>G	.	-1
NC_045512.2	24506	T	G	ORF7b	gene-GU280_gp08	MODIFIER	upstream_gene_variant	transcript	TRANSCRIPT_gene-GU280_gp08	protein_coding	-1	c.-3250T>G	.	-1	-1	-1	-1	-1	-1	3250	upstream_gene_variant	NONE	c.-3250T>G	.	-1
NC_045512.2	24506	T	G	ORF8	gene-GU280_gp09	MODIFIER	upstream_gene_variant	transcript	TRANSCRIPT_gene-GU280_gp09	protein_coding	-1	c.-3388T>G	.	-1	-1	-1	-1	-1	-1	3388	upstream_gene_variant	NONE	c.-3388T>G	.	-1
NC_045512.2	24506	T	G	N	gene-GU280_gp10	MODIFIER	upstream_gene_variant	transcript	TRANSCRIPT_gene-GU280_gp10	protein_coding	-1	c.-3768T>G	.	-1	-1	-1	-1	-1	-1	3768	upstream_gene_variant	NONE	c.-3768T>G	.	-1
NC_045512.2	24506	T	G	ORF1ab	gene-GU280_gp01	MODIFIER	downstream_gene_variant	transcript	TRANSCRIPT_gene-GU280_gp01	protein_coding	-1	c.*2951T>G	.	-1	-1	-1	-1	-1	-1	2951	downstream_gene_variant	NONE	c.*2951T>G	.	-1
NC_045512.2	24914	G	C	S	gene-GU280_gp02	MODERATE	missense_variant	transcript	TRANSCRIPT_gene-GU280_gp02	protein_coding	1	c.3352G>C	p.Asp1118His	3352	3822	3352	3822	1118	1273	0	missense_variant	NONE	c.3352G>C	p.Asp1118His	1273
NC_045512.2	24914	G	C	ORF3a	gene-GU280_gp03	MODIFIER	upstream_gene_variant	transcript	TRANSCRIPT_gene-GU280_gp03	protein_coding	-1	c.-479G>C	.	-1	-1	-1	-1	-1	-1	479	upstream_gene_variant	NONE	c.-479G>C	.	-1
NC_045512.2	24914	G	C	E	gene-GU280_gp04	MODIFIER	upstream_gene_variant	transcript	TRANSCRIPT_gene-GU280_gp04	protein_coding	-1	c.-1331G>C	.	-1	-1	-1	-1	-1	-1	1331	upstream_gene_variant	NONE	c.-1331G>C	.	-1
NC_045512.2	24914	G	C	M	gene-GU280_gp05	MODIFIER	upstream_gene_variant	transcript	TRANSCRIPT_gene-GU280_gp05	protein_coding	-1	c.-1609G>C	.	-1	-1	-1	-1	-1	-1	1609	upstream_gene_variant	NONE	c.-1609G>C	.	-1
NC_045512.2	24914	G	C	ORF6	gene-GU280_gp06	MODIFIER	upstream_gene_variant	transcript	TRANSCRIPT_gene-GU280_gp06	protein_coding	-1	c.-2288G>C	.	-1	-1	-1	-1	-1	-1	2288	upstream_gene_variant	NONE	c.-2288G>C	.	-1
NC_045512.2	24914	G	C	ORF7a	gene-GU280_gp07	MODIFIER	upstream_gene_variant	transcript	TRANSCRIPT_gene-GU280_gp07	protein_coding	-1	c.-2480G>C	.	-1	-1	-1	-1	-1	-1	2480	upstream_gene_variant	NONE	c.-2480G>C	.	-1
NC_045512.2	24914	G	C	ORF7b	gene-GU280_gp08	MODIFIER	upstream_gene_variant	transcript	TRANSCRIPT_gene-GU280_gp08	protein_coding	-1	c.-2842G>C	.	-1	-1	-1	-1	-1	-1	2842	upstream_gene_variant	NONE	c.-2842G>C	.	-1
NC_045512.2	24914	G	C	ORF8	gene-GU280_gp09	MODIFIER	upstream_gene_variant	transcript	TRANSCRIPT_gene-GU280_gp09	protein_coding	-1	c.-2980G>C	.	-1	-1	-1	-1	-1	-1	2980	upstream_gene_variant	NONE	c.-2980G>C	.	-1
NC_045512.2	24914	G	C	N	gene-GU280_gp10	MODIFIER	upstream_gene_variant	transcript	TRANSCRIPT_gene-GU280_gp10	protein_coding	-1	c.-3360G>C	.	-1	-1	-1	-1	-1	-1	3360	upstream_gene_variant	NONE	c.-3360G>C	.	-1
NC_045512.2	24914	G	C	ORF10	gene-GU280_gp11	MODIFIER	upstream_gene_variant	transcript	TRANSCRIPT_gene-GU280_gp11	protein_coding	-1	c.-4644G>C	.	-1	-1	-1	-1	-1	-1	4644	upstream_gene_variant	NONE	c.-4644G>C	.	-1
NC_045512.2	24914	G	C	ORF1ab	gene-GU280_gp01	MODIFIER	downstream_gene_variant	transcript	TRANSCRIPT_gene-GU280_gp01	protein_coding	-1	c.*3359G>C	.	-1	-1	-1	-1	-1	-1	3359	downstream_gene_variant	NONE	c.*3359G>C	.	-1
NC_045512.2	25563	G	T	ORF3a	gene-GU280_gp03	MODERATE	missense_variant	transcript	TRANSCRIPT_gene-GU280_gp03	protein_coding	1	c.171G>T	p.Gln57His	171	828	171	828	57	275	0	missense_variant	NONE	c.171G>T	p.Gln57His	275
NC_045512.2	25563	G	T	E	gene-GU280_gp04	MODIFIER	upstream_gene_variant	transcript	TRANSCRIPT_gene-GU280_gp04	protein_coding	-1	c.-682G>T	.	-1	-1	-1	-1	-1	-1	682	upstream_gene_variant	NONE	c.-682G>T	.	-1
NC_045512.2	25563	G	T	M	gene-GU280_gp05	MODIFIER	upstream_gene_variant	transcript	TRANSCRIPT_gene-GU280_gp05	protein_coding	-1	c.-960G>T	.	-1	-1	-1	-1	-1	-1	960	upstream_gene_variant	NONE	c.-960G>T	.	-1
NC_045512.2	25563	G	T	ORF6	gene-GU280_gp06	MODIFIER	upstream_gene_variant	transcript	TRANSCRIPT_gene-GU280_gp06	protein_coding	-1	c.-1639G>T	.	-1	-1	-1	-1	-1	-1	1639	upstream_gene_variant	NONE	c.-1639G>T	.	-1
NC_045512.2	25563	G	T	ORF7a	gene-GU280_gp07	MODIFIER	upstream_gene_variant	transcript	TRANSCRIPT_gene-GU280_gp07	protein_coding	-1	c.-1831G>T	.	-1	-1	-1	-1	-1	-1	1831	upstream_gene_variant	NONE	c.-1831G>T	.	-1
NC_045512.2	25563	G	T	ORF7b	gene-GU280_gp08	MODIFIER	upstream_gene_variant	transcript	TRANSCRIPT_gene-GU280_gp08	protein_coding	-1	c.-2193G>T	.	-1	-1	-1	-1	-1	-1	2193	upstream_gene_variant	NONE	c.-2193G>T	.	-1
NC_045512.2	25563	G	T	ORF8	gene-GU280_gp09	MODIFIER	upstream_gene_variant	transcript	TRANSCRIPT_gene-GU280_gp09	protein_coding	-1	c.-2331G>T	.	-1	-1	-1	-1	-1	-1	2331	upstream_gene_variant	NONE	c.-2331G>T	.	-1
NC_045512.2	25563	G	T	N	gene-GU280_gp10	MODIFIER	upstream_gene_variant	transcript	TRANSCRIPT_gene-GU280_gp10	protein_coding	-1	c.-2711G>T	.	-1	-1	-1	-1	-1	-1	2711	upstream_gene_variant	NONE	c.-2711G>T	.	-1
NC_045512.2	25563	G	T	ORF10	gene-GU280_gp11	MODIFIER	upstream_gene_variant	transcript	TRANSCRIPT_gene-GU280_gp11	protein_coding	-1	c.-3995G>T	.	-1	-1	-1	-1	-1	-1	3995	upstream_gene_variant	NONE	c.-3995G>T	.	-1
NC_045512.2	25563	G	T	ORF1ab	gene-GU280_gp01	MODIFIER	downstream_gene_variant	transcript	TRANSCRIPT_gene-GU280_gp01	protein_coding	-1	c.*4008G>T	.	-1	-1	-1	-1	-1	-1	4008	downstream_gene_variant	NONE	c.*4008G>T	.	-1
NC_045512.2	25563	G	T	S	gene-GU280_gp02	MODIFIER	downstream_gene_variant	transcript	TRANSCRIPT_gene-GU280_gp02	protein_coding	-1	c.*179G>T	.	-1	-1	-1	-1	-1	-1	179	downstream_gene_variant	NONE	c.*179G>T	.	-1
NC_045512.2	25793	G	GT	ORF3a	gene-GU280_gp03	HIGH	frameshift_variant	transcript	TRANSCRIPT_gene-GU280_gp03	protein_coding	1	c.403dupT	p.Ser135fs	404	828	404	828	135	275	0	frameshift_variant	NONE	c.403dupT	p.Ser135fs	275
NC_045512.2	25793	G	GT	E	gene-GU280_gp04	MODIFIER	upstream_gene_variant	transcript	TRANSCRIPT_gene-GU280_gp04	protein_coding	-1	c.-452_-451insT	.	-1	-1	-1	-1	-1	-1	451	upstream_gene_variant	NONE	c.-452_-451insT	.	-1
NC_045512.2	25793	G	GT	M	gene-GU280_gp05	MODIFIER	upstream_gene_variant	transcript	TRANSCRIPT_gene-GU280_gp05	protein_coding	-1	c.-730_-729insT	.	-1	-1	-1	-1	-1	-1	729	upstream_gene_variant	NONE	c.-730_-729insT	.	-1
NC_045512.2	25793	G	GT	ORF6	gene-GU280_gp06	MODIFIER	upstream_gene_variant	transcript	TRANSCRIPT_gene-GU280_gp06	protein_coding	-1	c.-1409_-1408insT	.	-1	-1	-1	-1	-1	-1	1408	upstream_gene_variant	NONE	c.-1409_-1408insT	.	-1
NC_045512.2	25793	G	GT	ORF7a	gene-GU280_gp07	MODIFIER	upstream_gene_variant	transcript	TRANSCRIPT_gene-GU280_gp07	protein_coding	-1	c.-1601_-1600insT	.	-1	-1	-1	-1	-1	-1	1600	upstream_gene_variant	NONE	c.-1601_-1600insT	.	-1
NC_045512.2	25793	G	GT	ORF7b	gene-GU280_gp08	MODIFIER	upstream_gene_variant	transcript	TRANSCRIPT_gene-GU280_gp08	protein_coding	-1	c.-1963_-1962insT	.	-1	-1	-1	-1	-1	-1	1962	upstream_gene_variant	NONE	c.-1963_-1962insT	.	-1
NC_045512.2	25793	G	GT	ORF8	gene-GU280_gp09	MODIFIER	upstream_gene_variant	transcript	TRANSCRIPT_gene-GU280_gp09	protein_coding	-1	c.-2101_-2100insT	.	-1	-1	-1	-1	-1	-1	2100	upstream_gene_variant	NONE	c.-2101_-2100insT	.	-1
NC_045512.2	25793	G	GT	N	gene-GU280_gp10	MODIFIER	upstream_gene_variant	transcript	TRANSCRIPT_gene-GU280_gp10	protein_coding	-1	c.-2481_-2480insT	.	-1	-1	-1	-1	-1	-1	2480	upstream_gene_variant	NONE	c.-2481_-2480insT	.	-1
NC_045512.2	25793	G	GT	ORF10	gene-GU280_gp11	MODIFIER	upstream_gene_variant	transcript	TRANSCRIPT_gene-GU280_gp11	protein_coding	-1	c.-3765_-3764insT	.	-1	-1	-1	-1	-1	-1	3764	upstream_gene_variant	NONE	c.-3765_-3764insT	.	-1
NC_045512.2	25793	G	GT	ORF1ab	gene-GU280_gp01	MODIFIER	downstream_gene_variant	transcript	TRANSCRIPT_gene-GU280_gp01	protein_coding	-1	c.*4238_*4239insT	.	-1	-1	-1	-1	-1	-1	4239	downstream_gene_variant	NONE	c.*4238_*4239insT	.	-1
NC_045512.2	25793	G	GT	S	gene-GU280_gp02	MODIFIER	downstream_gene_variant	transcript	TRANSCRIPT_gene-GU280_gp02	protein_coding	-1	c.*409_*410insT	.	-1	-1	-1	-1	-1	-1	410	downstream_gene_variant	NONE	c.*409_*410insT	.	-1
NC_045512.2	25797	C	A	ORF3a	gene-GU280_gp03	LOW	synonymous_variant	transcript	TRANSCRIPT_gene-GU280_gp03	protein_coding	1	c.405C>A	p.Ser135Ser	405	828	405	828	135	275	0	synonymous_variant	NONE	c.405C>A	p.Ser135Ser	275
NC_045512.2	25797	C	A	E	gene-GU280_gp04	MODIFIER	upstream_gene_variant	transcript	TRANSCRIPT_gene-GU280_gp04	protein_coding	-1	c.-448C>A	.	-1	-1	-1	-1	-1	-1	448	upstream_gene_variant	NONE	c.-448C>A	.	-1
NC_045512.2	25797	C	A	M	gene-GU280_gp05	MODIFIER	upstream_gene_variant	transcript	TRANSCRIPT_gene-GU280_gp05	protein_coding	-1	c.-726C>A	.	-1	-1	-1	-1	-1	-1	726	upstream_gene_variant	NONE	c.-726C>A	.	-1
NC_045512.2	25797	C	A	ORF6	gene-GU280_gp06	MODIFIER	upstream_gene_variant	transcript	TRANSCRIPT_gene-GU280_gp06	protein_coding	-1	c.-1405C>A	.	-1	-1	-1	-1	-1	-1	1405	upstream_gene_variant	NONE	c.-1405C>A	.	-1
NC_045512.2	25797	C	A	ORF7a	gene-GU280_gp07	MODIFIER	upstream_gene_variant	transcript	TRANSCRIPT_gene-GU280_gp07	protein_coding	-1	c.-1597C>A	.	-1	-1	-1	-1	-1	-1	1597	upstream_gene_variant	NONE	c.-1597C>A	.	-1
NC_045512.2	25797	C	A	ORF7b	gene-GU280_gp08	MODIFIER	upstream_gene_variant	transcript	TRANSCRIPT_gene-GU280_gp08	protein_coding	-1	c.-1959C>A	.	-1	-1	-1	-1	-1	-1	1959	upstream_gene_variant	NONE	c.-1959C>A	.	-1
NC_045512.2	25797	C	A	ORF8	gene-GU280_gp09	MODIFIER	upstream_gene_variant	transcript	TRANSCRIPT_gene-GU280_gp09	protein_coding	-1	c.-2097C>A	.	-1	-1	-1	-1	-1	-1	2097	upstream_gene_variant	NONE	c.-2097C>A	.	-1
NC_045512.2	25797	C	A	N	gene-GU280_gp10	MODIFIER	upstream_gene_variant	transcript	TRANSCRIPT_gene-GU280_gp10	protein_coding	-1	c.-2477C>A	.	-1	-1	-1	-1	-1	-1	2477	upstream_gene_variant	NONE	c.-2477C>A	.	-1
NC_045512.2	25797	C	A	ORF10	gene-GU280_gp11	MODIFIER	upstream_gene_variant	transcript	TRANSCRIPT_gene-GU280_gp11	protein_coding	-1	c.-3761C>A	.	-1	-1	-1	-1	-1	-1	3761	upstream_gene_variant	NONE	c.-3761C>A	.	-1
NC_045512.2	25797	C	A	ORF1ab	gene-GU280_gp01	MODIFIER	downstream_gene_variant	transcript	TRANSCRIPT_gene-GU280_gp01	protein_coding	-1	c.*4242C>A	.	-1	-1	-1	-1	-1	-1	4242	downstream_gene_variant	NONE	c.*4242C>A	.	-1
NC_045512.2	25797	C	A	S	gene-GU280_gp02	MODIFIER	downstream_gene_variant	transcript	TRANSCRIPT_gene-GU280_gp02	protein_coding	-1	c.*413C>A	.	-1	-1	-1	-1	-1	-1	413	downstream_gene_variant	NONE	c.*413C>A	.	-1
NC_045512.2	25907	G	T	ORF3a	gene-GU280_gp03	MODERATE	missense_variant	transcript	TRANSCRIPT_gene-GU280_gp03	protein_coding	1	c.515G>T	p.Gly172Val	515	828	515	828	172	275	0	missense_variant	NONE	c.515G>T	p.Gly172Val	275
NC_045512.2	25907	G	T	E	gene-GU280_gp04	MODIFIER	upstream_gene_variant	transcript	TRANSCRIPT_gene-GU280_gp04	protein_coding	-1	c.-338G>T	.	-1	-1	-1	-1	-1	-1	338	upstream_gene_variant	NONE	c.-338G>T	.	-1
NC_045512.2	25907	G	T	M	gene-GU280_gp05	MODIFIER	upstream_gene_variant	transcript	TRANSCRIPT_gene-GU280_gp05	protein_coding	-1	c.-616G>T	.	-1	-1	-1	-1	-1	-1	616	upstream_gene_variant	NONE	c.-616G>T	.	-1
NC_045512.2	25907	G	T	ORF6	gene-GU280_gp06	MODIFIER	upstream_gene_variant	transcript	TRANSCRIPT_gene-GU280_gp06	protein_coding	-1	c.-1295G>T	.	-1	-1	-1	-1	-1	-1	1295	upstream_gene_variant	NONE	c.-1295G>T	.	-1
NC_045512.2	25907	G	T	ORF7a	gene-GU280_gp07	MODIFIER	upstream_gene_variant	transcript	TRANSCRIPT_gene-GU280_gp07	protein_coding	-1	c.-1487G>T	.	-1	-1	-1	-1	-1	-1	1487	upstream_gene_variant	NONE	c.-1487G>T	.	-1
NC_045512.2	25907	G	T	ORF7b	gene-GU280_gp08	MODIFIER	upstream_gene_variant	transcript	TRANSCRIPT_gene-GU280_gp08	protein_coding	-1	c.-1849G>T	.	-1	-1	-1	-1	-1	-1	1849	upstream_gene_variant	NONE	c.-1849G>T	.	-1
NC_045512.2	25907	G	T	ORF8	gene-GU280_gp09	MODIFIER	upstream_gene_variant	transcript	TRANSCRIPT_gene-GU280_gp09	protein_coding	-1	c.-1987G>T	.	-1	-1	-1	-1	-1	-1	1987	upstream_gene_variant	NONE	c.-1987G>T	.	-1
NC_045512.2	25907	G	T	N	gene-GU280_gp10	MODIFIER	upstream_gene_variant	transcript	TRANSCRIPT_gene-GU280_gp10	protein_coding	-1	c.-2367G>T	.	-1	-1	-1	-1	-1	-1	2367	upstream_gene_variant	NONE	c.-2367G>T	.	-1
NC_045512.2	25907	G	T	ORF10	gene-GU280_gp11	MODIFIER	upstream_gene_variant	transcript	TRANSCRIPT_gene-GU280_gp11	protein_coding	-1	c.-3651G>T	.	-1	-1	-1	-1	-1	-1	3651	upstream_gene_variant	NONE	c.-3651G>T	.	-1
NC_045512.2	25907	G	T	ORF1ab	gene-GU280_gp01	MODIFIER	downstream_gene_variant	transcript	TRANSCRIPT_gene-GU280_gp01	protein_coding	-1	c.*4352G>T	.	-1	-1	-1	-1	-1	-1	4352	downstream_gene_variant	NONE	c.*4352G>T	.	-1
NC_045512.2	25907	G	T	S	gene-GU280_gp02	MODIFIER	downstream_gene_variant	transcript	TRANSCRIPT_gene-GU280_gp02	protein_coding	-1	c.*523G>T	.	-1	-1	-1	-1	-1	-1	523	downstream_gene_variant	NONE	c.*523G>T	.	-1
NC_045512.2	26493	G	GT	M	gene-GU280_gp05	MODIFIER	upstream_gene_variant	transcript	TRANSCRIPT_gene-GU280_gp05	protein_coding	-1	c.-30_-29insT	.	-1	-1	-1	-1	-1	-1	29	upstream_gene_variant	NONE	c.-30_-29insT	.	-1
NC_045512.2	26493	G	GT	ORF6	gene-GU280_gp06	MODIFIER	upstream_gene_variant	transcript	TRANSCRIPT_gene-GU280_gp06	protein_coding	-1	c.-709_-708insT	.	-1	-1	-1	-1	-1	-1	708	upstream_gene_variant	NONE	c.-709_-708insT	.	-1
NC_045512.2	26493	G	GT	ORF7a	gene-GU280_gp07	MODIFIER	upstream_gene_variant	transcript	TRANSCRIPT_gene-GU280_gp07	protein_coding	-1	c.-901_-900insT	.	-1	-1	-1	-1	-1	-1	900	upstream_gene_variant	NONE	c.-901_-900insT	.	-1
NC_045512.2	26493	G	GT	ORF7b	gene-GU280_gp08	MODIFIER	upstream_gene_variant	transcript	TRANSCRIPT_gene-GU280_gp08	protein_coding	-1	c.-1263_-1262insT	.	-1	-1	-1	-1	-1	-1	1262	upstream_gene_variant	NONE	c.-1263_-1262insT	.	-1
NC_045512.2	26493	G	GT	ORF8	gene-GU280_gp09	MODIFIER	upstream_gene_variant	transcript	TRANSCRIPT_gene-GU280_gp09	protein_coding	-1	c.-1401_-1400insT	.	-1	-1	-1	-1	-1	-1	1400	upstream_gene_variant	NONE	c.-1401_-1400insT	.	-1
NC_045512.2	26493	G	GT	N	gene-GU280_gp10	MODIFIER	upstream_gene_variant	transcript	TRANSCRIPT_gene-GU280_gp10	protein_coding	-1	c.-1781_-1780insT	.	-1	-1	-1	-1	-1	-1	1780	upstream_gene_variant	NONE	c.-1781_-1780insT	.	-1
NC_045512.2	26493	G	GT	ORF10	gene-GU280_gp11	MODIFIER	upstream_gene_variant	transcript	TRANSCRIPT_gene-GU280_gp11	protein_coding	-1	c.-3065_-3064insT	.	-1	-1	-1	-1	-1	-1	3064	upstream_gene_variant	NONE	c.-3065_-3064insT	.	-1
NC_045512.2	26493	G	GT	ORF1ab	gene-GU280_gp01	MODIFIER	downstream_gene_variant	transcript	TRANSCRIPT_gene-GU280_gp01	protein_coding	-1	c.*4938_*4939insT	.	-1	-1	-1	-1	-1	-1	4939	downstream_gene_variant	NONE	c.*4938_*4939insT	.	-1
NC_045512.2	26493	G	GT	S	gene-GU280_gp02	MODIFIER	downstream_gene_variant	transcript	TRANSCRIPT_gene-GU280_gp02	protein_coding	-1	c.*1109_*1110insT	.	-1	-1	-1	-1	-1	-1	1110	downstream_gene_variant	NONE	c.*1109_*1110insT	.	-1
NC_045512.2	26493	G	GT	ORF3a	gene-GU280_gp03	MODIFIER	downstream_gene_variant	transcript	TRANSCRIPT_gene-GU280_gp03	protein_coding	-1	c.*273_*274insT	.	-1	-1	-1	-1	-1	-1	274	downstream_gene_variant	NONE	c.*273_*274insT	.	-1
NC_045512.2	26493	G	GT	E	gene-GU280_gp04	MODIFIER	downstream_gene_variant	transcript	TRANSCRIPT_gene-GU280_gp04	protein_coding	-1	c.*21_*22insT	.	-1	-1	-1	-1	-1	-1	22	downstream_gene_variant	NONE	c.*21_*22insT	.	-1
NC_045512.2	26493	G	GT	E-M	gene-GU280_gp04-gene-GU280_gp05	MODIFIER	intergenic_region	intergenic_region	gene-GU280_gp04-gene-GU280_gp05	.	-1	n.26493_26494insT	.	-1	-1	-1	-1	-1	-1	0	intergenic_region	NONE	n.26493_26494insT	.	-1
NC_045512.2	26566	A	G	M	gene-GU280_gp05	MODERATE	missense_variant	transcript	TRANSCRIPT_gene-GU280_gp05	protein_coding	1	c.44A>G	p.Lys15Arg	44	669	44	669	15	222	0	missense_variant	NONE	c.44A>G	p.Lys15Arg	222
NC_045512.2	26566	A	G	ORF6	gene-GU280_gp06	MODIFIER	upstream_gene_variant	transcript	TRANSCRIPT_gene-GU280_gp06	protein_coding	-1	c.-636A>G	.	-1	-1	-1	-1	-1	-1	636	upstream_gene_variant	NONE	c.-636A>G	.	-1
NC_045512.2	26566	A	G	ORF7a	gene-GU280_gp07	MODIFIER	upstream_gene_variant	transcript	TRANSCRIPT_gene-GU280_gp07	protein_coding	-1	c.-828A>G	.	-1	-1	-1	-1	-1	-1	828	upstream_gene_variant	NONE	c.-828A>G	.	-1
NC_045512.2	26566	A	G	ORF7b	gene-GU280_gp08	MODIFIER	upstream_gene_variant	transcript	TRANSCRIPT_gene-GU280_gp08	protein_coding	-1	c.-1190A>G	.	-1	-1	-1	-1	-1	-1	1190	upstream_gene_variant	NONE	c.-1190A>G	.	-1
NC_045512.2	26566	A	G	ORF8	gene-GU280_gp09	MODIFIER	upstream_gene_variant	transcript	TRANSCRIPT_gene-GU280_gp09	protein_coding	-1	c.-1328A>G	.	-1	-1	-1	-1	-1	-1	1328	upstream_gene_variant	NONE	c.-1328A>G	.	-1
NC_045512.2	26566	A	G	N	gene-GU280_gp10	MODIFIER	upstream_gene_variant	transcript	TRANSCRIPT_gene-GU280_gp10	protein_coding	-1	c.-1708A>G	.	-1	-1	-1	-1	-1	-1	1708	upstream_gene_variant	NONE	c.-1708A>G	.	-1
NC_045512.2	26566	A	G	ORF10	gene-GU280_gp11	MODIFIER	upstream_gene_variant	transcript	TRANSCRIPT_gene-GU280_gp11	protein_coding	-1	c.-2992A>G	.	-1	-1	-1	-1	-1	-1	2992	upstream_gene_variant	NONE	c.-2992A>G	.	-1
NC_045512.2	26566	A	G	S	gene-GU280_gp02	MODIFIER	downstream_gene_variant	transcript	TRANSCRIPT_gene-GU280_gp02	protein_coding	-1	c.*1182A>G	.	-1	-1	-1	-1	-1	-1	1182	downstream_gene_variant	NONE	c.*1182A>G	.	-1
NC_045512.2	26566	A	G	ORF3a	gene-GU280_gp03	MODIFIER	downstream_gene_variant	transcript	TRANSCRIPT_gene-GU280_gp03	protein_coding	-1	c.*346A>G	.	-1	-1	-1	-1	-1	-1	346	downstream_gene_variant	NONE	c.*346A>G	.	-1
NC_045512.2	26566	A	G	E	gene-GU280_gp04	MODIFIER	downstream_gene_variant	transcript	TRANSCRIPT_gene-GU280_gp04	protein_coding	-1	c.*94A>G	.	-1	-1	-1	-1	-1	-1	94	downstream_gene_variant	NONE	c.*94A>G	.	-1
NC_045512.2	26929	G	A	M	gene-GU280_gp05	MODERATE	missense_variant	transcript	TRANSCRIPT_gene-GU280_gp05	protein_coding	1	c.407G>A	p.Ser136Asn	407	669	407	669	136	222	0	missense_variant	NONE	c.407G>A	p.Ser136Asn	222
NC_045512.2	26929	G	A	ORF6	gene-GU280_gp06	MODIFIER	upstream_gene_variant	transcript	TRANSCRIPT_gene-GU280_gp06	protein_coding	-1	c.-273G>A	.	-1	-1	-1	-1	-1	-1	273	upstream_gene_variant	NONE	c.-273G>A	.	-1
NC_045512.2	26929	G	A	ORF7a	gene-GU280_gp07	MODIFIER	upstream_gene_variant	transcript	TRANSCRIPT_gene-GU280_gp07	protein_coding	-1	c.-465G>A	.	-1	-1	-1	-1	-1	-1	465	upstream_gene_variant	NONE	c.-465G>A	.	-1
NC_045512.2	26929	G	A	ORF7b	gene-GU280_gp08	MODIFIER	upstream_gene_variant	transcript	TRANSCRIPT_gene-GU280_gp08	protein_coding	-1	c.-827G>A	.	-1	-1	-1	-1	-1	-1	827	upstream_gene_variant	NONE	c.-827G>A	.	-1
NC_045512.2	26929	G	A	ORF8	gene-GU280_gp09	MODIFIER	upstream_gene_variant	transcript	TRANSCRIPT_gene-GU280_gp09	protein_coding	-1	c.-965G>A	.	-1	-1	-1	-1	-1	-1	965	upstream_gene_variant	NONE	c.-965G>A	.	-1
NC_045512.2	26929	G	A	N	gene-GU280_gp10	MODIFIER	upstream_gene_variant	transcript	TRANSCRIPT_gene-GU280_gp10	protein_coding	-1	c.-1345G>A	.	-1	-1	-1	-1	-1	-1	1345	upstream_gene_variant	NONE	c.-1345G>A	.	-1
NC_045512.2	26929	G	A	ORF10	gene-GU280_gp11	MODIFIER	upstream_gene_variant	transcript	TRANSCRIPT_gene-GU280_gp11	protein_coding	-1	c.-2629G>A	.	-1	-1	-1	-1	-1	-1	2629	upstream_gene_variant	NONE	c.-2629G>A	.	-1
NC_045512.2	26929	G	A	S	gene-GU280_gp02	MODIFIER	downstream_gene_variant	transcript	TRANSCRIPT_gene-GU280_gp02	protein_coding	-1	c.*1545G>A	.	-1	-1	-1	-1	-1	-1	1545	downstream_gene_variant	NONE	c.*1545G>A	.	-1
NC_045512.2	26929	G	A	ORF3a	gene-GU280_gp03	MODIFIER	downstream_gene_variant	transcript	TRANSCRIPT_gene-GU280_gp03	protein_coding	-1	c.*709G>A	.	-1	-1	-1	-1	-1	-1	709	downstream_gene_variant	NONE	c.*709G>A	.	-1
NC_045512.2	26929	G	A	E	gene-GU280_gp04	MODIFIER	downstream_gene_variant	transcript	TRANSCRIPT_gene-GU280_gp04	protein_coding	-1	c.*457G>A	.	-1	-1	-1	-1	-1	-1	457	downstream_gene_variant	NONE	c.*457G>A	.	-1
NC_045512.2	27224	A	G	ORF6	gene-GU280_gp06	MODERATE	missense_variant	transcript	TRANSCRIPT_gene-GU280_gp06	protein_coding	1	c.23A>G	p.Gln8Arg	23	186	23	186	8	61	0	missense_variant	NONE	c.23A>G	p.Gln8Arg	61
NC_045512.2	27224	A	G	ORF7a	gene-GU280_gp07	MODIFIER	upstream_gene_variant	transcript	TRANSCRIPT_gene-GU280_gp07	protein_coding	-1	c.-170A>G	.	-1	-1	-1	-1	-1	-1	170	upstream_gene_variant	NONE	c.-170A>G	.	-1
NC_045512.2	27224	A	G	ORF7b	gene-GU280_gp08	MODIFIER	upstream_gene_variant	transcript	TRANSCRIPT_gene-GU280_gp08	protein_coding	-1	c.-532A>G	.	-1	-1	-1	-1	-1	-1	532	upstream_gene_variant	NONE	c.-532A>G	.	-1
NC_045512.2	27224	A	G	ORF8	gene-GU280_gp09	MODIFIER	upstream_gene_variant	transcript	TRANSCRIPT_gene-GU280_gp09	protein_coding	-1	c.-670A>G	.	-1	-1	-1	-1	-1	-1	670	upstream_gene_variant	NONE	c.-670A>G	.	-1
NC_045512.2	27224	A	G	N	gene-GU280_gp10	MODIFIER	upstream_gene_variant	transcript	TRANSCRIPT_gene-GU280_gp10	protein_coding	-1	c.-1050A>G	.	-1	-1	-1	-1	-1	-1	1050	upstream_gene_variant	NONE	c.-1050A>G	.	-1
NC_045512.2	27224	A	G	ORF10	gene-GU280_gp11	MODIFIER	upstream_gene_variant	transcript	TRANSCRIPT_gene-GU280_gp11	protein_coding	-1	c.-2334A>G	.	-1	-1	-1	-1	-1	-1	2334	upstream_gene_variant	NONE	c.-2334A>G	.	-1
NC_045512.2	27224	A	G	S	gene-GU280_gp02	MODIFIER	downstream_gene_variant	transcript	TRANSCRIPT_gene-GU280_gp02	protein_coding	-1	c.*1840A>G	.	-1	-1	-1	-1	-1	-1	1840	downstream_gene_variant	NONE	c.*1840A>G	.	-1
NC_045512.2	27224	A	G	ORF3a	gene-GU280_gp03	MODIFIER	downstream_gene_variant	transcript	TRANSCRIPT_gene-GU280_gp03	protein_coding	-1	c.*1004A>G	.	-1	-1	-1	-1	-1	-1	1004	downstream_gene_variant	NONE	c.*1004A>G	.	-1
NC_045512.2	27224	A	G	E	gene-GU280_gp04	MODIFIER	downstream_gene_variant	transcript	TRANSCRIPT_gene-GU280_gp04	protein_coding	-1	c.*752A>G	.	-1	-1	-1	-1	-1	-1	752	downstream_gene_variant	NONE	c.*752A>G	.	-1
NC_045512.2	27224	A	G	M	gene-GU280_gp05	MODIFIER	downstream_gene_variant	transcript	TRANSCRIPT_gene-GU280_gp05	protein_coding	-1	c.*33A>G	.	-1	-1	-1	-1	-1	-1	33	downstream_gene_variant	NONE	c.*33A>G	.	-1
NC_045512.2	27342	TA	T	ORF6	gene-GU280_gp06	HIGH	frameshift_variant	transcript	TRANSCRIPT_gene-GU280_gp06	protein_coding	1	c.144delA	p.Lys48fs	144	186	144	186	48	61	0	frameshift_variant	NONE	c.144delA	p.Lys48fs	61
NC_045512.2	27342	TA	T	ORF7a	gene-GU280_gp07	MODIFIER	upstream_gene_variant	transcript	TRANSCRIPT_gene-GU280_gp07	protein_coding	-1	c.-51delA	.	-1	-1	-1	-1	-1	-1	51	upstream_gene_variant	NONE	c.-51delA	.	-1
NC_045512.2	27342	TA	T	ORF7b	gene-GU280_gp08	MODIFIER	upstream_gene_variant	transcript	TRANSCRIPT_gene-GU280_gp08	protein_coding	-1	c.-413delA	.	-1	-1	-1	-1	-1	-1	413	upstream_gene_variant	NONE	c.-413delA	.	-1
NC_045512.2	27342	TA	T	ORF8	gene-GU280_gp09	MODIFIER	upstream_gene_variant	transcript	TRANSCRIPT_gene-GU280_gp09	protein_coding	-1	c.-551delA	.	-1	-1	-1	-1	-1	-1	551	upstream_gene_variant	NONE	c.-551delA	.	-1
NC_045512.2	27342	TA	T	N	gene-GU280_gp10	MODIFIER	upstream_gene_variant	transcript	TRANSCRIPT_gene-GU280_gp10	protein_coding	-1	c.-931delA	.	-1	-1	-1	-1	-1	-1	931	upstream_gene_variant	NONE	c.-931delA	.	-1
NC_045512.2	27342	TA	T	ORF10	gene-GU280_gp11	MODIFIER	upstream_gene_variant	transcript	TRANSCRIPT_gene-GU280_gp11	protein_coding	-1	c.-2215delA	.	-1	-1	-1	-1	-1	-1	2215	upstream_gene_variant	NONE	c.-2215delA	.	-1
NC_045512.2	27342	TA	T	S	gene-GU280_gp02	MODIFIER	downstream_gene_variant	transcript	TRANSCRIPT_gene-GU280_gp02	protein_coding	-1	c.*1959delA	.	-1	-1	-1	-1	-1	-1	1959	downstream_gene_variant	NONE	c.*1959delA	.	-1
NC_045512.2	27342	TA	T	ORF3a	gene-GU280_gp03	MODIFIER	downstream_gene_variant	transcript	TRANSCRIPT_gene-GU280_gp03	protein_coding	-1	c.*1123delA	.	-1	-1	-1	-1	-1	-1	1123	downstream_gene_variant	NONE	c.*1123delA	.	-1
NC_045512.2	27342	TA	T	E	gene-GU280_gp04	MODIFIER	downstream_gene_variant	transcript	TRANSCRIPT_gene-GU280_gp04	protein_coding	-1	c.*871delA	.	-1	-1	-1	-1	-1	-1	871	downstream_gene_variant	NONE	c.*871delA	.	-1
NC_045512.2	27342	TA	T	M	gene-GU280_gp05	MODIFIER	downstream_gene_variant	transcript	TRANSCRIPT_gene-GU280_gp05	protein_coding	-1	c.*152delA	.	-1	-1	-1	-1	-1	-1	152	downstream_gene_variant	NONE	c.*152delA	.	-1
NC_045512.2	27364	G	A	ORF6	gene-GU280_gp06	MODERATE	missense_variant	transcript	TRANSCRIPT_gene-GU280_gp06	protein_coding	1	c.163G>A	p.Glu55Lys	163	186	163	186	55	61	0	missense_variant	NONE	c.163G>A	p.Glu55Lys	61
NC_045512.2	27364	G	A	ORF7a	gene-GU280_gp07	MODIFIER	upstream_gene_variant	transcript	TRANSCRIPT_gene-GU280_gp07	protein_coding	-1	c.-30G>A	.	-1	-1	-1	-1	-1	-1	30	upstream_gene_variant	NONE	c.-30G>A	.	-1
NC_045512.2	27364	G	A	ORF7b	gene-GU280_gp08	MODIFIER	upstream_gene_variant	transcript	TRANSCRIPT_gene-GU280_gp08	protein_coding	-1	c.-392G>A	.	-1	-1	-1	-1	-1	-1	392	upstream_gene_variant	NONE	c.-392G>A	.	-1
NC_045512.2	27364	G	A	ORF8	gene-GU280_gp09	MODIFIER	upstream_gene_variant	transcript	TRANSCRIPT_gene-GU280_gp09	protein_coding	-1	c.-530G>A	.	-1	-1	-1	-1	-1	-1	530	upstream_gene_variant	NONE	c.-530G>A	.	-1
NC_045512.2	27364	G	A	N	gene-GU280_gp10	MODIFIER	upstream_gene_variant	transcript	TRANSCRIPT_gene-GU280_gp10	protein_coding	-1	c.-910G>A	.	-1	-1	-1	-1	-1	-1	910	upstream_gene_variant	NONE	c.-910G>A	.	-1
NC_045512.2	27364	G	A	ORF10	gene-GU280_gp11	MODIFIER	upstream_gene_variant	transcript	TRANSCRIPT_gene-GU280_gp11	protein_coding	-1	c.-2194G>A	.	-1	-1	-1	-1	-1	-1	2194	upstream_gene_variant	NONE	c.-2194G>A	.	-1
NC_045512.2	27364	G	A	S	gene-GU280_gp02	MODIFIER	downstream_gene_variant	transcript	TRANSCRIPT_gene-GU280_gp02	protein_coding	-1	c.*1980G>A	.	-1	-1	-1	-1	-1	-1	1980	downstream_gene_variant	NONE	c.*1980G>A	.	-1
NC_045512.2	27364	G	A	ORF3a	gene-GU280_gp03	MODIFIER	downstream_gene_variant	transcript	TRANSCRIPT_gene-GU280_gp03	protein_coding	-1	c.*1144G>A	.	-1	-1	-1	-1	-1	-1	1144	downstream_gene_variant	NONE	c.*1144G>A	.	-1
NC_045512.2	27364	G	A	E	gene-GU280_gp04	MODIFIER	downstream_gene_variant	transcript	TRANSCRIPT_gene-GU280_gp04	protein_coding	-1	c.*892G>A	.	-1	-1	-1	-1	-1	-1	892	downstream_gene_variant	NONE	c.*892G>A	.	-1
NC_045512.2	27364	G	A	M	gene-GU280_gp05	MODIFIER	downstream_gene_variant	transcript	TRANSCRIPT_gene-GU280_gp05	protein_coding	-1	c.*173G>A	.	-1	-1	-1	-1	-1	-1	173	downstream_gene_variant	NONE	c.*173G>A	.	-1
NC_045512.2	27374	T	C	ORF6	gene-GU280_gp06	MODERATE	missense_variant	transcript	TRANSCRIPT_gene-GU280_gp06	protein_coding	1	c.173T>C	p.Met58Thr	173	186	173	186	58	61	0	missense_variant	NONE	c.173T>C	p.Met58Thr	61
NC_045512.2	27374	T	C	ORF7a	gene-GU280_gp07	MODIFIER	upstream_gene_variant	transcript	TRANSCRIPT_gene-GU280_gp07	protein_coding	-1	c.-20T>C	.	-1	-1	-1	-1	-1	-1	20	upstream_gene_variant	NONE	c.-20T>C	.	-1
NC_045512.2	27374	T	C	ORF7b	gene-GU280_gp08	MODIFIER	upstream_gene_variant	transcript	TRANSCRIPT_gene-GU280_gp08	protein_coding	-1	c.-382T>C	.	-1	-1	-1	-1	-1	-1	382	upstream_gene_variant	NONE	c.-382T>C	.	-1
NC_045512.2	27374	T	C	ORF8	gene-GU280_gp09	MODIFIER	upstream_gene_variant	transcript	TRANSCRIPT_gene-GU280_gp09	protein_coding	-1	c.-520T>C	.	-1	-1	-1	-1	-1	-1	520	upstream_gene_variant	NONE	c.-520T>C	.	-1
NC_045512.2	27374	T	C	N	gene-GU280_gp10	MODIFIER	upstream_gene_variant	transcript	TRANSCRIPT_gene-GU280_gp10	protein_coding	-1	c.-900T>C	.	-1	-1	-1	-1	-1	-1	900	upstream_gene_variant	NONE	c.-900T>C	.	-1
NC_045512.2	27374	T	C	ORF10	gene-GU280_gp11	MODIFIER	upstream_gene_variant	transcript	TRANSCRIPT_gene-GU280_gp11	protein_coding	-1	c.-2184T>C	.	-1	-1	-1	-1	-1	-1	2184	upstream_gene_variant	NONE	c.-2184T>C	.	-1
NC_045512.2	27374	T	C	S	gene-GU280_gp02	MODIFIER	downstream_gene_variant	transcript	TRANSCRIPT_gene-GU280_gp02	protein_coding	-1	c.*1990T>C	.	-1	-1	-1	-1	-1	-1	1990	downstream_gene_variant	NONE	c.*1990T>C	.	-1
NC_045512.2	27374	T	C	ORF3a	gene-GU280_gp03	MODIFIER	downstream_gene_variant	transcript	TRANSCRIPT_gene-GU280_gp03	protein_coding	-1	c.*1154T>C	.	-1	-1	-1	-1	-1	-1	1154	downstream_gene_variant	NONE	c.*1154T>C	.	-1
NC_045512.2	27374	T	C	E	gene-GU280_gp04	MODIFIER	downstream_gene_variant	transcript	TRANSCRIPT_gene-GU280_gp04	protein_coding	-1	c.*902T>C	.	-1	-1	-1	-1	-1	-1	902	downstream_gene_variant	NONE	c.*902T>C	.	-1
NC_045512.2	27374	T	C	M	gene-GU280_gp05	MODIFIER	downstream_gene_variant	transcript	TRANSCRIPT_gene-GU280_gp05	protein_coding	-1	c.*183T>C	.	-1	-1	-1	-1	-1	-1	183	downstream_gene_variant	NONE	c.*183T>C	.	-1
NC_045512.2	27964	C	T	ORF8	gene-GU280_gp09	MODERATE	missense_variant	transcript	TRANSCRIPT_gene-GU280_gp09	protein_coding	1	c.71C>T	p.Ser24Leu	71	366	71	366	24	121	0	missense_variant	NONE	c.71C>T	p.Ser24Leu	121
NC_045512.2	27964	C	T	N	gene-GU280_gp10	MODIFIER	upstream_gene_variant	transcript	TRANSCRIPT_gene-GU280_gp10	protein_coding	-1	c.-310C>T	.	-1	-1	-1	-1	-1	-1	310	upstream_gene_variant	NONE	c.-310C>T	.	-1
NC_045512.2	27964	C	T	ORF10	gene-GU280_gp11	MODIFIER	upstream_gene_variant	transcript	TRANSCRIPT_gene-GU280_gp11	protein_coding	-1	c.-1594C>T	.	-1	-1	-1	-1	-1	-1	1594	upstream_gene_variant	NONE	c.-1594C>T	.	-1
NC_045512.2	27964	C	T	S	gene-GU280_gp02	MODIFIER	downstream_gene_variant	transcript	TRANSCRIPT_gene-GU280_gp02	protein_coding	-1	c.*2580C>T	.	-1	-1	-1	-1	-1	-1	2580	downstream_gene_variant	NONE	c.*2580C>T	.	-1
NC_045512.2	27964	C	T	ORF3a	gene-GU280_gp03	MODIFIER	downstream_gene_variant	transcript	TRANSCRIPT_gene-GU280_gp03	protein_coding	-1	c.*1744C>T	.	-1	-1	-1	-1	-1	-1	1744	downstream_gene_variant	NONE	c.*1744C>T	.	-1
NC_045512.2	27964	C	T	E	gene-GU280_gp04	MODIFIER	downstream_gene_variant	transcript	TRANSCRIPT_gene-GU280_gp04	protein_coding	-1	c.*1492C>T	.	-1	-1	-1	-1	-1	-1	1492	downstream_gene_variant	NONE	c.*1492C>T	.	-1
NC_045512.2	27964	C	T	M	gene-GU280_gp05	MODIFIER	downstream_gene_variant	transcript	TRANSCRIPT_gene-GU280_gp05	protein_coding	-1	c.*773C>T	.	-1	-1	-1	-1	-1	-1	773	downstream_gene_variant	NONE	c.*773C>T	.	-1
NC_045512.2	27964	C	T	ORF6	gene-GU280_gp06	MODIFIER	downstream_gene_variant	transcript	TRANSCRIPT_gene-GU280_gp06	protein_coding	-1	c.*577C>T	.	-1	-1	-1	-1	-1	-1	577	downstream_gene_variant	NONE	c.*577C>T	.	-1
NC_045512.2	27964	C	T	ORF7a	gene-GU280_gp07	MODIFIER	downstream_gene_variant	transcript	TRANSCRIPT_gene-GU280_gp07	protein_coding	-1	c.*205C>T	.	-1	-1	-1	-1	-1	-1	205	downstream_gene_variant	NONE	c.*205C>T	.	-1
NC_045512.2	27964	C	T	ORF7b	gene-GU280_gp08	MODIFIER	downstream_gene_variant	transcript	TRANSCRIPT_gene-GU280_gp08	protein_coding	-1	c.*77C>T	.	-1	-1	-1	-1	-1	-1	77	downstream_gene_variant	NONE	c.*77C>T	.	-1
NC_045512.2	27972	C	T	ORF8	gene-GU280_gp09	HIGH	stop_gained	transcript	TRANSCRIPT_gene-GU280_gp09	protein_coding	1	c.79C>T	p.Gln27*	79	366	79	366	27	121	0	stop_gained	NONE	c.79C>T	p.Gln27*	121
NC_045512.2	27972	C	T	N	gene-GU280_gp10	MODIFIER	upstream_gene_variant	transcript	TRANSCRIPT_gene-GU280_gp10	protein_coding	-1	c.-302C>T	.	-1	-1	-1	-1	-1	-1	302	upstream_gene_variant	NONE	c.-302C>T	.	-1
NC_045512.2	27972	C	T	ORF10	gene-GU280_gp11	MODIFIER	upstream_gene_variant	transcript	TRANSCRIPT_gene-GU280_gp11	protein_coding	-1	c.-1586C>T	.	-1	-1	-1	-1	-1	-1	1586	upstream_gene_variant	NONE	c.-1586C>T	.	-1
NC_045512.2	27972	C	T	S	gene-GU280_gp02	MODIFIER	downstream_gene_variant	transcript	TRANSCRIPT_gene-GU280_gp02	protein_coding	-1	c.*2588C>T	.	-1	-1	-1	-1	-1	-1	2588	downstream_gene_variant	NONE	c.*2588C>T	.	-1
NC_045512.2	27972	C	T	ORF3a	gene-GU280_gp03	MODIFIER	downstream_gene_variant	transcript	TRANSCRIPT_gene-GU280_gp03	protein_coding	-1	c.*1752C>T	.	-1	-1	-1	-1	-1	-1	1752	downstream_gene_variant	NONE	c.*1752C>T	.	-1
NC_045512.2	27972	C	T	E	gene-GU280_gp04	MODIFIER	downstream_gene_variant	transcript	TRANSCRIPT_gene-GU280_gp04	protein_coding	-1	c.*1500C>T	.	-1	-1	-1	-1	-1	-1	1500	downstream_gene_variant	NONE	c.*1500C>T	.	-1
NC_045512.2	27972	C	T	M	gene-GU280_gp05	MODIFIER	downstream_gene_variant	transcript	TRANSCRIPT_gene-GU280_gp05	protein_coding	-1	c.*781C>T	.	-1	-1	-1	-1	-1	-1	781	downstream_gene_variant	NONE	c.*781C>T	.	-1
NC_045512.2	27972	C	T	ORF6	gene-GU280_gp06	MODIFIER	downstream_gene_variant	transcript	TRANSCRIPT_gene-GU280_gp06	protein_coding	-1	c.*585C>T	.	-1	-1	-1	-1	-1	-1	585	downstream_gene_variant	NONE	c.*585C>T	.	-1
NC_045512.2	27972	C	T	ORF7a	gene-GU280_gp07	MODIFIER	downstream_gene_variant	transcript	TRANSCRIPT_gene-GU280_gp07	protein_coding	-1	c.*213C>T	.	-1	-1	-1	-1	-1	-1	213	downstream_gene_variant	NONE	c.*213C>T	.	-1
NC_045512.2	27972	C	T	ORF7b	gene-GU280_gp08	MODIFIER	downstream_gene_variant	transcript	TRANSCRIPT_gene-GU280_gp08	protein_coding	-1	c.*85C>T	.	-1	-1	-1	-1	-1	-1	85	downstream_gene_variant	NONE	c.*85C>T	.	-1
NC_045512.2	28048	G	T	ORF8	gene-GU280_gp09	MODERATE	missense_variant	transcript	TRANSCRIPT_gene-GU280_gp09	protein_coding	1	c.155G>T	p.Arg52Ile	155	366	155	366	52	121	0	missense_variant	NONE	c.155G>T	p.Arg52Ile	121
NC_045512.2	28048	G	T	N	gene-GU280_gp10	MODIFIER	upstream_gene_variant	transcript	TRANSCRIPT_gene-GU280_gp10	protein_coding	-1	c.-226G>T	.	-1	-1	-1	-1	-1	-1	226	upstream_gene_variant	NONE	c.-226G>T	.	-1
NC_045512.2	28048	G	T	ORF10	gene-GU280_gp11	MODIFIER	upstream_gene_variant	transcript	TRANSCRIPT_gene-GU280_gp11	protein_coding	-1	c.-1510G>T	.	-1	-1	-1	-1	-1	-1	1510	upstream_gene_variant	NONE	c.-1510G>T	.	-1
NC_045512.2	28048	G	T	S	gene-GU280_gp02	MODIFIER	downstream_gene_variant	transcript	TRANSCRIPT_gene-GU280_gp02	protein_coding	-1	c.*2664G>T	.	-1	-1	-1	-1	-1	-1	2664	downstream_gene_variant	NONE	c.*2664G>T	.	-1
NC_045512.2	28048	G	T	ORF3a	gene-GU280_gp03	MODIFIER	downstream_gene_variant	transcript	TRANSCRIPT_gene-GU280_gp03	protein_coding	-1	c.*1828G>T	.	-1	-1	-1	-1	-1	-1	1828	downstream_gene_variant	NONE	c.*1828G>T	.	-1
NC_045512.2	28048	G	T	E	gene-GU280_gp04	MODIFIER	downstream_gene_variant	transcript	TRANSCRIPT_gene-GU280_gp04	protein_coding	-1	c.*1576G>T	.	-1	-1	-1	-1	-1	-1	1576	downstream_gene_variant	NONE	c.*1576G>T	.	-1
NC_045512.2	28048	G	T	M	gene-GU280_gp05	MODIFIER	downstream_gene_variant	transcript	TRANSCRIPT_gene-GU280_gp05	protein_coding	-1	c.*857G>T	.	-1	-1	-1	-1	-1	-1	857	downstream_gene_variant	NONE	c.*857G>T	.	-1
NC_045512.2	28048	G	T	ORF6	gene-GU280_gp06	MODIFIER	downstream_gene_variant	transcript	TRANSCRIPT_gene-GU280_gp06	protein_coding	-1	c.*661G>T	.	-1	-1	-1	-1	-1	-1	661	downstream_gene_variant	NONE	c.*661G>T	.	-1
NC_045512.2	28048	G	T	ORF7a	gene-GU280_gp07	MODIFIER	downstream_gene_variant	transcript	TRANSCRIPT_gene-GU280_gp07	protein_coding	-1	c.*289G>T	.	-1	-1	-1	-1	-1	-1	289	downstream_gene_variant	NONE	c.*289G>T	.	-1
NC_045512.2	28048	G	T	ORF7b	gene-GU280_gp08	MODIFIER	downstream_gene_variant	transcript	TRANSCRIPT_gene-GU280_gp08	protein_coding	-1	c.*161G>T	.	-1	-1	-1	-1	-1	-1	161	downstream_gene_variant	NONE	c.*161G>T	.	-1
NC_045512.2	28095	A	T	ORF8	gene-GU280_gp09	HIGH	stop_gained	transcript	TRANSCRIPT_gene-GU280_gp09	protein_coding	1	c.202A>T	p.Lys68*	202	366	202	366	68	121	0	stop_gained	NONE	c.202A>T	p.Lys68*	121
NC_045512.2	28095	A	T	N	gene-GU280_gp10	MODIFIER	upstream_gene_variant	transcript	TRANSCRIPT_gene-GU280_gp10	protein_coding	-1	c.-179A>T	.	-1	-1	-1	-1	-1	-1	179	upstream_gene_variant	NONE	c.-179A>T	.	-1
NC_045512.2	28095	A	T	ORF10	gene-GU280_gp11	MODIFIER	upstream_gene_variant	transcript	TRANSCRIPT_gene-GU280_gp11	protein_coding	-1	c.-1463A>T	.	-1	-1	-1	-1	-1	-1	1463	upstream_gene_variant	NONE	c.-1463A>T	.	-1
NC_045512.2	28095	A	T	S	gene-GU280_gp02	MODIFIER	downstream_gene_variant	transcript	TRANSCRIPT_gene-GU280_gp02	protein_coding	-1	c.*2711A>T	.	-1	-1	-1	-1	-1	-1	2711	downstream_gene_variant	NONE	c.*2711A>T	.	-1
NC_045512.2	28095	A	T	ORF3a	gene-GU280_gp03	MODIFIER	downstream_gene_variant	transcript	TRANSCRIPT_gene-GU280_gp03	protein_coding	-1	c.*1875A>T	.	-1	-1	-1	-1	-1	-1	1875	downstream_gene_variant	NONE	c.*1875A>T	.	-1
NC_045512.2	28095	A	T	E	gene-GU280_gp04	MODIFIER	downstream_gene_variant	transcript	TRANSCRIPT_gene-GU280_gp04	protein_coding	-1	c.*1623A>T	.	-1	-1	-1	-1	-1	-1	1623	downstream_gene_variant	NONE	c.*1623A>T	.	-1
NC_045512.2	28095	A	T	M	gene-GU280_gp05	MODIFIER	downstream_gene_variant	transcript	TRANSCRIPT_gene-GU280_gp05	protein_coding	-1	c.*904A>T	.	-1	-1	-1	-1	-1	-1	904	downstream_gene_variant	NONE	c.*904A>T	.	-1
NC_045512.2	28095	A	T	ORF6	gene-GU280_gp06	MODIFIER	downstream_gene_variant	transcript	TRANSCRIPT_gene-GU280_gp06	protein_coding	-1	c.*708A>T	.	-1	-1	-1	-1	-1	-1	708	downstream_gene_variant	NONE	c.*708A>T	.	-1
NC_045512.2	28095	A	T	ORF7a	gene-GU280_gp07	MODIFIER	downstream_gene_variant	transcript	TRANSCRIPT_gene-GU280_gp07	protein_coding	-1	c.*336A>T	.	-1	-1	-1	-1	-1	-1	336	downstream_gene_variant	NONE	c.*336A>T	.	-1
NC_045512.2	28095	A	T	ORF7b	gene-GU280_gp08	MODIFIER	downstream_gene_variant	transcript	TRANSCRIPT_gene-GU280_gp08	protein_coding	-1	c.*208A>T	.	-1	-1	-1	-1	-1	-1	208	downstream_gene_variant	NONE	c.*208A>T	.	-1
NC_045512.2	28111	A	G	ORF8	gene-GU280_gp09	MODERATE	missense_variant	transcript	TRANSCRIPT_gene-GU280_gp09	protein_coding	1	c.218A>G	p.Tyr73Cys	218	366	218	366	73	121	0	missense_variant	NONE	c.218A>G	p.Tyr73Cys	121
NC_045512.2	28111	A	G	N	gene-GU280_gp10	MODIFIER	upstream_gene_variant	transcript	TRANSCRIPT_gene-GU280_gp10	protein_coding	-1	c.-163A>G	.	-1	-1	-1	-1	-1	-1	163	upstream_gene_variant	NONE	c.-163A>G	.	-1
NC_045512.2	28111	A	G	ORF10	gene-GU280_gp11	MODIFIER	upstream_gene_variant	transcript	TRANSCRIPT_gene-GU280_gp11	protein_coding	-1	c.-1447A>G	.	-1	-1	-1	-1	-1	-1	1447	upstream_gene_variant	NONE	c.-1447A>G	.	-1
NC_045512.2	28111	A	G	S	gene-GU280_gp02	MODIFIER	downstream_gene_variant	transcript	TRANSCRIPT_gene-GU280_gp02	protein_coding	-1	c.*2727A>G	.	-1	-1	-1	-1	-1	-1	2727	downstream_gene_variant	NONE	c.*2727A>G	.	-1
NC_045512.2	28111	A	G	ORF3a	gene-GU280_gp03	MODIFIER	downstream_gene_variant	transcript	TRANSCRIPT_gene-GU280_gp03	protein_coding	-1	c.*1891A>G	.	-1	-1	-1	-1	-1	-1	1891	downstream_gene_variant	NONE	c.*1891A>G	.	-1
NC_045512.2	28111	A	G	E	gene-GU280_gp04	MODIFIER	downstream_gene_variant	transcript	TRANSCRIPT_gene-GU280_gp04	protein_coding	-1	c.*1639A>G	.	-1	-1	-1	-1	-1	-1	1639	downstream_gene_variant	NONE	c.*1639A>G	.	-1
NC_045512.2	28111	A	G	M	gene-GU280_gp05	MODIFIER	downstream_gene_variant	transcript	TRANSCRIPT_gene-GU280_gp05	protein_coding	-1	c.*920A>G	.	-1	-1	-1	-1	-1	-1	920	downstream_gene_variant	NONE	c.*920A>G	.	-1
NC_045512.2	28111	A	G	ORF6	gene-GU280_gp06	MODIFIER	downstream_gene_variant	transcript	TRANSCRIPT_gene-GU280_gp06	protein_coding	-1	c.*724A>G	.	-1	-1	-1	-1	-1	-1	724	downstream_gene_variant	NONE	c.*724A>G	.	-1
NC_045512.2	28111	A	G	ORF7a	gene-GU280_gp07	MODIFIER	downstream_gene_variant	transcript	TRANSCRIPT_gene-GU280_gp07	protein_coding	-1	c.*352A>G	.	-1	-1	-1	-1	-1	-1	352	downstream_gene_variant	NONE	c.*352A>G	.	-1
NC_045512.2	28111	A	G	ORF7b	gene-GU280_gp08	MODIFIER	downstream_gene_variant	transcript	TRANSCRIPT_gene-GU280_gp08	protein_coding	-1	c.*224A>G	.	-1	-1	-1	-1	-1	-1	224	downstream_gene_variant	NONE	c.*224A>G	.	-1
NC_045512.2	28270	TA	T	N	gene-GU280_gp10	MODIFIER	upstream_gene_variant	transcript	TRANSCRIPT_gene-GU280_gp10	protein_coding	-1	c.-3delA	.	-1	-1	-1	-1	-1	-1	3	upstream_gene_variant	NONE	c.-3delA	.	-1
NC_045512.2	28270	TA	T	ORF10	gene-GU280_gp11	MODIFIER	upstream_gene_variant	transcript	TRANSCRIPT_gene-GU280_gp11	protein_coding	-1	c.-1287delA	.	-1	-1	-1	-1	-1	-1	1287	upstream_gene_variant	NONE	c.-1287delA	.	-1
NC_045512.2	28270	TA	T	S	gene-GU280_gp02	MODIFIER	downstream_gene_variant	transcript	TRANSCRIPT_gene-GU280_gp02	protein_coding	-1	c.*2887delA	.	-1	-1	-1	-1	-1	-1	2887	downstream_gene_variant	NONE	c.*2887delA	.	-1
NC_045512.2	28270	TA	T	ORF3a	gene-GU280_gp03	MODIFIER	downstream_gene_variant	transcript	TRANSCRIPT_gene-GU280_gp03	protein_coding	-1	c.*2051delA	.	-1	-1	-1	-1	-1	-1	2051	downstream_gene_variant	NONE	c.*2051delA	.	-1
NC_045512.2	28270	TA	T	E	gene-GU280_gp04	MODIFIER	downstream_gene_variant	transcript	TRANSCRIPT_gene-GU280_gp04	protein_coding	-1	c.*1799delA	.	-1	-1	-1	-1	-1	-1	1799	downstream_gene_variant	NONE	c.*1799delA	.	-1
NC_045512.2	28270	TA	T	M	gene-GU280_gp05	MODIFIER	downstream_gene_variant	transcript	TRANSCRIPT_gene-GU280_gp05	protein_coding	-1	c.*1080delA	.	-1	-1	-1	-1	-1	-1	1080	downstream_gene_variant	NONE	c.*1080delA	.	-1
NC_045512.2	28270	TA	T	ORF6	gene-GU280_gp06	MODIFIER	downstream_gene_variant	transcript	TRANSCRIPT_gene-GU280_gp06	protein_coding	-1	c.*884delA	.	-1	-1	-1	-1	-1	-1	884	downstream_gene_variant	NONE	c.*884delA	.	-1
NC_045512.2	28270	TA	T	ORF7a	gene-GU280_gp07	MODIFIER	downstream_gene_variant	transcript	TRANSCRIPT_gene-GU280_gp07	protein_coding	-1	c.*512delA	.	-1	-1	-1	-1	-1	-1	512	downstream_gene_variant	NONE	c.*512delA	.	-1
NC_045512.2	28270	TA	T	ORF7b	gene-GU280_gp08	MODIFIER	downstream_gene_variant	transcript	TRANSCRIPT_gene-GU280_gp08	protein_coding	-1	c.*384delA	.	-1	-1	-1	-1	-1	-1	384	downstream_gene_variant	NONE	c.*384delA	.	-1
NC_045512.2	28270	TA	T	ORF8	gene-GU280_gp09	MODIFIER	downstream_gene_variant	transcript	TRANSCRIPT_gene-GU280_gp09	protein_coding	-1	c.*12delA	.	-1	-1	-1	-1	-1	-1	12	downstream_gene_variant	NONE	c.*12delA	.	-1
NC_045512.2	28270	TA	T	ORF8-N	gene-GU280_gp09-gene-GU280_gp10	MODIFIER	intergenic_region	intergenic_region	gene-GU280_gp09-gene-GU280_gp10	.	-1	n.28271delA	.	-1	-1	-1	-1	-1	-1	0	intergenic_region	NONE	n.28271delA	.	-1
NC_045512.2	28280	G	C	N	gene-GU280_gp10	MODERATE	missense_variant	transcript	TRANSCRIPT_gene-GU280_gp10	protein_coding	1	c.7G>C	p.Asp3His	7	1260	7	1260	3	419	0	missense_variant	NONE	c.7G>C	p.Asp3His	419
NC_045512.2	28280	G	C	ORF10	gene-GU280_gp11	MODIFIER	upstream_gene_variant	transcript	TRANSCRIPT_gene-GU280_gp11	protein_coding	-1	c.-1278G>C	.	-1	-1	-1	-1	-1	-1	1278	upstream_gene_variant	NONE	c.-1278G>C	.	-1
NC_045512.2	28280	G	C	S	gene-GU280_gp02	MODIFIER	downstream_gene_variant	transcript	TRANSCRIPT_gene-GU280_gp02	protein_coding	-1	c.*2896G>C	.	-1	-1	-1	-1	-1	-1	2896	downstream_gene_variant	NONE	c.*2896G>C	.	-1
NC_045512.2	28280	G	C	ORF3a	gene-GU280_gp03	MODIFIER	downstream_gene_variant	transcript	TRANSCRIPT_gene-GU280_gp03	protein_coding	-1	c.*2060G>C	.	-1	-1	-1	-1	-1	-1	2060	downstream_gene_variant	NONE	c.*2060G>C	.	-1
NC_045512.2	28280	G	C	E	gene-GU280_gp04	MODIFIER	downstream_gene_variant	transcript	TRANSCRIPT_gene-GU280_gp04	protein_coding	-1	c.*1808G>C	.	-1	-1	-1	-1	-1	-1	1808	downstream_gene_variant	NONE	c.*1808G>C	.	-1
NC_045512.2	28280	G	C	M	gene-GU280_gp05	MODIFIER	downstream_gene_variant	transcript	TRANSCRIPT_gene-GU280_gp05	protein_coding	-1	c.*1089G>C	.	-1	-1	-1	-1	-1	-1	1089	downstream_gene_variant	NONE	c.*1089G>C	.	-1
NC_045512.2	28280	G	C	ORF6	gene-GU280_gp06	MODIFIER	downstream_gene_variant	transcript	TRANSCRIPT_gene-GU280_gp06	protein_coding	-1	c.*893G>C	.	-1	-1	-1	-1	-1	-1	893	downstream_gene_variant	NONE	c.*893G>C	.	-1
NC_045512.2	28280	G	C	ORF7a	gene-GU280_gp07	MODIFIER	downstream_gene_variant	transcript	TRANSCRIPT_gene-GU280_gp07	protein_coding	-1	c.*521G>C	.	-1	-1	-1	-1	-1	-1	521	downstream_gene_variant	NONE	c.*521G>C	.	-1
NC_045512.2	28280	G	C	ORF7b	gene-GU280_gp08	MODIFIER	downstream_gene_variant	transcript	TRANSCRIPT_gene-GU280_gp08	protein_coding	-1	c.*393G>C	.	-1	-1	-1	-1	-1	-1	393	downstream_gene_variant	NONE	c.*393G>C	.	-1
NC_045512.2	28280	G	C	ORF8	gene-GU280_gp09	MODIFIER	downstream_gene_variant	transcript	TRANSCRIPT_gene-GU280_gp09	protein_coding	-1	c.*21G>C	.	-1	-1	-1	-1	-1	-1	21	downstream_gene_variant	NONE	c.*21G>C	.	-1
NC_045512.2	28281	A	T	N	gene-GU280_gp10	MODERATE	missense_variant	transcript	TRANSCRIPT_gene-GU280_gp10	protein_coding	1	c.8A>T	p.Asp3Val	8	1260	8	1260	3	419	0	missense_variant	NONE	c.8A>T	p.Asp3Val	419
NC_045512.2	28281	A	T	ORF10	gene-GU280_gp11	MODIFIER	upstream_gene_variant	transcript	TRANSCRIPT_gene-GU280_gp11	protein_coding	-1	c.-1277A>T	.	-1	-1	-1	-1	-1	-1	1277	upstream_gene_variant	NONE	c.-1277A>T	.	-1
NC_045512.2	28281	A	T	S	gene-GU280_gp02	MODIFIER	downstream_gene_variant	transcript	TRANSCRIPT_gene-GU280_gp02	protein_coding	-1	c.*2897A>T	.	-1	-1	-1	-1	-1	-1	2897	downstream_gene_variant	NONE	c.*2897A>T	.	-1
NC_045512.2	28281	A	T	ORF3a	gene-GU280_gp03	MODIFIER	downstream_gene_variant	transcript	TRANSCRIPT_gene-GU280_gp03	protein_coding	-1	c.*2061A>T	.	-1	-1	-1	-1	-1	-1	2061	downstream_gene_variant	NONE	c.*2061A>T	.	-1
NC_045512.2	28281	A	T	E	gene-GU280_gp04	MODIFIER	downstream_gene_variant	transcript	TRANSCRIPT_gene-GU280_gp04	protein_coding	-1	c.*1809A>T	.	-1	-1	-1	-1	-1	-1	1809	downstream_gene_variant	NONE	c.*1809A>T	.	-1
NC_045512.2	28281	A	T	M	gene-GU280_gp05	MODIFIER	downstream_gene_variant	transcript	TRANSCRIPT_gene-GU280_gp05	protein_coding	-1	c.*1090A>T	.	-1	-1	-1	-1	-1	-1	1090	downstream_gene_variant	NONE	c.*1090A>T	.	-1
NC_045512.2	28281	A	T	ORF6	gene-GU280_gp06	MODIFIER	downstream_gene_variant	transcript	TRANSCRIPT_gene-GU280_gp06	protein_coding	-1	c.*894A>T	.	-1	-1	-1	-1	-1	-1	894	downstream_gene_variant	NONE	c.*894A>T	.	-1
NC_045512.2	28281	A	T	ORF7a	gene-GU280_gp07	MODIFIER	downstream_gene_variant	transcript	TRANSCRIPT_gene-GU280_gp07	protein_coding	-1	c.*522A>T	.	-1	-1	-1	-1	-1	-1	522	downstream_gene_variant	NONE	c.*522A>T	.	-1
NC_045512.2	28281	A	T	ORF7b	gene-GU280_gp08	MODIFIER	downstream_gene_variant	transcript	TRANSCRIPT_gene-GU280_gp08	protein_coding	-1	c.*394A>T	.	-1	-1	-1	-1	-1	-1	394	downstream_gene_variant	NONE	c.*394A>T	.	-1
NC_045512.2	28281	A	T	ORF8	gene-GU280_gp09	MODIFIER	downstream_gene_variant	transcript	TRANSCRIPT_gene-GU280_gp09	protein_coding	-1	c.*22A>T	.	-1	-1	-1	-1	-1	-1	22	downstream_gene_variant	NONE	c.*22A>T	.	-1
NC_045512.2	28282	T	A	N	gene-GU280_gp10	MODERATE	missense_variant	transcript	TRANSCRIPT_gene-GU280_gp10	protein_coding	1	c.9T>A	p.Asp3Glu	9	1260	9	1260	3	419	0	missense_variant	NONE	c.9T>A	p.Asp3Glu	419
NC_045512.2	28282	T	A	ORF10	gene-GU280_gp11	MODIFIER	upstream_gene_variant	transcript	TRANSCRIPT_gene-GU280_gp11	protein_coding	-1	c.-1276T>A	.	-1	-1	-1	-1	-1	-1	1276	upstream_gene_variant	NONE	c.-1276T>A	.	-1
NC_045512.2	28282	T	A	S	gene-GU280_gp02	MODIFIER	downstream_gene_variant	transcript	TRANSCRIPT_gene-GU280_gp02	protein_coding	-1	c.*2898T>A	.	-1	-1	-1	-1	-1	-1	2898	downstream_gene_variant	NONE	c.*2898T>A	.	-1
NC_045512.2	28282	T	A	ORF3a	gene-GU280_gp03	MODIFIER	downstream_gene_variant	transcript	TRANSCRIPT_gene-GU280_gp03	protein_coding	-1	c.*2062T>A	.	-1	-1	-1	-1	-1	-1	2062	downstream_gene_variant	NONE	c.*2062T>A	.	-1
NC_045512.2	28282	T	A	E	gene-GU280_gp04	MODIFIER	downstream_gene_variant	transcript	TRANSCRIPT_gene-GU280_gp04	protein_coding	-1	c.*1810T>A	.	-1	-1	-1	-1	-1	-1	1810	downstream_gene_variant	NONE	c.*1810T>A	.	-1
NC_045512.2	28282	T	A	M	gene-GU280_gp05	MODIFIER	downstream_gene_variant	transcript	TRANSCRIPT_gene-GU280_gp05	protein_coding	-1	c.*1091T>A	.	-1	-1	-1	-1	-1	-1	1091	downstream_gene_variant	NONE	c.*1091T>A	.	-1
NC_045512.2	28282	T	A	ORF6	gene-GU280_gp06	MODIFIER	downstream_gene_variant	transcript	TRANSCRIPT_gene-GU280_gp06	protein_coding	-1	c.*895T>A	.	-1	-1	-1	-1	-1	-1	895	downstream_gene_variant	NONE	c.*895T>A	.	-1
NC_045512.2	28282	T	A	ORF7a	gene-GU280_gp07	MODIFIER	downstream_gene_variant	transcript	TRANSCRIPT_gene-GU280_gp07	protein_coding	-1	c.*523T>A	.	-1	-1	-1	-1	-1	-1	523	downstream_gene_variant	NONE	c.*523T>A	.	-1
NC_045512.2	28282	T	A	ORF7b	gene-GU280_gp08	MODIFIER	downstream_gene_variant	transcript	TRANSCRIPT_gene-GU280_gp08	protein_coding	-1	c.*395T>A	.	-1	-1	-1	-1	-1	-1	395	downstream_gene_variant	NONE	c.*395T>A	.	-1
NC_045512.2	28282	T	A	ORF8	gene-GU280_gp09	MODIFIER	downstream_gene_variant	transcript	TRANSCRIPT_gene-GU280_gp09	protein_coding	-1	c.*23T>A	.	-1	-1	-1	-1	-1	-1	23	downstream_gene_variant	NONE	c.*23T>A	.	-1
NC_045512.2	28472	C	T	N	gene-GU280_gp10	MODERATE	missense_variant	transcript	TRANSCRIPT_gene-GU280_gp10	protein_coding	1	c.199C>T	p.Pro67Ser	199	1260	199	1260	67	419	0	missense_variant	NONE	c.199C>T	p.Pro67Ser	419
NC_045512.2	28472	C	T	ORF10	gene-GU280_gp11	MODIFIER	upstream_gene_variant	transcript	TRANSCRIPT_gene-GU280_gp11	protein_coding	-1	c.-1086C>T	.	-1	-1	-1	-1	-1	-1	1086	upstream_gene_variant	NONE	c.-1086C>T	.	-1
NC_045512.2	28472	C	T	S	gene-GU280_gp02	MODIFIER	downstream_gene_variant	transcript	TRANSCRIPT_gene-GU280_gp02	protein_coding	-1	c.*3088C>T	.	-1	-1	-1	-1	-1	-1	3088	downstream_gene_variant	NONE	c.*3088C>T	.	-1
NC_045512.2	28472	C	T	ORF3a	gene-GU280_gp03	MODIFIER	downstream_gene_variant	transcript	TRANSCRIPT_gene-GU280_gp03	protein_coding	-1	c.*2252C>T	.	-1	-1	-1	-1	-1	-1	2252	downstream_gene_variant	NONE	c.*2252C>T	.	-1
NC_045512.2	28472	C	T	E	gene-GU280_gp04	MODIFIER	downstream_gene_variant	transcript	TRANSCRIPT_gene-GU280_gp04	protein_coding	-1	c.*2000C>T	.	-1	-1	-1	-1	-1	-1	2000	downstream_gene_variant	NONE	c.*2000C>T	.	-1
NC_045512.2	28472	C	T	M	gene-GU280_gp05	MODIFIER	downstream_gene_variant	transcript	TRANSCRIPT_gene-GU280_gp05	protein_coding	-1	c.*1281C>T	.	-1	-1	-1	-1	-1	-1	1281	downstream_gene_variant	NONE	c.*1281C>T	.	-1
NC_045512.2	28472	C	T	ORF6	gene-GU280_gp06	MODIFIER	downstream_gene_variant	transcript	TRANSCRIPT_gene-GU280_gp06	protein_coding	-1	c.*1085C>T	.	-1	-1	-1	-1	-1	-1	1085	downstream_gene_variant	NONE	c.*1085C>T	.	-1
NC_045512.2	28472	C	T	ORF7a	gene-GU280_gp07	MODIFIER	downstream_gene_variant	transcript	TRANSCRIPT_gene-GU280_gp07	protein_coding	-1	c.*713C>T	.	-1	-1	-1	-1	-1	-1	713	downstream_gene_variant	NONE	c.*713C>T	.	-1
NC_045512.2	28472	C	T	ORF7b	gene-GU280_gp08	MODIFIER	downstream_gene_variant	transcript	TRANSCRIPT_gene-GU280_gp08	protein_coding	-1	c.*585C>T	.	-1	-1	-1	-1	-1	-1	585	downstream_gene_variant	NONE	c.*585C>T	.	-1
NC_045512.2	28472	C	T	ORF8	gene-GU280_gp09	MODIFIER	downstream_gene_variant	transcript	TRANSCRIPT_gene-GU280_gp09	protein_coding	-1	c.*213C>T	.	-1	-1	-1	-1	-1	-1	213	downstream_gene_variant	NONE	c.*213C>T	.	-1
NC_045512.2	28869	C	T	N	gene-GU280_gp10	MODERATE	missense_variant	transcript	TRANSCRIPT_gene-GU280_gp10	protein_coding	1	c.596C>T	p.Pro199Leu	596	1260	596	1260	199	419	0	missense_variant	NONE	c.596C>T	p.Pro199Leu	419
NC_045512.2	28869	C	T	ORF10	gene-GU280_gp11	MODIFIER	upstream_gene_variant	transcript	TRANSCRIPT_gene-GU280_gp11	protein_coding	-1	c.-689C>T	.	-1	-1	-1	-1	-1	-1	689	upstream_gene_variant	NONE	c.-689C>T	.	-1
NC_045512.2	28869	C	T	S	gene-GU280_gp02	MODIFIER	downstream_gene_variant	transcript	TRANSCRIPT_gene-GU280_gp02	protein_coding	-1	c.*3485C>T	.	-1	-1	-1	-1	-1	-1	3485	downstream_gene_variant	NONE	c.*3485C>T	.	-1
NC_045512.2	28869	C	T	ORF3a	gene-GU280_gp03	MODIFIER	downstream_gene_variant	transcript	TRANSCRIPT_gene-GU280_gp03	protein_coding	-1	c.*2649C>T	.	-1	-1	-1	-1	-1	-1	2649	downstream_gene_variant	NONE	c.*2649C>T	.	-1
NC_045512.2	28869	C	T	E	gene-GU280_gp04	MODIFIER	downstream_gene_variant	transcript	TRANSCRIPT_gene-GU280_gp04	protein_coding	-1	c.*2397C>T	.	-1	-1	-1	-1	-1	-1	2397	downstream_gene_variant	NONE	c.*2397C>T	.	-1
NC_045512.2	28869	C	T	M	gene-GU280_gp05	MODIFIER	downstream_gene_variant	transcript	TRANSCRIPT_gene-GU280_gp05	protein_coding	-1	c.*1678C>T	.	-1	-1	-1	-1	-1	-1	1678	downstream_gene_variant	NONE	c.*1678C>T	.	-1
NC_045512.2	28869	C	T	ORF6	gene-GU280_gp06	MODIFIER	downstream_gene_variant	transcript	TRANSCRIPT_gene-GU280_gp06	protein_coding	-1	c.*1482C>T	.	-1	-1	-1	-1	-1	-1	1482	downstream_gene_variant	NONE	c.*1482C>T	.	-1
NC_045512.2	28869	C	T	ORF7a	gene-GU280_gp07	MODIFIER	downstream_gene_variant	transcript	TRANSCRIPT_gene-GU280_gp07	protein_coding	-1	c.*1110C>T	.	-1	-1	-1	-1	-1	-1	1110	downstream_gene_variant	NONE	c.*1110C>T	.	-1
NC_045512.2	28869	C	T	ORF7b	gene-GU280_gp08	MODIFIER	downstream_gene_variant	transcript	TRANSCRIPT_gene-GU280_gp08	protein_coding	-1	c.*982C>T	.	-1	-1	-1	-1	-1	-1	982	downstream_gene_variant	NONE	c.*982C>T	.	-1
NC_045512.2	28869	C	T	ORF8	gene-GU280_gp09	MODIFIER	downstream_gene_variant	transcript	TRANSCRIPT_gene-GU280_gp09	protein_coding	-1	c.*610C>T	.	-1	-1	-1	-1	-1	-1	610	downstream_gene_variant	NONE	c.*610C>T	.	-1
NC_045512.2	28881	G	A	N	gene-GU280_gp10	MODERATE	missense_variant	transcript	TRANSCRIPT_gene-GU280_gp10	protein_coding	1	c.608G>A	p.Arg203Lys	608	1260	608	1260	203	419	0	missense_variant	NONE	c.608G>A	p.Arg203Lys	419
NC_045512.2	28881	G	A	ORF10	gene-GU280_gp11	MODIFIER	upstream_gene_variant	transcript	TRANSCRIPT_gene-GU280_gp11	protein_coding	-1	c.-677G>A	.	-1	-1	-1	-1	-1	-1	677	upstream_gene_variant	NONE	c.-677G>A	.	-1
NC_045512.2	28881	G	A	S	gene-GU280_gp02	MODIFIER	downstream_gene_variant	transcript	TRANSCRIPT_gene-GU280_gp02	protein_coding	-1	c.*3497G>A	.	-1	-1	-1	-1	-1	-1	3497	downstream_gene_variant	NONE	c.*3497G>A	.	-1
NC_045512.2	28881	G	A	ORF3a	gene-GU280_gp03	MODIFIER	downstream_gene_variant	transcript	TRANSCRIPT_gene-GU280_gp03	protein_coding	-1	c.*2661G>A	.	-1	-1	-1	-1	-1	-1	2661	downstream_gene_variant	NONE	c.*2661G>A	.	-1
NC_045512.2	28881	G	A	E	gene-GU280_gp04	MODIFIER	downstream_gene_variant	transcript	TRANSCRIPT_gene-GU280_gp04	protein_coding	-1	c.*2409G>A	.	-1	-1	-1	-1	-1	-1	2409	downstream_gene_variant	NONE	c.*2409G>A	.	-1
NC_045512.2	28881	G	A	M	gene-GU280_gp05	MODIFIER	downstream_gene_variant	transcript	TRANSCRIPT_gene-GU280_gp05	protein_coding	-1	c.*1690G>A	.	-1	-1	-1	-1	-1	-1	1690	downstream_gene_variant	NONE	c.*1690G>A	.	-1
NC_045512.2	28881	G	A	ORF6	gene-GU280_gp06	MODIFIER	downstream_gene_variant	transcript	TRANSCRIPT_gene-GU280_gp06	protein_coding	-1	c.*1494G>A	.	-1	-1	-1	-1	-1	-1	1494	downstream_gene_variant	NONE	c.*1494G>A	.	-1
NC_045512.2	28881	G	A	ORF7a	gene-GU280_gp07	MODIFIER	downstream_gene_variant	transcript	TRANSCRIPT_gene-GU280_gp07	protein_coding	-1	c.*1122G>A	.	-1	-1	-1	-1	-1	-1	1122	downstream_gene_variant	NONE	c.*1122G>A	.	-1
NC_045512.2	28881	G	A	ORF7b	gene-GU280_gp08	MODIFIER	downstream_gene_variant	transcript	TRANSCRIPT_gene-GU280_gp08	protein_coding	-1	c.*994G>A	.	-1	-1	-1	-1	-1	-1	994	downstream_gene_variant	NONE	c.*994G>A	.	-1
NC_045512.2	28881	G	A	ORF8	gene-GU280_gp09	MODIFIER	downstream_gene_variant	transcript	TRANSCRIPT_gene-GU280_gp09	protein_coding	-1	c.*622G>A	.	-1	-1	-1	-1	-1	-1	622	downstream_gene_variant	NONE	c.*622G>A	.	-1
NC_045512.2	28882	G	A	N	gene-GU280_gp10	LOW	synonymous_variant	transcript	TRANSCRIPT_gene-GU280_gp10	protein_coding	1	c.609G>A	p.Arg203Arg	609	1260	609	1260	203	419	0	synonymous_variant	NONE	c.609G>A	p.Arg203Arg	419
NC_045512.2	28882	G	A	ORF10	gene-GU280_gp11	MODIFIER	upstream_gene_variant	transcript	TRANSCRIPT_gene-GU280_gp11	protein_coding	-1	c.-676G>A	.	-1	-1	-1	-1	-1	-1	676	upstream_gene_variant	NONE	c.-676G>A	.	-1
NC_045512.2	28882	G	A	S	gene-GU280_gp02	MODIFIER	downstream_gene_variant	transcript	TRANSCRIPT_gene-GU280_gp02	protein_coding	-1	c.*3498G>A	.	-1	-1	-1	-1	-1	-1	3498	downstream_gene_variant	NONE	c.*3498G>A	.	-1
NC_045512.2	28882	G	A	ORF3a	gene-GU280_gp03	MODIFIER	downstream_gene_variant	transcript	TRANSCRIPT_gene-GU280_gp03	protein_coding	-1	c.*2662G>A	.	-1	-1	-1	-1	-1	-1	2662	downstream_gene_variant	NONE	c.*2662G>A	.	-1
NC_045512.2	28882	G	A	E	gene-GU280_gp04	MODIFIER	downstream_gene_variant	transcript	TRANSCRIPT_gene-GU280_gp04	protein_coding	-1	c.*2410G>A	.	-1	-1	-1	-1	-1	-1	2410	downstream_gene_variant	NONE	c.*2410G>A	.	-1
NC_045512.2	28882	G	A	M	gene-GU280_gp05	MODIFIER	downstream_gene_variant	transcript	TRANSCRIPT_gene-GU280_gp05	protein_coding	-1	c.*1691G>A	.	-1	-1	-1	-1	-1	-1	1691	downstream_gene_variant	NONE	c.*1691G>A	.	-1
NC_045512.2	28882	G	A	ORF6	gene-GU280_gp06	MODIFIER	downstream_gene_variant	transcript	TRANSCRIPT_gene-GU280_gp06	protein_coding	-1	c.*1495G>A	.	-1	-1	-1	-1	-1	-1	1495	downstream_gene_variant	NONE	c.*1495G>A	.	-1
NC_045512.2	28882	G	A	ORF7a	gene-GU280_gp07	MODIFIER	downstream_gene_variant	transcript	TRANSCRIPT_gene-GU280_gp07	protein_coding	-1	c.*1123G>A	.	-1	-1	-1	-1	-1	-1	1123	downstream_gene_variant	NONE	c.*1123G>A	.	-1
NC_045512.2	28882	G	A	ORF7b	gene-GU280_gp08	MODIFIER	downstream_gene_variant	transcript	TRANSCRIPT_gene-GU280_gp08	protein_coding	-1	c.*995G>A	.	-1	-1	-1	-1	-1	-1	995	downstream_gene_variant	NONE	c.*995G>A	.	-1
NC_045512.2	28882	G	A	ORF8	gene-GU280_gp09	MODIFIER	downstream_gene_variant	transcript	TRANSCRIPT_gene-GU280_gp09	protein_coding	-1	c.*623G>A	.	-1	-1	-1	-1	-1	-1	623	downstream_gene_variant	NONE	c.*623G>A	.	-1
NC_045512.2	28883	G	C	N	gene-GU280_gp10	MODERATE	missense_variant	transcript	TRANSCRIPT_gene-GU280_gp10	protein_coding	1	c.610G>C	p.Gly204Arg	610	1260	610	1260	204	419	0	missense_variant	NONE	c.610G>C	p.Gly204Arg	419
NC_045512.2	28883	G	C	ORF10	gene-GU280_gp11	MODIFIER	upstream_gene_variant	transcript	TRANSCRIPT_gene-GU280_gp11	protein_coding	-1	c.-675G>C	.	-1	-1	-1	-1	-1	-1	675	upstream_gene_variant	NONE	c.-675G>C	.	-1
NC_045512.2	28883	G	C	S	gene-GU280_gp02	MODIFIER	downstream_gene_variant	transcript	TRANSCRIPT_gene-GU280_gp02	protein_coding	-1	c.*3499G>C	.	-1	-1	-1	-1	-1	-1	3499	downstream_gene_variant	NONE	c.*3499G>C	.	-1
NC_045512.2	28883	G	C	ORF3a	gene-GU280_gp03	MODIFIER	downstream_gene_variant	transcript	TRANSCRIPT_gene-GU280_gp03	protein_coding	-1	c.*2663G>C	.	-1	-1	-1	-1	-1	-1	2663	downstream_gene_variant	NONE	c.*2663G>C	.	-1
NC_045512.2	28883	G	C	E	gene-GU280_gp04	MODIFIER	downstream_gene_variant	transcript	TRANSCRIPT_gene-GU280_gp04	protein_coding	-1	c.*2411G>C	.	-1	-1	-1	-1	-1	-1	2411	downstream_gene_variant	NONE	c.*2411G>C	.	-1
NC_045512.2	28883	G	C	M	gene-GU280_gp05	MODIFIER	downstream_gene_variant	transcript	TRANSCRIPT_gene-GU280_gp05	protein_coding	-1	c.*1692G>C	.	-1	-1	-1	-1	-1	-1	1692	downstream_gene_variant	NONE	c.*1692G>C	.	-1
NC_045512.2	28883	G	C	ORF6	gene-GU280_gp06	MODIFIER	downstream_gene_variant	transcript	TRANSCRIPT_gene-GU280_gp06	protein_coding	-1	c.*1496G>C	.	-1	-1	-1	-1	-1	-1	1496	downstream_gene_variant	NONE	c.*1496G>C	.	-1
NC_045512.2	28883	G	C	ORF7a	gene-GU280_gp07	MODIFIER	downstream_gene_variant	transcript	TRANSCRIPT_gene-GU280_gp07	protein_coding	-1	c.*1124G>C	.	-1	-1	-1	-1	-1	-1	1124	downstream_gene_variant	NONE	c.*1124G>C	.	-1
NC_045512.2	28883	G	C	ORF7b	gene-GU280_gp08	MODIFIER	downstream_gene_variant	transcript	TRANSCRIPT_gene-GU280_gp08	protein_coding	-1	c.*996G>C	.	-1	-1	-1	-1	-1	-1	996	downstream_gene_variant	NONE	c.*996G>C	.	-1
NC_045512.2	28883	G	C	ORF8	gene-GU280_gp09	MODIFIER	downstream_gene_variant	transcript	TRANSCRIPT_gene-GU280_gp09	protein_coding	-1	c.*624G>C	.	-1	-1	-1	-1	-1	-1	624	downstream_gene_variant	NONE	c.*624G>C	.	-1
NC_045512.2	28977	C	T	N	gene-GU280_gp10	MODERATE	missense_variant	transcript	TRANSCRIPT_gene-GU280_gp10	protein_coding	1	c.704C>T	p.Ser235Phe	704	1260	704	1260	235	419	0	missense_variant	NONE	c.704C>T	p.Ser235Phe	419
NC_045512.2	28977	C	T	ORF10	gene-GU280_gp11	MODIFIER	upstream_gene_variant	transcript	TRANSCRIPT_gene-GU280_gp11	protein_coding	-1	c.-581C>T	.	-1	-1	-1	-1	-1	-1	581	upstream_gene_variant	NONE	c.-581C>T	.	-1
NC_045512.2	28977	C	T	S	gene-GU280_gp02	MODIFIER	downstream_gene_variant	transcript	TRANSCRIPT_gene-GU280_gp02	protein_coding	-1	c.*3593C>T	.	-1	-1	-1	-1	-1	-1	3593	downstream_gene_variant	NONE	c.*3593C>T	.	-1
NC_045512.2	28977	C	T	ORF3a	gene-GU280_gp03	MODIFIER	downstream_gene_variant	transcript	TRANSCRIPT_gene-GU280_gp03	protein_coding	-1	c.*2757C>T	.	-1	-1	-1	-1	-1	-1	2757	downstream_gene_variant	NONE	c.*2757C>T	.	-1
NC_045512.2	28977	C	T	E	gene-GU280_gp04	MODIFIER	downstream_gene_variant	transcript	TRANSCRIPT_gene-GU280_gp04	protein_coding	-1	c.*2505C>T	.	-1	-1	-1	-1	-1	-1	2505	downstream_gene_variant	NONE	c.*2505C>T	.	-1
NC_045512.2	28977	C	T	M	gene-GU280_gp05	MODIFIER	downstream_gene_variant	transcript	TRANSCRIPT_gene-GU280_gp05	protein_coding	-1	c.*1786C>T	.	-1	-1	-1	-1	-1	-1	1786	downstream_gene_variant	NONE	c.*1786C>T	.	-1
NC_045512.2	28977	C	T	ORF6	gene-GU280_gp06	MODIFIER	downstream_gene_variant	transcript	TRANSCRIPT_gene-GU280_gp06	protein_coding	-1	c.*1590C>T	.	-1	-1	-1	-1	-1	-1	1590	downstream_gene_variant	NONE	c.*1590C>T	.	-1
NC_045512.2	28977	C	T	ORF7a	gene-GU280_gp07	MODIFIER	downstream_gene_variant	transcript	TRANSCRIPT_gene-GU280_gp07	protein_coding	-1	c.*1218C>T	.	-1	-1	-1	-1	-1	-1	1218	downstream_gene_variant	NONE	c.*1218C>T	.	-1
NC_045512.2	28977	C	T	ORF7b	gene-GU280_gp08	MODIFIER	downstream_gene_variant	transcript	TRANSCRIPT_gene-GU280_gp08	protein_coding	-1	c.*1090C>T	.	-1	-1	-1	-1	-1	-1	1090	downstream_gene_variant	NONE	c.*1090C>T	.	-1
NC_045512.2	28977	C	T	ORF8	gene-GU280_gp09	MODIFIER	downstream_gene_variant	transcript	TRANSCRIPT_gene-GU280_gp09	protein_coding	-1	c.*718C>T	.	-1	-1	-1	-1	-1	-1	718	downstream_gene_variant	NONE	c.*718C>T	.	-1
NC_045512.2	29051	C	CA	N	gene-GU280_gp10	HIGH	frameshift_variant	transcript	TRANSCRIPT_gene-GU280_gp10	protein_coding	1	c.783dupA	p.Arg262fs	784	1260	784	1260	262	419	0	frameshift_variant	NONE	c.783dupA	p.Arg262fs	419
NC_045512.2	29051	C	CA	ORF10	gene-GU280_gp11	MODIFIER	upstream_gene_variant	transcript	TRANSCRIPT_gene-GU280_gp11	protein_coding	-1	c.-507_-506insA	.	-1	-1	-1	-1	-1	-1	506	upstream_gene_variant	NONE	c.-507_-506insA	.	-1
NC_045512.2	29051	C	CA	S	gene-GU280_gp02	MODIFIER	downstream_gene_variant	transcript	TRANSCRIPT_gene-GU280_gp02	protein_coding	-1	c.*3667_*3668insA	.	-1	-1	-1	-1	-1	-1	3668	downstream_gene_variant	NONE	c.*3667_*3668insA	.	-1
NC_045512.2	29051	C	CA	ORF3a	gene-GU280_gp03	MODIFIER	downstream_gene_variant	transcript	TRANSCRIPT_gene-GU280_gp03	protein_coding	-1	c.*2831_*2832insA	.	-1	-1	-1	-1	-1	-1	2832	downstream_gene_variant	NONE	c.*2831_*2832insA	.	-1
NC_045512.2	29051	C	CA	E	gene-GU280_gp04	MODIFIER	downstream_gene_variant	transcript	TRANSCRIPT_gene-GU280_gp04	protein_coding	-1	c.*2579_*2580insA	.	-1	-1	-1	-1	-1	-1	2580	downstream_gene_variant	NONE	c.*2579_*2580insA	.	-1
NC_045512.2	29051	C	CA	M	gene-GU280_gp05	MODIFIER	downstream_gene_variant	transcript	TRANSCRIPT_gene-GU280_gp05	protein_coding	-1	c.*1860_*1861insA	.	-1	-1	-1	-1	-1	-1	1861	downstream_gene_variant	NONE	c.*1860_*1861insA	.	-1
NC_045512.2	29051	C	CA	ORF6	gene-GU280_gp06	MODIFIER	downstream_gene_variant	transcript	TRANSCRIPT_gene-GU280_gp06	protein_coding	-1	c.*1664_*1665insA	.	-1	-1	-1	-1	-1	-1	1665	downstream_gene_variant	NONE	c.*1664_*1665insA	.	-1
NC_045512.2	29051	C	CA	ORF7a	gene-GU280_gp07	MODIFIER	downstream_gene_variant	transcript	TRANSCRIPT_gene-GU280_gp07	protein_coding	-1	c.*1292_*1293insA	.	-1	-1	-1	-1	-1	-1	1293	downstream_gene_variant	NONE	c.*1292_*1293insA	.	-1
NC_045512.2	29051	C	CA	ORF7b	gene-GU280_gp08	MODIFIER	downstream_gene_variant	transcript	TRANSCRIPT_gene-GU280_gp08	protein_coding	-1	c.*1164_*1165insA	.	-1	-1	-1	-1	-1	-1	1165	downstream_gene_variant	NONE	c.*1164_*1165insA	.	-1
NC_045512.2	29051	C	CA	ORF8	gene-GU280_gp09	MODIFIER	downstream_gene_variant	transcript	TRANSCRIPT_gene-GU280_gp09	protein_coding	-1	c.*792_*793insA	.	-1	-1	-1	-1	-1	-1	793	downstream_gene_variant	NONE	c.*792_*793insA	.	-1
NC_045512.2	29402	G	T	N	gene-GU280_gp10	MODERATE	missense_variant	transcript	TRANSCRIPT_gene-GU280_gp10	protein_coding	1	c.1129G>T	p.Asp377Tyr	1129	1260	1129	1260	377	419	0	missense_variant	NONE	c.1129G>T	p.Asp377Tyr	419
NC_045512.2	29402	G	T	ORF10	gene-GU280_gp11	MODIFIER	upstream_gene_variant	transcript	TRANSCRIPT_gene-GU280_gp11	protein_coding	-1	c.-156G>T	.	-1	-1	-1	-1	-1	-1	156	upstream_gene_variant	NONE	c.-156G>T	.	-1
NC_045512.2	29402	G	T	S	gene-GU280_gp02	MODIFIER	downstream_gene_variant	transcript	TRANSCRIPT_gene-GU280_gp02	protein_coding	-1	c.*4018G>T	.	-1	-1	-1	-1	-1	-1	4018	downstream_gene_variant	NONE	c.*4018G>T	.	-1
NC_045512.2	29402	G	T	ORF3a	gene-GU280_gp03	MODIFIER	downstream_gene_variant	transcript	TRANSCRIPT_gene-GU280_gp03	protein_coding	-1	c.*3182G>T	.	-1	-1	-1	-1	-1	-1	3182	downstream_gene_variant	NONE	c.*3182G>T	.	-1
NC_045512.2	29402	G	T	E	gene-GU280_gp04	MODIFIER	downstream_gene_variant	transcript	TRANSCRIPT_gene-GU280_gp04	protein_coding	-1	c.*2930G>T	.	-1	-1	-1	-1	-1	-1	2930	downstream_gene_variant	NONE	c.*2930G>T	.	-1
NC_045512.2	29402	G	T	M	gene-GU280_gp05	MODIFIER	downstream_gene_variant	transcript	TRANSCRIPT_gene-GU280_gp05	protein_coding	-1	c.*2211G>T	.	-1	-1	-1	-1	-1	-1	2211	downstream_gene_variant	NONE	c.*2211G>T	.	-1
NC_045512.2	29402	G	T	ORF6	gene-GU280_gp06	MODIFIER	downstream_gene_variant	transcript	TRANSCRIPT_gene-GU280_gp06	protein_coding	-1	c.*2015G>T	.	-1	-1	-1	-1	-1	-1	2015	downstream_gene_variant	NONE	c.*2015G>T	.	-1
NC_045512.2	29402	G	T	ORF7a	gene-GU280_gp07	MODIFIER	downstream_gene_variant	transcript	TRANSCRIPT_gene-GU280_gp07	protein_coding	-1	c.*1643G>T	.	-1	-1	-1	-1	-1	-1	1643	downstream_gene_variant	NONE	c.*1643G>T	.	-1
NC_045512.2	29402	G	T	ORF7b	gene-GU280_gp08	MODIFIER	downstream_gene_variant	transcript	TRANSCRIPT_gene-GU280_gp08	protein_coding	-1	c.*1515G>T	.	-1	-1	-1	-1	-1	-1	1515	downstream_gene_variant	NONE	c.*1515G>T	.	-1
NC_045512.2	29402	G	T	ORF8	gene-GU280_gp09	MODIFIER	downstream_gene_variant	transcript	TRANSCRIPT_gene-GU280_gp09	protein_coding	-1	c.*1143G>T	.	-1	-1	-1	-1	-1	-1	1143	downstream_gene_variant	NONE	c.*1143G>T	.	-1
NC_045512.2	29749	ACGATCGAGTGTACAGTG	A	S	gene-GU280_gp02	MODIFIER	downstream_gene_variant	transcript	TRANSCRIPT_gene-GU280_gp02	protein_coding	-1	c.*4366_*4382delCGATCGAGTGTACAGTG	.	-1	-1	-1	-1	-1	-1	4366	downstream_gene_variant	NONE	c.*4366_*4382delCGATCGAGTGTACAGTG	.	-1
NC_045512.2	29749	ACGATCGAGTGTACAGTG	A	ORF3a	gene-GU280_gp03	MODIFIER	downstream_gene_variant	transcript	TRANSCRIPT_gene-GU280_gp03	protein_coding	-1	c.*3530_*3546delCGATCGAGTGTACAGTG	.	-1	-1	-1	-1	-1	-1	3530	downstream_gene_variant	NONE	c.*3530_*3546delCGATCGAGTGTACAGTG	.	-1
NC_045512.2	29749	ACGATCGAGTGTACAGTG	A	E	gene-GU280_gp04	MODIFIER	downstream_gene_variant	transcript	TRANSCRIPT_gene-GU280_gp04	protein_coding	-1	c.*3278_*3294delCGATCGAGTGTACAGTG	.	-1	-1	-1	-1	-1	-1	3278	downstream_gene_variant	NONE	c.*3278_*3294delCGATCGAGTGTACAGTG	.	-1
NC_045512.2	29749	ACGATCGAGTGTACAGTG	A	M	gene-GU280_gp05	MODIFIER	downstream_gene_variant	transcript	TRANSCRIPT_gene-GU280_gp05	protein_coding	-1	c.*2559_*2575delCGATCGAGTGTACAGTG	.	-1	-1	-1	-1	-1	-1	2559	downstream_gene_variant	NONE	c.*2559_*2575delCGATCGAGTGTACAGTG	.	-1
NC_045512.2	29749	ACGATCGAGTGTACAGTG	A	ORF6	gene-GU280_gp06	MODIFIER	downstream_gene_variant	transcript	TRANSCRIPT_gene-GU280_gp06	protein_coding	-1	c.*2363_*2379delCGATCGAGTGTACAGTG	.	-1	-1	-1	-1	-1	-1	2363	downstream_gene_variant	NONE	c.*2363_*2379delCGATCGAGTGTACAGTG	.	-1
NC_045512.2	29749	ACGATCGAGTGTACAGTG	A	ORF7a	gene-GU280_gp07	MODIFIER	downstream_gene_variant	transcript	TRANSCRIPT_gene-GU280_gp07	protein_coding	-1	c.*1991_*2007delCGATCGAGTGTACAGTG	.	-1	-1	-1	-1	-1	-1	1991	downstream_gene_variant	NONE	c.*1991_*2007delCGATCGAGTGTACAGTG	.	-1
NC_045512.2	29749	ACGATCGAGTGTACAGTG	A	ORF7b	gene-GU280_gp08	MODIFIER	downstream_gene_variant	transcript	TRANSCRIPT_gene-GU280_gp08	protein_coding	-1	c.*1863_*1879delCGATCGAGTGTACAGTG	.	-1	-1	-1	-1	-1	-1	1863	downstream_gene_variant	NONE	c.*1863_*1879delCGATCGAGTGTACAGTG	.	-1
NC_045512.2	29749	ACGATCGAGTGTACAGTG	A	ORF8	gene-GU280_gp09	MODIFIER	downstream_gene_variant	transcript	TRANSCRIPT_gene-GU280_gp09	protein_coding	-1	c.*1491_*1507delCGATCGAGTGTACAGTG	.	-1	-1	-1	-1	-1	-1	1491	downstream_gene_variant	NONE	c.*1491_*1507delCGATCGAGTGTACAGTG	.	-1
NC_045512.2	29749	ACGATCGAGTGTACAGTG	A	N	gene-GU280_gp10	MODIFIER	downstream_gene_variant	transcript	TRANSCRIPT_gene-GU280_gp10	protein_coding	-1	c.*217_*233delCGATCGAGTGTACAGTG	.	-1	-1	-1	-1	-1	-1	217	downstream_gene_variant	NONE	c.*217_*233delCGATCGAGTGTACAGTG	.	-1
NC_045512.2	29749	ACGATCGAGTGTACAGTG	A	ORF10	gene-GU280_gp11	MODIFIER	downstream_gene_variant	transcript	TRANSCRIPT_gene-GU280_gp11	protein_coding	-1	c.*76_*92delCGATCGAGTGTACAGTG	.	-1	-1	-1	-1	-1	-1	76	downstream_gene_variant	NONE	c.*76_*92delCGATCGAGTGTACAGTG	.	-1
NC_045512.2	29749	ACGATCGAGTGTACAGTG	A	ORF10-CHR_END	gene-GU280_gp11-CHR_END	MODIFIER	intergenic_region	intergenic_region	gene-GU280_gp11-CHR_END	.	-1	n.29750_29766delCGATCGAGTGTACAGTG	.	-1	-1	-1	-1	-1	-1	0	intergenic_region	NONE	n.29750_29766delCGATCGAGTGTACAGTG	.	-1
NC_045512.2	29766	G	A	S	gene-GU280_gp02	MODIFIER	downstream_gene_variant	transcript	TRANSCRIPT_gene-GU280_gp02	protein_coding	-1	c.*4382G>A	.	-1	-1	-1	-1	-1	-1	4382	downstream_gene_variant	NONE	c.*4382G>A	.	-1
NC_045512.2	29766	G	A	ORF3a	gene-GU280_gp03	MODIFIER	downstream_gene_variant	transcript	TRANSCRIPT_gene-GU280_gp03	protein_coding	-1	c.*3546G>A	.	-1	-1	-1	-1	-1	-1	3546	downstream_gene_variant	NONE	c.*3546G>A	.	-1
NC_045512.2	29766	G	A	E	gene-GU280_gp04	MODIFIER	downstream_gene_variant	transcript	TRANSCRIPT_gene-GU280_gp04	protein_coding	-1	c.*3294G>A	.	-1	-1	-1	-1	-1	-1	3294	downstream_gene_variant	NONE	c.*3294G>A	.	-1
NC_045512.2	29766	G	A	M	gene-GU280_gp05	MODIFIER	downstream_gene_variant	transcript	TRANSCRIPT_gene-GU280_gp05	protein_coding	-1	c.*2575G>A	.	-1	-1	-1	-1	-1	-1	2575	downstream_gene_variant	NONE	c.*2575G>A	.	-1
NC_045512.2	29766	G	A	ORF6	gene-GU280_gp06	MODIFIER	downstream_gene_variant	transcript	TRANSCRIPT_gene-GU280_gp06	protein_coding	-1	c.*2379G>A	.	-1	-1	-1	-1	-1	-1	2379	downstream_gene_variant	NONE	c.*2379G>A	.	-1
NC_045512.2	29766	G	A	ORF7a	gene-GU280_gp07	MODIFIER	downstream_gene_variant	transcript	TRANSCRIPT_gene-GU280_gp07	protein_coding	-1	c.*2007G>A	.	-1	-1	-1	-1	-1	-1	2007	downstream_gene_variant	NONE	c.*2007G>A	.	-1
NC_045512.2	29766	G	A	ORF7b	gene-GU280_gp08	MODIFIER	downstream_gene_variant	transcript	TRANSCRIPT_gene-GU280_gp08	protein_coding	-1	c.*1879G>A	.	-1	-1	-1	-1	-1	-1	1879	downstream_gene_variant	NONE	c.*1879G>A	.	-1
NC_045512.2	29766	G	A	ORF8	gene-GU280_gp09	MODIFIER	downstream_gene_variant	transcript	TRANSCRIPT_gene-GU280_gp09	protein_coding	-1	c.*1507G>A	.	-1	-1	-1	-1	-1	-1	1507	downstream_gene_variant	NONE	c.*1507G>A	.	-1
NC_045512.2	29766	G	A	N	gene-GU280_gp10	MODIFIER	downstream_gene_variant	transcript	TRANSCRIPT_gene-GU280_gp10	protein_coding	-1	c.*233G>A	.	-1	-1	-1	-1	-1	-1	233	downstream_gene_variant	NONE	c.*233G>A	.	-1
NC_045512.2	29766	G	A	ORF10	gene-GU280_gp11	MODIFIER	downstream_gene_variant	transcript	TRANSCRIPT_gene-GU280_gp11	protein_coding	-1	c.*92G>A	.	-1	-1	-1	-1	-1	-1	92	downstream_gene_variant	NONE	c.*92G>A	.	-1
NC_045512.2	29766	G	A	ORF10-CHR_END	gene-GU280_gp11-CHR_END	MODIFIER	intergenic_region	intergenic_region	gene-GU280_gp11-CHR_END	.	-1	n.29766G>A	.	-1	-1	-1	-1	-1	-1	0	intergenic_region	NONE	n.29766G>A	.	-1
