CHROM	POS	REF	ALT	ANN[*].GENE	ANN[*].GENEID	ANN[*].IMPACT	ANN[*].EFFECT	ANN[*].FEATURE	ANN[*].FEATUREID	ANN[*].BIOTYPE	ANN[*].RANK	ANN[*].HGVS_C	ANN[*].HGVS_P	ANN[*].CDNA_POS	ANN[*].CDNA_LEN	ANN[*].CDS_POS	ANN[*].CDS_LEN	ANN[*].AA_POS	ANN[*].AA_LEN	ANN[*].DISTANCE	EFF[*].EFFECT	EFF[*].FUNCLASS	EFF[*].CODON	EFF[*].AA	EFF[*].AA_LEN
NC_045512.2	241	C	T	ORF1ab	gene-GU280_gp01	MODIFIER	upstream_gene_variant	transcript	TRANSCRIPT_gene-GU280_gp01	protein_coding	-1	c.-25C>T	.	-1	-1	-1	-1	-1	-1	25	upstream_gene_variant	NONE	c.-25C>T	.	-1
NC_045512.2	241	C	T	CHR_START-ORF1ab	CHR_START-gene-GU280_gp01	MODIFIER	intergenic_region	intergenic_region	CHR_START-gene-GU280_gp01	.	-1	n.241C>T	.	-1	-1	-1	-1	-1	-1	0	intergenic_region	NONE	n.241C>T	.	-1
NC_045512.2	1059	C	T	ORF1ab	gene-GU280_gp01	MODERATE	missense_variant	transcript	TRANSCRIPT_gene-GU280_gp01	protein_coding	1	c.794C>T	p.Thr265Ile	794	21290	794	21290	265	7095	0	missense_variant	NONE	c.794C>T	p.Thr265Ile	7095
NC_045512.2	1104	TA	T	ORF1ab	gene-GU280_gp01	HIGH	frameshift_variant	transcript	TRANSCRIPT_gene-GU280_gp01	protein_coding	1	c.841delA	p.Ile281fs	841	21290	841	21290	281	7095	0	frameshift_variant	NONE	c.841delA	p.Ile281fs	7095
NC_045512.2	1946	G	GT	ORF1ab	gene-GU280_gp01	HIGH	frameshift_variant	transcript	TRANSCRIPT_gene-GU280_gp01	protein_coding	1	c.1685dupT	p.Leu562fs	1686	21290	1686	21290	562	7095	0	frameshift_variant	NONE	c.1685dupT	p.Leu562fs	7095
NC_045512.2	3037	C	T	ORF1ab	gene-GU280_gp01	LOW	synonymous_variant	transcript	TRANSCRIPT_gene-GU280_gp01	protein_coding	1	c.2772C>T	p.Phe924Phe	2772	21290	2772	21290	924	7095	0	synonymous_variant	NONE	c.2772C>T	p.Phe924Phe	7095
NC_045512.2	3731	G	A	ORF1ab	gene-GU280_gp01	MODERATE	missense_variant	transcript	TRANSCRIPT_gene-GU280_gp01	protein_coding	1	c.3466G>A	p.Ala1156Thr	3466	21290	3466	21290	1156	7095	0	missense_variant	NONE	c.3466G>A	p.Ala1156Thr	7095
NC_045512.2	4200	T	C	ORF1ab	gene-GU280_gp01	MODERATE	missense_variant	transcript	TRANSCRIPT_gene-GU280_gp01	protein_coding	1	c.3935T>C	p.Met1312Thr	3935	21290	3935	21290	1312	7095	0	missense_variant	NONE	c.3935T>C	p.Met1312Thr	7095
NC_045512.2	4795	C	T	ORF1ab	gene-GU280_gp01	LOW	synonymous_variant	transcript	TRANSCRIPT_gene-GU280_gp01	protein_coding	1	c.4530C>T	p.Ser1510Ser	4530	21290	4530	21290	1510	7095	0	synonymous_variant	NONE	c.4530C>T	p.Ser1510Ser	7095
NC_045512.2	6696	C	T	ORF1ab	gene-GU280_gp01	MODERATE	missense_variant	transcript	TRANSCRIPT_gene-GU280_gp01	protein_coding	1	c.6431C>T	p.Pro2144Leu	6431	21290	6431	21290	2144	7095	0	missense_variant	NONE	c.6431C>T	p.Pro2144Leu	7095
NC_045512.2	6696	C	CT	ORF1ab	gene-GU280_gp01	HIGH	frameshift_variant	transcript	TRANSCRIPT_gene-GU280_gp01	protein_coding	1	c.6435dupT	p.Leu2146fs	6436	21290	6436	21290	2146	7095	0	frameshift_variant	NONE	c.6435dupT	p.Leu2146fs	7095
NC_045512.2	7081	C	T	ORF1ab	gene-GU280_gp01	LOW	synonymous_variant	transcript	TRANSCRIPT_gene-GU280_gp01	protein_coding	1	c.6816C>T	p.Asn2272Asn	6816	21290	6816	21290	2272	7095	0	synonymous_variant	NONE	c.6816C>T	p.Asn2272Asn	7095
NC_045512.2	7312	G	GT	ORF1ab	gene-GU280_gp01	HIGH	frameshift_variant	transcript	TRANSCRIPT_gene-GU280_gp01	protein_coding	1	c.7052dupT	p.Ser2352fs	7053	21290	7053	21290	2351	7095	0	frameshift_variant	NONE	c.7052dupT	p.Ser2352fs	7095
NC_045512.2	7889	G	GT	ORF1ab	gene-GU280_gp01	HIGH	frameshift_variant&stop_gained	transcript	TRANSCRIPT_gene-GU280_gp01	protein_coding	1	c.7629dupT	p.Asp2544fs	7630	21290	7630	21290	2544	7095	0	frameshift_variant&stop_gained	NONE	c.7629dupT	p.Asp2544fs	7095
NC_045512.2	8083	G	A	ORF1ab	gene-GU280_gp01	MODERATE	missense_variant	transcript	TRANSCRIPT_gene-GU280_gp01	protein_coding	1	c.7818G>A	p.Met2606Ile	7818	21290	7818	21290	2606	7095	0	missense_variant	NONE	c.7818G>A	p.Met2606Ile	7095
NC_045512.2	8853	G	T	ORF1ab	gene-GU280_gp01	MODERATE	missense_variant	transcript	TRANSCRIPT_gene-GU280_gp01	protein_coding	1	c.8588G>T	p.Gly2863Val	8588	21290	8588	21290	2863	7095	0	missense_variant	NONE	c.8588G>T	p.Gly2863Val	7095
NC_045512.2	9502	C	T	ORF1ab	gene-GU280_gp01	LOW	synonymous_variant	transcript	TRANSCRIPT_gene-GU280_gp01	protein_coding	1	c.9237C>T	p.Ala3079Ala	9237	21290	9237	21290	3079	7095	0	synonymous_variant	NONE	c.9237C>T	p.Ala3079Ala	7095
NC_045512.2	10319	C	T	ORF1ab	gene-GU280_gp01	MODERATE	missense_variant	transcript	TRANSCRIPT_gene-GU280_gp01	protein_coding	1	c.10054C>T	p.Leu3352Phe	10054	21290	10054	21290	3352	7095	0	missense_variant	NONE	c.10054C>T	p.Leu3352Phe	7095
NC_045512.2	10605	C	CT	ORF1ab	gene-GU280_gp01	HIGH	frameshift_variant	transcript	TRANSCRIPT_gene-GU280_gp01	protein_coding	1	c.10344dupT	p.Val3449fs	10345	21290	10345	21290	3449	7095	0	frameshift_variant	NONE	c.10344dupT	p.Val3449fs	7095
NC_045512.2	10619	C	CA	ORF1ab	gene-GU280_gp01	HIGH	frameshift_variant	transcript	TRANSCRIPT_gene-GU280_gp01	protein_coding	1	c.10357dupA	p.Thr3453fs	10358	21290	10358	21290	3453	7095	0	frameshift_variant	NONE	c.10357dupA	p.Thr3453fs	7095
NC_045512.2	11074	CT	C	ORF1ab	gene-GU280_gp01	HIGH	frameshift_variant	transcript	TRANSCRIPT_gene-GU280_gp01	protein_coding	1	c.10817delT	p.Leu3606fs	10817	21290	10817	21290	3606	7095	0	frameshift_variant	NONE	c.10817delT	p.Leu3606fs	7095
NC_045512.2	11074	C	CT	ORF1ab	gene-GU280_gp01	HIGH	frameshift_variant	transcript	TRANSCRIPT_gene-GU280_gp01	protein_coding	1	c.10817dupT	p.Leu3606fs	10818	21290	10818	21290	3606	7095	0	frameshift_variant	NONE	c.10817dupT	p.Leu3606fs	7095
NC_045512.2	11653	C	T	ORF1ab	gene-GU280_gp01	LOW	synonymous_variant	transcript	TRANSCRIPT_gene-GU280_gp01	protein_coding	1	c.11388C>T	p.Leu3796Leu	11388	21290	11388	21290	3796	7095	0	synonymous_variant	NONE	c.11388C>T	p.Leu3796Leu	7095
NC_045512.2	11812	C	CA	ORF1ab	gene-GU280_gp01	HIGH	frameshift_variant	transcript	TRANSCRIPT_gene-GU280_gp01	protein_coding	1	c.11550dupA	p.Pro3851fs	11551	21290	11551	21290	3851	7095	0	frameshift_variant	NONE	c.11550dupA	p.Pro3851fs	7095
NC_045512.2	13815	A	G	ORF1ab	gene-GU280_gp01	MODERATE	missense_variant	transcript	TRANSCRIPT_gene-GU280_gp01	protein_coding	1	c.13550A>G	p.Gln4517Arg	13550	21290	13550	21290	4517	7095	0	missense_variant	NONE	c.13550A>G	p.Gln4517Arg	7095
NC_045512.2	14408	C	T	ORF1ab	gene-GU280_gp01	LOW	synonymous_variant	transcript	TRANSCRIPT_gene-GU280_gp01	protein_coding	1	c.14143C>T	p.Leu4715Leu	14143	21290	14143	21290	4715	7095	0	synonymous_variant	NONE	c.14143C>T	p.Leu4715Leu	7095
NC_045512.2	14625	C	CT	ORF1ab	gene-GU280_gp01	HIGH	frameshift_variant	transcript	TRANSCRIPT_gene-GU280_gp01	protein_coding	1	c.14364dupT	p.Gln4789fs	14365	21290	14365	21290	4789	7095	0	frameshift_variant	NONE	c.14364dupT	p.Gln4789fs	7095
NC_045512.2	14805	C	T	ORF1ab	gene-GU280_gp01	MODERATE	missense_variant	transcript	TRANSCRIPT_gene-GU280_gp01	protein_coding	1	c.14540C>T	p.Thr4847Ile	14540	21290	14540	21290	4847	7095	0	missense_variant	NONE	c.14540C>T	p.Thr4847Ile	7095
NC_045512.2	15965	G	GT	ORF1ab	gene-GU280_gp01	HIGH	frameshift_variant	transcript	TRANSCRIPT_gene-GU280_gp01	protein_coding	1	c.15704dupT	p.Leu5235fs	15705	21290	15705	21290	5235	7095	0	frameshift_variant	NONE	c.15704dupT	p.Leu5235fs	7095
NC_045512.2	17587	A	C	ORF1ab	gene-GU280_gp01	LOW	synonymous_variant	transcript	TRANSCRIPT_gene-GU280_gp01	protein_coding	1	c.17322A>C	p.Thr5774Thr	17322	21290	17322	21290	5774	7095	0	synonymous_variant	NONE	c.17322A>C	p.Thr5774Thr	7095
NC_045512.2	17587	A	C	S	gene-GU280_gp02	MODIFIER	upstream_gene_variant	transcript	TRANSCRIPT_gene-GU280_gp02	protein_coding	-1	c.-3976A>C	.	-1	-1	-1	-1	-1	-1	3976	upstream_gene_variant	NONE	c.-3976A>C	.	-1
NC_045512.2	18368	G	GT	ORF1ab	gene-GU280_gp01	HIGH	frameshift_variant	transcript	TRANSCRIPT_gene-GU280_gp01	protein_coding	1	c.18108dupT	p.Leu6037fs	18109	21290	18109	21290	6037	7095	0	frameshift_variant	NONE	c.18108dupT	p.Leu6037fs	7095
NC_045512.2	18368	G	GT	S	gene-GU280_gp02	MODIFIER	upstream_gene_variant	transcript	TRANSCRIPT_gene-GU280_gp02	protein_coding	-1	c.-3195_-3194insT	.	-1	-1	-1	-1	-1	-1	3194	upstream_gene_variant	NONE	c.-3195_-3194insT	.	-1
NC_045512.2	18424	A	G	ORF1ab	gene-GU280_gp01	LOW	synonymous_variant	transcript	TRANSCRIPT_gene-GU280_gp01	protein_coding	1	c.18159A>G	p.Leu6053Leu	18159	21290	18159	21290	6053	7095	0	synonymous_variant	NONE	c.18159A>G	p.Leu6053Leu	7095
NC_045512.2	18424	A	G	S	gene-GU280_gp02	MODIFIER	upstream_gene_variant	transcript	TRANSCRIPT_gene-GU280_gp02	protein_coding	-1	c.-3139A>G	.	-1	-1	-1	-1	-1	-1	3139	upstream_gene_variant	NONE	c.-3139A>G	.	-1
NC_045512.2	19718	C	T	ORF1ab	gene-GU280_gp01	HIGH	stop_gained	transcript	TRANSCRIPT_gene-GU280_gp01	protein_coding	1	c.19453C>T	p.Gln6485*	19453	21290	19453	21290	6485	7095	0	stop_gained	NONE	c.19453C>T	p.Gln6485*	7095
NC_045512.2	19718	C	T	S	gene-GU280_gp02	MODIFIER	upstream_gene_variant	transcript	TRANSCRIPT_gene-GU280_gp02	protein_coding	-1	c.-1845C>T	.	-1	-1	-1	-1	-1	-1	1845	upstream_gene_variant	NONE	c.-1845C>T	.	-1
NC_045512.2	19983	C	CT	ORF1ab	gene-GU280_gp01	HIGH	frameshift_variant	transcript	TRANSCRIPT_gene-GU280_gp01	protein_coding	1	c.19724dupT	p.Leu6575fs	19725	21290	19725	21290	6575	7095	0	frameshift_variant	NONE	c.19724dupT	p.Leu6575fs	7095
NC_045512.2	19983	C	CT	S	gene-GU280_gp02	MODIFIER	upstream_gene_variant	transcript	TRANSCRIPT_gene-GU280_gp02	protein_coding	-1	c.-1580_-1579insT	.	-1	-1	-1	-1	-1	-1	1579	upstream_gene_variant	NONE	c.-1580_-1579insT	.	-1
NC_045512.2	20522	AT	A	ORF1ab	gene-GU280_gp01	HIGH	frameshift_variant	transcript	TRANSCRIPT_gene-GU280_gp01	protein_coding	1	c.20261delT	p.Leu6754fs	20261	21290	20261	21290	6754	7095	0	frameshift_variant	NONE	c.20261delT	p.Leu6754fs	7095
NC_045512.2	20522	AT	A	S	gene-GU280_gp02	MODIFIER	upstream_gene_variant	transcript	TRANSCRIPT_gene-GU280_gp02	protein_coding	-1	c.-1040delT	.	-1	-1	-1	-1	-1	-1	1040	upstream_gene_variant	NONE	c.-1040delT	.	-1
NC_045512.2	20522	AT	A	ORF3a	gene-GU280_gp03	MODIFIER	upstream_gene_variant	transcript	TRANSCRIPT_gene-GU280_gp03	protein_coding	-1	c.-4870delT	.	-1	-1	-1	-1	-1	-1	4870	upstream_gene_variant	NONE	c.-4870delT	.	-1
NC_045512.2	21101	G	GT	ORF1ab	gene-GU280_gp01	HIGH	frameshift_variant	transcript	TRANSCRIPT_gene-GU280_gp01	protein_coding	1	c.20842dupT	p.Ser6948fs	20843	21290	20843	21290	6948	7095	0	frameshift_variant	NONE	c.20842dupT	p.Ser6948fs	7095
NC_045512.2	21101	G	GT	S	gene-GU280_gp02	MODIFIER	upstream_gene_variant	transcript	TRANSCRIPT_gene-GU280_gp02	protein_coding	-1	c.-462_-461insT	.	-1	-1	-1	-1	-1	-1	461	upstream_gene_variant	NONE	c.-462_-461insT	.	-1
NC_045512.2	21101	G	GT	ORF3a	gene-GU280_gp03	MODIFIER	upstream_gene_variant	transcript	TRANSCRIPT_gene-GU280_gp03	protein_coding	-1	c.-4292_-4291insT	.	-1	-1	-1	-1	-1	-1	4291	upstream_gene_variant	NONE	c.-4292_-4291insT	.	-1
NC_045512.2	21304	C	T	ORF1ab	gene-GU280_gp01	LOW	synonymous_variant	transcript	TRANSCRIPT_gene-GU280_gp01	protein_coding	1	c.21039C>T	p.His7013His	21039	21290	21039	21290	7013	7095	0	synonymous_variant	NONE	c.21039C>T	p.His7013His	7095
NC_045512.2	21304	C	T	S	gene-GU280_gp02	MODIFIER	upstream_gene_variant	transcript	TRANSCRIPT_gene-GU280_gp02	protein_coding	-1	c.-259C>T	.	-1	-1	-1	-1	-1	-1	259	upstream_gene_variant	NONE	c.-259C>T	.	-1
NC_045512.2	21304	C	T	ORF3a	gene-GU280_gp03	MODIFIER	upstream_gene_variant	transcript	TRANSCRIPT_gene-GU280_gp03	protein_coding	-1	c.-4089C>T	.	-1	-1	-1	-1	-1	-1	4089	upstream_gene_variant	NONE	c.-4089C>T	.	-1
NC_045512.2	21304	C	T	E	gene-GU280_gp04	MODIFIER	upstream_gene_variant	transcript	TRANSCRIPT_gene-GU280_gp04	protein_coding	-1	c.-4941C>T	.	-1	-1	-1	-1	-1	-1	4941	upstream_gene_variant	NONE	c.-4941C>T	.	-1
NC_045512.2	22138	T	C	S	gene-GU280_gp02	LOW	synonymous_variant	transcript	TRANSCRIPT_gene-GU280_gp02	protein_coding	1	c.576T>C	p.Phe192Phe	576	3822	576	3822	192	1273	0	synonymous_variant	NONE	c.576T>C	p.Phe192Phe	1273
NC_045512.2	22138	T	C	ORF3a	gene-GU280_gp03	MODIFIER	upstream_gene_variant	transcript	TRANSCRIPT_gene-GU280_gp03	protein_coding	-1	c.-3255T>C	.	-1	-1	-1	-1	-1	-1	3255	upstream_gene_variant	NONE	c.-3255T>C	.	-1
NC_045512.2	22138	T	C	E	gene-GU280_gp04	MODIFIER	upstream_gene_variant	transcript	TRANSCRIPT_gene-GU280_gp04	protein_coding	-1	c.-4107T>C	.	-1	-1	-1	-1	-1	-1	4107	upstream_gene_variant	NONE	c.-4107T>C	.	-1
NC_045512.2	22138	T	C	M	gene-GU280_gp05	MODIFIER	upstream_gene_variant	transcript	TRANSCRIPT_gene-GU280_gp05	protein_coding	-1	c.-4385T>C	.	-1	-1	-1	-1	-1	-1	4385	upstream_gene_variant	NONE	c.-4385T>C	.	-1
NC_045512.2	22138	T	C	ORF1ab	gene-GU280_gp01	MODIFIER	downstream_gene_variant	transcript	TRANSCRIPT_gene-GU280_gp01	protein_coding	-1	c.*583T>C	.	-1	-1	-1	-1	-1	-1	583	downstream_gene_variant	NONE	c.*583T>C	.	-1
NC_045512.2	22218	GT	G	S	gene-GU280_gp02	HIGH	frameshift_variant	transcript	TRANSCRIPT_gene-GU280_gp02	protein_coding	1	c.661delT	p.Ser221fs	661	3822	661	3822	221	1273	0	frameshift_variant	NONE	c.661delT	p.Ser221fs	1273
NC_045512.2	22218	GT	G	ORF3a	gene-GU280_gp03	MODIFIER	upstream_gene_variant	transcript	TRANSCRIPT_gene-GU280_gp03	protein_coding	-1	c.-3174delT	.	-1	-1	-1	-1	-1	-1	3174	upstream_gene_variant	NONE	c.-3174delT	.	-1
NC_045512.2	22218	GT	G	E	gene-GU280_gp04	MODIFIER	upstream_gene_variant	transcript	TRANSCRIPT_gene-GU280_gp04	protein_coding	-1	c.-4026delT	.	-1	-1	-1	-1	-1	-1	4026	upstream_gene_variant	NONE	c.-4026delT	.	-1
NC_045512.2	22218	GT	G	M	gene-GU280_gp05	MODIFIER	upstream_gene_variant	transcript	TRANSCRIPT_gene-GU280_gp05	protein_coding	-1	c.-4304delT	.	-1	-1	-1	-1	-1	-1	4304	upstream_gene_variant	NONE	c.-4304delT	.	-1
NC_045512.2	22218	GT	G	ORF6	gene-GU280_gp06	MODIFIER	upstream_gene_variant	transcript	TRANSCRIPT_gene-GU280_gp06	protein_coding	-1	c.-4983delT	.	-1	-1	-1	-1	-1	-1	4983	upstream_gene_variant	NONE	c.-4983delT	.	-1
NC_045512.2	22218	GT	G	ORF1ab	gene-GU280_gp01	MODIFIER	downstream_gene_variant	transcript	TRANSCRIPT_gene-GU280_gp01	protein_coding	-1	c.*664delT	.	-1	-1	-1	-1	-1	-1	664	downstream_gene_variant	NONE	c.*664delT	.	-1
NC_045512.2	22583	G	GT	S	gene-GU280_gp02	HIGH	frameshift_variant&stop_gained	transcript	TRANSCRIPT_gene-GU280_gp02	protein_coding	1	c.1026dupT	p.Asn343fs	1027	3822	1027	3822	343	1273	0	frameshift_variant&stop_gained	NONE	c.1026dupT	p.Asn343fs	1273
NC_045512.2	22583	G	GT	ORF3a	gene-GU280_gp03	MODIFIER	upstream_gene_variant	transcript	TRANSCRIPT_gene-GU280_gp03	protein_coding	-1	c.-2810_-2809insT	.	-1	-1	-1	-1	-1	-1	2809	upstream_gene_variant	NONE	c.-2810_-2809insT	.	-1
NC_045512.2	22583	G	GT	E	gene-GU280_gp04	MODIFIER	upstream_gene_variant	transcript	TRANSCRIPT_gene-GU280_gp04	protein_coding	-1	c.-3662_-3661insT	.	-1	-1	-1	-1	-1	-1	3661	upstream_gene_variant	NONE	c.-3662_-3661insT	.	-1
NC_045512.2	22583	G	GT	M	gene-GU280_gp05	MODIFIER	upstream_gene_variant	transcript	TRANSCRIPT_gene-GU280_gp05	protein_coding	-1	c.-3940_-3939insT	.	-1	-1	-1	-1	-1	-1	3939	upstream_gene_variant	NONE	c.-3940_-3939insT	.	-1
NC_045512.2	22583	G	GT	ORF6	gene-GU280_gp06	MODIFIER	upstream_gene_variant	transcript	TRANSCRIPT_gene-GU280_gp06	protein_coding	-1	c.-4619_-4618insT	.	-1	-1	-1	-1	-1	-1	4618	upstream_gene_variant	NONE	c.-4619_-4618insT	.	-1
NC_045512.2	22583	G	GT	ORF7a	gene-GU280_gp07	MODIFIER	upstream_gene_variant	transcript	TRANSCRIPT_gene-GU280_gp07	protein_coding	-1	c.-4811_-4810insT	.	-1	-1	-1	-1	-1	-1	4810	upstream_gene_variant	NONE	c.-4811_-4810insT	.	-1
NC_045512.2	22583	G	GT	ORF1ab	gene-GU280_gp01	MODIFIER	downstream_gene_variant	transcript	TRANSCRIPT_gene-GU280_gp01	protein_coding	-1	c.*1028_*1029insT	.	-1	-1	-1	-1	-1	-1	1029	downstream_gene_variant	NONE	c.*1028_*1029insT	.	-1
NC_045512.2	23403	A	G	S	gene-GU280_gp02	MODERATE	missense_variant	transcript	TRANSCRIPT_gene-GU280_gp02	protein_coding	1	c.1841A>G	p.Asp614Gly	1841	3822	1841	3822	614	1273	0	missense_variant	NONE	c.1841A>G	p.Asp614Gly	1273
NC_045512.2	23403	A	G	ORF3a	gene-GU280_gp03	MODIFIER	upstream_gene_variant	transcript	TRANSCRIPT_gene-GU280_gp03	protein_coding	-1	c.-1990A>G	.	-1	-1	-1	-1	-1	-1	1990	upstream_gene_variant	NONE	c.-1990A>G	.	-1
NC_045512.2	23403	A	G	E	gene-GU280_gp04	MODIFIER	upstream_gene_variant	transcript	TRANSCRIPT_gene-GU280_gp04	protein_coding	-1	c.-2842A>G	.	-1	-1	-1	-1	-1	-1	2842	upstream_gene_variant	NONE	c.-2842A>G	.	-1
NC_045512.2	23403	A	G	M	gene-GU280_gp05	MODIFIER	upstream_gene_variant	transcript	TRANSCRIPT_gene-GU280_gp05	protein_coding	-1	c.-3120A>G	.	-1	-1	-1	-1	-1	-1	3120	upstream_gene_variant	NONE	c.-3120A>G	.	-1
NC_045512.2	23403	A	G	ORF6	gene-GU280_gp06	MODIFIER	upstream_gene_variant	transcript	TRANSCRIPT_gene-GU280_gp06	protein_coding	-1	c.-3799A>G	.	-1	-1	-1	-1	-1	-1	3799	upstream_gene_variant	NONE	c.-3799A>G	.	-1
NC_045512.2	23403	A	G	ORF7a	gene-GU280_gp07	MODIFIER	upstream_gene_variant	transcript	TRANSCRIPT_gene-GU280_gp07	protein_coding	-1	c.-3991A>G	.	-1	-1	-1	-1	-1	-1	3991	upstream_gene_variant	NONE	c.-3991A>G	.	-1
NC_045512.2	23403	A	G	ORF7b	gene-GU280_gp08	MODIFIER	upstream_gene_variant	transcript	TRANSCRIPT_gene-GU280_gp08	protein_coding	-1	c.-4353A>G	.	-1	-1	-1	-1	-1	-1	4353	upstream_gene_variant	NONE	c.-4353A>G	.	-1
NC_045512.2	23403	A	G	ORF8	gene-GU280_gp09	MODIFIER	upstream_gene_variant	transcript	TRANSCRIPT_gene-GU280_gp09	protein_coding	-1	c.-4491A>G	.	-1	-1	-1	-1	-1	-1	4491	upstream_gene_variant	NONE	c.-4491A>G	.	-1
NC_045512.2	23403	A	G	N	gene-GU280_gp10	MODIFIER	upstream_gene_variant	transcript	TRANSCRIPT_gene-GU280_gp10	protein_coding	-1	c.-4871A>G	.	-1	-1	-1	-1	-1	-1	4871	upstream_gene_variant	NONE	c.-4871A>G	.	-1
NC_045512.2	23403	A	G	ORF1ab	gene-GU280_gp01	MODIFIER	downstream_gene_variant	transcript	TRANSCRIPT_gene-GU280_gp01	protein_coding	-1	c.*1848A>G	.	-1	-1	-1	-1	-1	-1	1848	downstream_gene_variant	NONE	c.*1848A>G	.	-1
NC_045512.2	23903	G	GT	S	gene-GU280_gp02	HIGH	frameshift_variant	transcript	TRANSCRIPT_gene-GU280_gp02	protein_coding	1	c.2346dupT	p.Ala783fs	2347	3822	2347	3822	783	1273	0	frameshift_variant	NONE	c.2346dupT	p.Ala783fs	1273
NC_045512.2	23903	G	GT	ORF3a	gene-GU280_gp03	MODIFIER	upstream_gene_variant	transcript	TRANSCRIPT_gene-GU280_gp03	protein_coding	-1	c.-1490_-1489insT	.	-1	-1	-1	-1	-1	-1	1489	upstream_gene_variant	NONE	c.-1490_-1489insT	.	-1
NC_045512.2	23903	G	GT	E	gene-GU280_gp04	MODIFIER	upstream_gene_variant	transcript	TRANSCRIPT_gene-GU280_gp04	protein_coding	-1	c.-2342_-2341insT	.	-1	-1	-1	-1	-1	-1	2341	upstream_gene_variant	NONE	c.-2342_-2341insT	.	-1
NC_045512.2	23903	G	GT	M	gene-GU280_gp05	MODIFIER	upstream_gene_variant	transcript	TRANSCRIPT_gene-GU280_gp05	protein_coding	-1	c.-2620_-2619insT	.	-1	-1	-1	-1	-1	-1	2619	upstream_gene_variant	NONE	c.-2620_-2619insT	.	-1
NC_045512.2	23903	G	GT	ORF6	gene-GU280_gp06	MODIFIER	upstream_gene_variant	transcript	TRANSCRIPT_gene-GU280_gp06	protein_coding	-1	c.-3299_-3298insT	.	-1	-1	-1	-1	-1	-1	3298	upstream_gene_variant	NONE	c.-3299_-3298insT	.	-1
NC_045512.2	23903	G	GT	ORF7a	gene-GU280_gp07	MODIFIER	upstream_gene_variant	transcript	TRANSCRIPT_gene-GU280_gp07	protein_coding	-1	c.-3491_-3490insT	.	-1	-1	-1	-1	-1	-1	3490	upstream_gene_variant	NONE	c.-3491_-3490insT	.	-1
NC_045512.2	23903	G	GT	ORF7b	gene-GU280_gp08	MODIFIER	upstream_gene_variant	transcript	TRANSCRIPT_gene-GU280_gp08	protein_coding	-1	c.-3853_-3852insT	.	-1	-1	-1	-1	-1	-1	3852	upstream_gene_variant	NONE	c.-3853_-3852insT	.	-1
NC_045512.2	23903	G	GT	ORF8	gene-GU280_gp09	MODIFIER	upstream_gene_variant	transcript	TRANSCRIPT_gene-GU280_gp09	protein_coding	-1	c.-3991_-3990insT	.	-1	-1	-1	-1	-1	-1	3990	upstream_gene_variant	NONE	c.-3991_-3990insT	.	-1
NC_045512.2	23903	G	GT	N	gene-GU280_gp10	MODIFIER	upstream_gene_variant	transcript	TRANSCRIPT_gene-GU280_gp10	protein_coding	-1	c.-4371_-4370insT	.	-1	-1	-1	-1	-1	-1	4370	upstream_gene_variant	NONE	c.-4371_-4370insT	.	-1
NC_045512.2	23903	G	GT	ORF1ab	gene-GU280_gp01	MODIFIER	downstream_gene_variant	transcript	TRANSCRIPT_gene-GU280_gp01	protein_coding	-1	c.*2348_*2349insT	.	-1	-1	-1	-1	-1	-1	2349	downstream_gene_variant	NONE	c.*2348_*2349insT	.	-1
NC_045512.2	24223	C	CT	S	gene-GU280_gp02	HIGH	frameshift_variant	transcript	TRANSCRIPT_gene-GU280_gp02	protein_coding	1	c.2664dupT	p.Gly889fs	2665	3822	2665	3822	889	1273	0	frameshift_variant	NONE	c.2664dupT	p.Gly889fs	1273
NC_045512.2	24223	C	CT	ORF3a	gene-GU280_gp03	MODIFIER	upstream_gene_variant	transcript	TRANSCRIPT_gene-GU280_gp03	protein_coding	-1	c.-1170_-1169insT	.	-1	-1	-1	-1	-1	-1	1169	upstream_gene_variant	NONE	c.-1170_-1169insT	.	-1
NC_045512.2	24223	C	CT	E	gene-GU280_gp04	MODIFIER	upstream_gene_variant	transcript	TRANSCRIPT_gene-GU280_gp04	protein_coding	-1	c.-2022_-2021insT	.	-1	-1	-1	-1	-1	-1	2021	upstream_gene_variant	NONE	c.-2022_-2021insT	.	-1
NC_045512.2	24223	C	CT	M	gene-GU280_gp05	MODIFIER	upstream_gene_variant	transcript	TRANSCRIPT_gene-GU280_gp05	protein_coding	-1	c.-2300_-2299insT	.	-1	-1	-1	-1	-1	-1	2299	upstream_gene_variant	NONE	c.-2300_-2299insT	.	-1
NC_045512.2	24223	C	CT	ORF6	gene-GU280_gp06	MODIFIER	upstream_gene_variant	transcript	TRANSCRIPT_gene-GU280_gp06	protein_coding	-1	c.-2979_-2978insT	.	-1	-1	-1	-1	-1	-1	2978	upstream_gene_variant	NONE	c.-2979_-2978insT	.	-1
NC_045512.2	24223	C	CT	ORF7a	gene-GU280_gp07	MODIFIER	upstream_gene_variant	transcript	TRANSCRIPT_gene-GU280_gp07	protein_coding	-1	c.-3171_-3170insT	.	-1	-1	-1	-1	-1	-1	3170	upstream_gene_variant	NONE	c.-3171_-3170insT	.	-1
NC_045512.2	24223	C	CT	ORF7b	gene-GU280_gp08	MODIFIER	upstream_gene_variant	transcript	TRANSCRIPT_gene-GU280_gp08	protein_coding	-1	c.-3533_-3532insT	.	-1	-1	-1	-1	-1	-1	3532	upstream_gene_variant	NONE	c.-3533_-3532insT	.	-1
NC_045512.2	24223	C	CT	ORF8	gene-GU280_gp09	MODIFIER	upstream_gene_variant	transcript	TRANSCRIPT_gene-GU280_gp09	protein_coding	-1	c.-3671_-3670insT	.	-1	-1	-1	-1	-1	-1	3670	upstream_gene_variant	NONE	c.-3671_-3670insT	.	-1
NC_045512.2	24223	C	CT	N	gene-GU280_gp10	MODIFIER	upstream_gene_variant	transcript	TRANSCRIPT_gene-GU280_gp10	protein_coding	-1	c.-4051_-4050insT	.	-1	-1	-1	-1	-1	-1	4050	upstream_gene_variant	NONE	c.-4051_-4050insT	.	-1
NC_045512.2	24223	C	CT	ORF1ab	gene-GU280_gp01	MODIFIER	downstream_gene_variant	transcript	TRANSCRIPT_gene-GU280_gp01	protein_coding	-1	c.*2668_*2669insT	.	-1	-1	-1	-1	-1	-1	2669	downstream_gene_variant	NONE	c.*2668_*2669insT	.	-1
NC_045512.2	24320	CA	C	S	gene-GU280_gp02	HIGH	frameshift_variant	transcript	TRANSCRIPT_gene-GU280_gp02	protein_coding	1	c.2763delA	p.Lys921fs	2763	3822	2763	3822	921	1273	0	frameshift_variant	NONE	c.2763delA	p.Lys921fs	1273
NC_045512.2	24320	CA	C	ORF3a	gene-GU280_gp03	MODIFIER	upstream_gene_variant	transcript	TRANSCRIPT_gene-GU280_gp03	protein_coding	-1	c.-1072delA	.	-1	-1	-1	-1	-1	-1	1072	upstream_gene_variant	NONE	c.-1072delA	.	-1
NC_045512.2	24320	CA	C	E	gene-GU280_gp04	MODIFIER	upstream_gene_variant	transcript	TRANSCRIPT_gene-GU280_gp04	protein_coding	-1	c.-1924delA	.	-1	-1	-1	-1	-1	-1	1924	upstream_gene_variant	NONE	c.-1924delA	.	-1
NC_045512.2	24320	CA	C	M	gene-GU280_gp05	MODIFIER	upstream_gene_variant	transcript	TRANSCRIPT_gene-GU280_gp05	protein_coding	-1	c.-2202delA	.	-1	-1	-1	-1	-1	-1	2202	upstream_gene_variant	NONE	c.-2202delA	.	-1
NC_045512.2	24320	CA	C	ORF6	gene-GU280_gp06	MODIFIER	upstream_gene_variant	transcript	TRANSCRIPT_gene-GU280_gp06	protein_coding	-1	c.-2881delA	.	-1	-1	-1	-1	-1	-1	2881	upstream_gene_variant	NONE	c.-2881delA	.	-1
NC_045512.2	24320	CA	C	ORF7a	gene-GU280_gp07	MODIFIER	upstream_gene_variant	transcript	TRANSCRIPT_gene-GU280_gp07	protein_coding	-1	c.-3073delA	.	-1	-1	-1	-1	-1	-1	3073	upstream_gene_variant	NONE	c.-3073delA	.	-1
NC_045512.2	24320	CA	C	ORF7b	gene-GU280_gp08	MODIFIER	upstream_gene_variant	transcript	TRANSCRIPT_gene-GU280_gp08	protein_coding	-1	c.-3435delA	.	-1	-1	-1	-1	-1	-1	3435	upstream_gene_variant	NONE	c.-3435delA	.	-1
NC_045512.2	24320	CA	C	ORF8	gene-GU280_gp09	MODIFIER	upstream_gene_variant	transcript	TRANSCRIPT_gene-GU280_gp09	protein_coding	-1	c.-3573delA	.	-1	-1	-1	-1	-1	-1	3573	upstream_gene_variant	NONE	c.-3573delA	.	-1
NC_045512.2	24320	CA	C	N	gene-GU280_gp10	MODIFIER	upstream_gene_variant	transcript	TRANSCRIPT_gene-GU280_gp10	protein_coding	-1	c.-3953delA	.	-1	-1	-1	-1	-1	-1	3953	upstream_gene_variant	NONE	c.-3953delA	.	-1
NC_045512.2	24320	CA	C	ORF1ab	gene-GU280_gp01	MODIFIER	downstream_gene_variant	transcript	TRANSCRIPT_gene-GU280_gp01	protein_coding	-1	c.*2766delA	.	-1	-1	-1	-1	-1	-1	2766	downstream_gene_variant	NONE	c.*2766delA	.	-1
NC_045512.2	24358	C	CA	S	gene-GU280_gp02	HIGH	frameshift_variant	transcript	TRANSCRIPT_gene-GU280_gp02	protein_coding	1	c.2800dupA	p.Ile934fs	2801	3822	2801	3822	934	1273	0	frameshift_variant	NONE	c.2800dupA	p.Ile934fs	1273
NC_045512.2	24358	C	CA	ORF3a	gene-GU280_gp03	MODIFIER	upstream_gene_variant	transcript	TRANSCRIPT_gene-GU280_gp03	protein_coding	-1	c.-1035_-1034insA	.	-1	-1	-1	-1	-1	-1	1034	upstream_gene_variant	NONE	c.-1035_-1034insA	.	-1
NC_045512.2	24358	C	CA	E	gene-GU280_gp04	MODIFIER	upstream_gene_variant	transcript	TRANSCRIPT_gene-GU280_gp04	protein_coding	-1	c.-1887_-1886insA	.	-1	-1	-1	-1	-1	-1	1886	upstream_gene_variant	NONE	c.-1887_-1886insA	.	-1
NC_045512.2	24358	C	CA	M	gene-GU280_gp05	MODIFIER	upstream_gene_variant	transcript	TRANSCRIPT_gene-GU280_gp05	protein_coding	-1	c.-2165_-2164insA	.	-1	-1	-1	-1	-1	-1	2164	upstream_gene_variant	NONE	c.-2165_-2164insA	.	-1
NC_045512.2	24358	C	CA	ORF6	gene-GU280_gp06	MODIFIER	upstream_gene_variant	transcript	TRANSCRIPT_gene-GU280_gp06	protein_coding	-1	c.-2844_-2843insA	.	-1	-1	-1	-1	-1	-1	2843	upstream_gene_variant	NONE	c.-2844_-2843insA	.	-1
NC_045512.2	24358	C	CA	ORF7a	gene-GU280_gp07	MODIFIER	upstream_gene_variant	transcript	TRANSCRIPT_gene-GU280_gp07	protein_coding	-1	c.-3036_-3035insA	.	-1	-1	-1	-1	-1	-1	3035	upstream_gene_variant	NONE	c.-3036_-3035insA	.	-1
NC_045512.2	24358	C	CA	ORF7b	gene-GU280_gp08	MODIFIER	upstream_gene_variant	transcript	TRANSCRIPT_gene-GU280_gp08	protein_coding	-1	c.-3398_-3397insA	.	-1	-1	-1	-1	-1	-1	3397	upstream_gene_variant	NONE	c.-3398_-3397insA	.	-1
NC_045512.2	24358	C	CA	ORF8	gene-GU280_gp09	MODIFIER	upstream_gene_variant	transcript	TRANSCRIPT_gene-GU280_gp09	protein_coding	-1	c.-3536_-3535insA	.	-1	-1	-1	-1	-1	-1	3535	upstream_gene_variant	NONE	c.-3536_-3535insA	.	-1
NC_045512.2	24358	C	CA	N	gene-GU280_gp10	MODIFIER	upstream_gene_variant	transcript	TRANSCRIPT_gene-GU280_gp10	protein_coding	-1	c.-3916_-3915insA	.	-1	-1	-1	-1	-1	-1	3915	upstream_gene_variant	NONE	c.-3916_-3915insA	.	-1
NC_045512.2	24358	C	CA	ORF1ab	gene-GU280_gp01	MODIFIER	downstream_gene_variant	transcript	TRANSCRIPT_gene-GU280_gp01	protein_coding	-1	c.*2803_*2804insA	.	-1	-1	-1	-1	-1	-1	2804	downstream_gene_variant	NONE	c.*2803_*2804insA	.	-1
NC_045512.2	25563	G	T	ORF3a	gene-GU280_gp03	MODERATE	missense_variant	transcript	TRANSCRIPT_gene-GU280_gp03	protein_coding	1	c.171G>T	p.Gln57His	171	828	171	828	57	275	0	missense_variant	NONE	c.171G>T	p.Gln57His	275
NC_045512.2	25563	G	T	E	gene-GU280_gp04	MODIFIER	upstream_gene_variant	transcript	TRANSCRIPT_gene-GU280_gp04	protein_coding	-1	c.-682G>T	.	-1	-1	-1	-1	-1	-1	682	upstream_gene_variant	NONE	c.-682G>T	.	-1
NC_045512.2	25563	G	T	M	gene-GU280_gp05	MODIFIER	upstream_gene_variant	transcript	TRANSCRIPT_gene-GU280_gp05	protein_coding	-1	c.-960G>T	.	-1	-1	-1	-1	-1	-1	960	upstream_gene_variant	NONE	c.-960G>T	.	-1
NC_045512.2	25563	G	T	ORF6	gene-GU280_gp06	MODIFIER	upstream_gene_variant	transcript	TRANSCRIPT_gene-GU280_gp06	protein_coding	-1	c.-1639G>T	.	-1	-1	-1	-1	-1	-1	1639	upstream_gene_variant	NONE	c.-1639G>T	.	-1
NC_045512.2	25563	G	T	ORF7a	gene-GU280_gp07	MODIFIER	upstream_gene_variant	transcript	TRANSCRIPT_gene-GU280_gp07	protein_coding	-1	c.-1831G>T	.	-1	-1	-1	-1	-1	-1	1831	upstream_gene_variant	NONE	c.-1831G>T	.	-1
NC_045512.2	25563	G	T	ORF7b	gene-GU280_gp08	MODIFIER	upstream_gene_variant	transcript	TRANSCRIPT_gene-GU280_gp08	protein_coding	-1	c.-2193G>T	.	-1	-1	-1	-1	-1	-1	2193	upstream_gene_variant	NONE	c.-2193G>T	.	-1
NC_045512.2	25563	G	T	ORF8	gene-GU280_gp09	MODIFIER	upstream_gene_variant	transcript	TRANSCRIPT_gene-GU280_gp09	protein_coding	-1	c.-2331G>T	.	-1	-1	-1	-1	-1	-1	2331	upstream_gene_variant	NONE	c.-2331G>T	.	-1
NC_045512.2	25563	G	T	N	gene-GU280_gp10	MODIFIER	upstream_gene_variant	transcript	TRANSCRIPT_gene-GU280_gp10	protein_coding	-1	c.-2711G>T	.	-1	-1	-1	-1	-1	-1	2711	upstream_gene_variant	NONE	c.-2711G>T	.	-1
NC_045512.2	25563	G	T	ORF10	gene-GU280_gp11	MODIFIER	upstream_gene_variant	transcript	TRANSCRIPT_gene-GU280_gp11	protein_coding	-1	c.-3995G>T	.	-1	-1	-1	-1	-1	-1	3995	upstream_gene_variant	NONE	c.-3995G>T	.	-1
NC_045512.2	25563	G	T	ORF1ab	gene-GU280_gp01	MODIFIER	downstream_gene_variant	transcript	TRANSCRIPT_gene-GU280_gp01	protein_coding	-1	c.*4008G>T	.	-1	-1	-1	-1	-1	-1	4008	downstream_gene_variant	NONE	c.*4008G>T	.	-1
NC_045512.2	25563	G	T	S	gene-GU280_gp02	MODIFIER	downstream_gene_variant	transcript	TRANSCRIPT_gene-GU280_gp02	protein_coding	-1	c.*179G>T	.	-1	-1	-1	-1	-1	-1	179	downstream_gene_variant	NONE	c.*179G>T	.	-1
NC_045512.2	25810	CT	C	ORF3a	gene-GU280_gp03	HIGH	frameshift_variant	transcript	TRANSCRIPT_gene-GU280_gp03	protein_coding	1	c.421delT	p.Tyr141fs	421	828	421	828	141	275	0	frameshift_variant	NONE	c.421delT	p.Tyr141fs	275
NC_045512.2	25810	CT	C	E	gene-GU280_gp04	MODIFIER	upstream_gene_variant	transcript	TRANSCRIPT_gene-GU280_gp04	protein_coding	-1	c.-434delT	.	-1	-1	-1	-1	-1	-1	434	upstream_gene_variant	NONE	c.-434delT	.	-1
NC_045512.2	25810	CT	C	M	gene-GU280_gp05	MODIFIER	upstream_gene_variant	transcript	TRANSCRIPT_gene-GU280_gp05	protein_coding	-1	c.-712delT	.	-1	-1	-1	-1	-1	-1	712	upstream_gene_variant	NONE	c.-712delT	.	-1
NC_045512.2	25810	CT	C	ORF6	gene-GU280_gp06	MODIFIER	upstream_gene_variant	transcript	TRANSCRIPT_gene-GU280_gp06	protein_coding	-1	c.-1391delT	.	-1	-1	-1	-1	-1	-1	1391	upstream_gene_variant	NONE	c.-1391delT	.	-1
NC_045512.2	25810	CT	C	ORF7a	gene-GU280_gp07	MODIFIER	upstream_gene_variant	transcript	TRANSCRIPT_gene-GU280_gp07	protein_coding	-1	c.-1583delT	.	-1	-1	-1	-1	-1	-1	1583	upstream_gene_variant	NONE	c.-1583delT	.	-1
NC_045512.2	25810	CT	C	ORF7b	gene-GU280_gp08	MODIFIER	upstream_gene_variant	transcript	TRANSCRIPT_gene-GU280_gp08	protein_coding	-1	c.-1945delT	.	-1	-1	-1	-1	-1	-1	1945	upstream_gene_variant	NONE	c.-1945delT	.	-1
NC_045512.2	25810	CT	C	ORF8	gene-GU280_gp09	MODIFIER	upstream_gene_variant	transcript	TRANSCRIPT_gene-GU280_gp09	protein_coding	-1	c.-2083delT	.	-1	-1	-1	-1	-1	-1	2083	upstream_gene_variant	NONE	c.-2083delT	.	-1
NC_045512.2	25810	CT	C	N	gene-GU280_gp10	MODIFIER	upstream_gene_variant	transcript	TRANSCRIPT_gene-GU280_gp10	protein_coding	-1	c.-2463delT	.	-1	-1	-1	-1	-1	-1	2463	upstream_gene_variant	NONE	c.-2463delT	.	-1
NC_045512.2	25810	CT	C	ORF10	gene-GU280_gp11	MODIFIER	upstream_gene_variant	transcript	TRANSCRIPT_gene-GU280_gp11	protein_coding	-1	c.-3747delT	.	-1	-1	-1	-1	-1	-1	3747	upstream_gene_variant	NONE	c.-3747delT	.	-1
NC_045512.2	25810	CT	C	ORF1ab	gene-GU280_gp01	MODIFIER	downstream_gene_variant	transcript	TRANSCRIPT_gene-GU280_gp01	protein_coding	-1	c.*4256delT	.	-1	-1	-1	-1	-1	-1	4256	downstream_gene_variant	NONE	c.*4256delT	.	-1
NC_045512.2	25810	CT	C	S	gene-GU280_gp02	MODIFIER	downstream_gene_variant	transcript	TRANSCRIPT_gene-GU280_gp02	protein_coding	-1	c.*427delT	.	-1	-1	-1	-1	-1	-1	427	downstream_gene_variant	NONE	c.*427delT	.	-1
NC_045512.2	25907	G	T	ORF3a	gene-GU280_gp03	MODERATE	missense_variant	transcript	TRANSCRIPT_gene-GU280_gp03	protein_coding	1	c.515G>T	p.Gly172Val	515	828	515	828	172	275	0	missense_variant	NONE	c.515G>T	p.Gly172Val	275
NC_045512.2	25907	G	T	E	gene-GU280_gp04	MODIFIER	upstream_gene_variant	transcript	TRANSCRIPT_gene-GU280_gp04	protein_coding	-1	c.-338G>T	.	-1	-1	-1	-1	-1	-1	338	upstream_gene_variant	NONE	c.-338G>T	.	-1
NC_045512.2	25907	G	T	M	gene-GU280_gp05	MODIFIER	upstream_gene_variant	transcript	TRANSCRIPT_gene-GU280_gp05	protein_coding	-1	c.-616G>T	.	-1	-1	-1	-1	-1	-1	616	upstream_gene_variant	NONE	c.-616G>T	.	-1
NC_045512.2	25907	G	T	ORF6	gene-GU280_gp06	MODIFIER	upstream_gene_variant	transcript	TRANSCRIPT_gene-GU280_gp06	protein_coding	-1	c.-1295G>T	.	-1	-1	-1	-1	-1	-1	1295	upstream_gene_variant	NONE	c.-1295G>T	.	-1
NC_045512.2	25907	G	T	ORF7a	gene-GU280_gp07	MODIFIER	upstream_gene_variant	transcript	TRANSCRIPT_gene-GU280_gp07	protein_coding	-1	c.-1487G>T	.	-1	-1	-1	-1	-1	-1	1487	upstream_gene_variant	NONE	c.-1487G>T	.	-1
NC_045512.2	25907	G	T	ORF7b	gene-GU280_gp08	MODIFIER	upstream_gene_variant	transcript	TRANSCRIPT_gene-GU280_gp08	protein_coding	-1	c.-1849G>T	.	-1	-1	-1	-1	-1	-1	1849	upstream_gene_variant	NONE	c.-1849G>T	.	-1
NC_045512.2	25907	G	T	ORF8	gene-GU280_gp09	MODIFIER	upstream_gene_variant	transcript	TRANSCRIPT_gene-GU280_gp09	protein_coding	-1	c.-1987G>T	.	-1	-1	-1	-1	-1	-1	1987	upstream_gene_variant	NONE	c.-1987G>T	.	-1
NC_045512.2	25907	G	T	N	gene-GU280_gp10	MODIFIER	upstream_gene_variant	transcript	TRANSCRIPT_gene-GU280_gp10	protein_coding	-1	c.-2367G>T	.	-1	-1	-1	-1	-1	-1	2367	upstream_gene_variant	NONE	c.-2367G>T	.	-1
NC_045512.2	25907	G	T	ORF10	gene-GU280_gp11	MODIFIER	upstream_gene_variant	transcript	TRANSCRIPT_gene-GU280_gp11	protein_coding	-1	c.-3651G>T	.	-1	-1	-1	-1	-1	-1	3651	upstream_gene_variant	NONE	c.-3651G>T	.	-1
NC_045512.2	25907	G	T	ORF1ab	gene-GU280_gp01	MODIFIER	downstream_gene_variant	transcript	TRANSCRIPT_gene-GU280_gp01	protein_coding	-1	c.*4352G>T	.	-1	-1	-1	-1	-1	-1	4352	downstream_gene_variant	NONE	c.*4352G>T	.	-1
NC_045512.2	25907	G	T	S	gene-GU280_gp02	MODIFIER	downstream_gene_variant	transcript	TRANSCRIPT_gene-GU280_gp02	protein_coding	-1	c.*523G>T	.	-1	-1	-1	-1	-1	-1	523	downstream_gene_variant	NONE	c.*523G>T	.	-1
NC_045512.2	25953	TG	T	ORF3a	gene-GU280_gp03	HIGH	frameshift_variant	transcript	TRANSCRIPT_gene-GU280_gp03	protein_coding	1	c.563delG	p.Gly188fs	563	828	563	828	188	275	0	frameshift_variant	NONE	c.563delG	p.Gly188fs	275
NC_045512.2	25953	TG	T	E	gene-GU280_gp04	MODIFIER	upstream_gene_variant	transcript	TRANSCRIPT_gene-GU280_gp04	protein_coding	-1	c.-291delG	.	-1	-1	-1	-1	-1	-1	291	upstream_gene_variant	NONE	c.-291delG	.	-1
NC_045512.2	25953	TG	T	M	gene-GU280_gp05	MODIFIER	upstream_gene_variant	transcript	TRANSCRIPT_gene-GU280_gp05	protein_coding	-1	c.-569delG	.	-1	-1	-1	-1	-1	-1	569	upstream_gene_variant	NONE	c.-569delG	.	-1
NC_045512.2	25953	TG	T	ORF6	gene-GU280_gp06	MODIFIER	upstream_gene_variant	transcript	TRANSCRIPT_gene-GU280_gp06	protein_coding	-1	c.-1248delG	.	-1	-1	-1	-1	-1	-1	1248	upstream_gene_variant	NONE	c.-1248delG	.	-1
NC_045512.2	25953	TG	T	ORF7a	gene-GU280_gp07	MODIFIER	upstream_gene_variant	transcript	TRANSCRIPT_gene-GU280_gp07	protein_coding	-1	c.-1440delG	.	-1	-1	-1	-1	-1	-1	1440	upstream_gene_variant	NONE	c.-1440delG	.	-1
NC_045512.2	25953	TG	T	ORF7b	gene-GU280_gp08	MODIFIER	upstream_gene_variant	transcript	TRANSCRIPT_gene-GU280_gp08	protein_coding	-1	c.-1802delG	.	-1	-1	-1	-1	-1	-1	1802	upstream_gene_variant	NONE	c.-1802delG	.	-1
NC_045512.2	25953	TG	T	ORF8	gene-GU280_gp09	MODIFIER	upstream_gene_variant	transcript	TRANSCRIPT_gene-GU280_gp09	protein_coding	-1	c.-1940delG	.	-1	-1	-1	-1	-1	-1	1940	upstream_gene_variant	NONE	c.-1940delG	.	-1
NC_045512.2	25953	TG	T	N	gene-GU280_gp10	MODIFIER	upstream_gene_variant	transcript	TRANSCRIPT_gene-GU280_gp10	protein_coding	-1	c.-2320delG	.	-1	-1	-1	-1	-1	-1	2320	upstream_gene_variant	NONE	c.-2320delG	.	-1
NC_045512.2	25953	TG	T	ORF10	gene-GU280_gp11	MODIFIER	upstream_gene_variant	transcript	TRANSCRIPT_gene-GU280_gp11	protein_coding	-1	c.-3604delG	.	-1	-1	-1	-1	-1	-1	3604	upstream_gene_variant	NONE	c.-3604delG	.	-1
NC_045512.2	25953	TG	T	ORF1ab	gene-GU280_gp01	MODIFIER	downstream_gene_variant	transcript	TRANSCRIPT_gene-GU280_gp01	protein_coding	-1	c.*4399delG	.	-1	-1	-1	-1	-1	-1	4399	downstream_gene_variant	NONE	c.*4399delG	.	-1
NC_045512.2	25953	TG	T	S	gene-GU280_gp02	MODIFIER	downstream_gene_variant	transcript	TRANSCRIPT_gene-GU280_gp02	protein_coding	-1	c.*570delG	.	-1	-1	-1	-1	-1	-1	570	downstream_gene_variant	NONE	c.*570delG	.	-1
NC_045512.2	26493	G	GT	M	gene-GU280_gp05	MODIFIER	upstream_gene_variant	transcript	TRANSCRIPT_gene-GU280_gp05	protein_coding	-1	c.-30_-29insT	.	-1	-1	-1	-1	-1	-1	29	upstream_gene_variant	NONE	c.-30_-29insT	.	-1
NC_045512.2	26493	G	GT	ORF6	gene-GU280_gp06	MODIFIER	upstream_gene_variant	transcript	TRANSCRIPT_gene-GU280_gp06	protein_coding	-1	c.-709_-708insT	.	-1	-1	-1	-1	-1	-1	708	upstream_gene_variant	NONE	c.-709_-708insT	.	-1
NC_045512.2	26493	G	GT	ORF7a	gene-GU280_gp07	MODIFIER	upstream_gene_variant	transcript	TRANSCRIPT_gene-GU280_gp07	protein_coding	-1	c.-901_-900insT	.	-1	-1	-1	-1	-1	-1	900	upstream_gene_variant	NONE	c.-901_-900insT	.	-1
NC_045512.2	26493	G	GT	ORF7b	gene-GU280_gp08	MODIFIER	upstream_gene_variant	transcript	TRANSCRIPT_gene-GU280_gp08	protein_coding	-1	c.-1263_-1262insT	.	-1	-1	-1	-1	-1	-1	1262	upstream_gene_variant	NONE	c.-1263_-1262insT	.	-1
NC_045512.2	26493	G	GT	ORF8	gene-GU280_gp09	MODIFIER	upstream_gene_variant	transcript	TRANSCRIPT_gene-GU280_gp09	protein_coding	-1	c.-1401_-1400insT	.	-1	-1	-1	-1	-1	-1	1400	upstream_gene_variant	NONE	c.-1401_-1400insT	.	-1
NC_045512.2	26493	G	GT	N	gene-GU280_gp10	MODIFIER	upstream_gene_variant	transcript	TRANSCRIPT_gene-GU280_gp10	protein_coding	-1	c.-1781_-1780insT	.	-1	-1	-1	-1	-1	-1	1780	upstream_gene_variant	NONE	c.-1781_-1780insT	.	-1
NC_045512.2	26493	G	GT	ORF10	gene-GU280_gp11	MODIFIER	upstream_gene_variant	transcript	TRANSCRIPT_gene-GU280_gp11	protein_coding	-1	c.-3065_-3064insT	.	-1	-1	-1	-1	-1	-1	3064	upstream_gene_variant	NONE	c.-3065_-3064insT	.	-1
NC_045512.2	26493	G	GT	ORF1ab	gene-GU280_gp01	MODIFIER	downstream_gene_variant	transcript	TRANSCRIPT_gene-GU280_gp01	protein_coding	-1	c.*4938_*4939insT	.	-1	-1	-1	-1	-1	-1	4939	downstream_gene_variant	NONE	c.*4938_*4939insT	.	-1
NC_045512.2	26493	G	GT	S	gene-GU280_gp02	MODIFIER	downstream_gene_variant	transcript	TRANSCRIPT_gene-GU280_gp02	protein_coding	-1	c.*1109_*1110insT	.	-1	-1	-1	-1	-1	-1	1110	downstream_gene_variant	NONE	c.*1109_*1110insT	.	-1
NC_045512.2	26493	G	GT	ORF3a	gene-GU280_gp03	MODIFIER	downstream_gene_variant	transcript	TRANSCRIPT_gene-GU280_gp03	protein_coding	-1	c.*273_*274insT	.	-1	-1	-1	-1	-1	-1	274	downstream_gene_variant	NONE	c.*273_*274insT	.	-1
NC_045512.2	26493	G	GT	E	gene-GU280_gp04	MODIFIER	downstream_gene_variant	transcript	TRANSCRIPT_gene-GU280_gp04	protein_coding	-1	c.*21_*22insT	.	-1	-1	-1	-1	-1	-1	22	downstream_gene_variant	NONE	c.*21_*22insT	.	-1
NC_045512.2	26493	G	GT	E-M	gene-GU280_gp04-gene-GU280_gp05	MODIFIER	intergenic_region	intergenic_region	gene-GU280_gp04-gene-GU280_gp05	.	-1	n.26493_26494insT	.	-1	-1	-1	-1	-1	-1	0	intergenic_region	NONE	n.26493_26494insT	.	-1
NC_045512.2	26573	TG	T	M	gene-GU280_gp05	HIGH	frameshift_variant	transcript	TRANSCRIPT_gene-GU280_gp05	protein_coding	1	c.52delG	p.Glu18fs	52	669	52	669	18	222	0	frameshift_variant	NONE	c.52delG	p.Glu18fs	222
NC_045512.2	26573	TG	T	ORF6	gene-GU280_gp06	MODIFIER	upstream_gene_variant	transcript	TRANSCRIPT_gene-GU280_gp06	protein_coding	-1	c.-628delG	.	-1	-1	-1	-1	-1	-1	628	upstream_gene_variant	NONE	c.-628delG	.	-1
NC_045512.2	26573	TG	T	ORF7a	gene-GU280_gp07	MODIFIER	upstream_gene_variant	transcript	TRANSCRIPT_gene-GU280_gp07	protein_coding	-1	c.-820delG	.	-1	-1	-1	-1	-1	-1	820	upstream_gene_variant	NONE	c.-820delG	.	-1
NC_045512.2	26573	TG	T	ORF7b	gene-GU280_gp08	MODIFIER	upstream_gene_variant	transcript	TRANSCRIPT_gene-GU280_gp08	protein_coding	-1	c.-1182delG	.	-1	-1	-1	-1	-1	-1	1182	upstream_gene_variant	NONE	c.-1182delG	.	-1
NC_045512.2	26573	TG	T	ORF8	gene-GU280_gp09	MODIFIER	upstream_gene_variant	transcript	TRANSCRIPT_gene-GU280_gp09	protein_coding	-1	c.-1320delG	.	-1	-1	-1	-1	-1	-1	1320	upstream_gene_variant	NONE	c.-1320delG	.	-1
NC_045512.2	26573	TG	T	N	gene-GU280_gp10	MODIFIER	upstream_gene_variant	transcript	TRANSCRIPT_gene-GU280_gp10	protein_coding	-1	c.-1700delG	.	-1	-1	-1	-1	-1	-1	1700	upstream_gene_variant	NONE	c.-1700delG	.	-1
NC_045512.2	26573	TG	T	ORF10	gene-GU280_gp11	MODIFIER	upstream_gene_variant	transcript	TRANSCRIPT_gene-GU280_gp11	protein_coding	-1	c.-2984delG	.	-1	-1	-1	-1	-1	-1	2984	upstream_gene_variant	NONE	c.-2984delG	.	-1
NC_045512.2	26573	TG	T	S	gene-GU280_gp02	MODIFIER	downstream_gene_variant	transcript	TRANSCRIPT_gene-GU280_gp02	protein_coding	-1	c.*1190delG	.	-1	-1	-1	-1	-1	-1	1190	downstream_gene_variant	NONE	c.*1190delG	.	-1
NC_045512.2	26573	TG	T	ORF3a	gene-GU280_gp03	MODIFIER	downstream_gene_variant	transcript	TRANSCRIPT_gene-GU280_gp03	protein_coding	-1	c.*354delG	.	-1	-1	-1	-1	-1	-1	354	downstream_gene_variant	NONE	c.*354delG	.	-1
NC_045512.2	26573	TG	T	E	gene-GU280_gp04	MODIFIER	downstream_gene_variant	transcript	TRANSCRIPT_gene-GU280_gp04	protein_coding	-1	c.*102delG	.	-1	-1	-1	-1	-1	-1	102	downstream_gene_variant	NONE	c.*102delG	.	-1
NC_045512.2	26654	G	GT	M	gene-GU280_gp05	HIGH	frameshift_variant	transcript	TRANSCRIPT_gene-GU280_gp05	protein_coding	1	c.137dupT	p.Leu46fs	138	669	138	669	46	222	0	frameshift_variant	NONE	c.137dupT	p.Leu46fs	222
NC_045512.2	26654	G	GT	ORF6	gene-GU280_gp06	MODIFIER	upstream_gene_variant	transcript	TRANSCRIPT_gene-GU280_gp06	protein_coding	-1	c.-548_-547insT	.	-1	-1	-1	-1	-1	-1	547	upstream_gene_variant	NONE	c.-548_-547insT	.	-1
NC_045512.2	26654	G	GT	ORF7a	gene-GU280_gp07	MODIFIER	upstream_gene_variant	transcript	TRANSCRIPT_gene-GU280_gp07	protein_coding	-1	c.-740_-739insT	.	-1	-1	-1	-1	-1	-1	739	upstream_gene_variant	NONE	c.-740_-739insT	.	-1
NC_045512.2	26654	G	GT	ORF7b	gene-GU280_gp08	MODIFIER	upstream_gene_variant	transcript	TRANSCRIPT_gene-GU280_gp08	protein_coding	-1	c.-1102_-1101insT	.	-1	-1	-1	-1	-1	-1	1101	upstream_gene_variant	NONE	c.-1102_-1101insT	.	-1
NC_045512.2	26654	G	GT	ORF8	gene-GU280_gp09	MODIFIER	upstream_gene_variant	transcript	TRANSCRIPT_gene-GU280_gp09	protein_coding	-1	c.-1240_-1239insT	.	-1	-1	-1	-1	-1	-1	1239	upstream_gene_variant	NONE	c.-1240_-1239insT	.	-1
NC_045512.2	26654	G	GT	N	gene-GU280_gp10	MODIFIER	upstream_gene_variant	transcript	TRANSCRIPT_gene-GU280_gp10	protein_coding	-1	c.-1620_-1619insT	.	-1	-1	-1	-1	-1	-1	1619	upstream_gene_variant	NONE	c.-1620_-1619insT	.	-1
NC_045512.2	26654	G	GT	ORF10	gene-GU280_gp11	MODIFIER	upstream_gene_variant	transcript	TRANSCRIPT_gene-GU280_gp11	protein_coding	-1	c.-2904_-2903insT	.	-1	-1	-1	-1	-1	-1	2903	upstream_gene_variant	NONE	c.-2904_-2903insT	.	-1
NC_045512.2	26654	G	GT	S	gene-GU280_gp02	MODIFIER	downstream_gene_variant	transcript	TRANSCRIPT_gene-GU280_gp02	protein_coding	-1	c.*1270_*1271insT	.	-1	-1	-1	-1	-1	-1	1271	downstream_gene_variant	NONE	c.*1270_*1271insT	.	-1
NC_045512.2	26654	G	GT	ORF3a	gene-GU280_gp03	MODIFIER	downstream_gene_variant	transcript	TRANSCRIPT_gene-GU280_gp03	protein_coding	-1	c.*434_*435insT	.	-1	-1	-1	-1	-1	-1	435	downstream_gene_variant	NONE	c.*434_*435insT	.	-1
NC_045512.2	26654	G	GT	E	gene-GU280_gp04	MODIFIER	downstream_gene_variant	transcript	TRANSCRIPT_gene-GU280_gp04	protein_coding	-1	c.*182_*183insT	.	-1	-1	-1	-1	-1	-1	183	downstream_gene_variant	NONE	c.*182_*183insT	.	-1
NC_045512.2	27235	G	C	ORF6	gene-GU280_gp06	MODERATE	missense_variant	transcript	TRANSCRIPT_gene-GU280_gp06	protein_coding	1	c.34G>C	p.Ala12Pro	34	186	34	186	12	61	0	missense_variant	NONE	c.34G>C	p.Ala12Pro	61
NC_045512.2	27235	G	C	ORF7a	gene-GU280_gp07	MODIFIER	upstream_gene_variant	transcript	TRANSCRIPT_gene-GU280_gp07	protein_coding	-1	c.-159G>C	.	-1	-1	-1	-1	-1	-1	159	upstream_gene_variant	NONE	c.-159G>C	.	-1
NC_045512.2	27235	G	C	ORF7b	gene-GU280_gp08	MODIFIER	upstream_gene_variant	transcript	TRANSCRIPT_gene-GU280_gp08	protein_coding	-1	c.-521G>C	.	-1	-1	-1	-1	-1	-1	521	upstream_gene_variant	NONE	c.-521G>C	.	-1
NC_045512.2	27235	G	C	ORF8	gene-GU280_gp09	MODIFIER	upstream_gene_variant	transcript	TRANSCRIPT_gene-GU280_gp09	protein_coding	-1	c.-659G>C	.	-1	-1	-1	-1	-1	-1	659	upstream_gene_variant	NONE	c.-659G>C	.	-1
NC_045512.2	27235	G	C	N	gene-GU280_gp10	MODIFIER	upstream_gene_variant	transcript	TRANSCRIPT_gene-GU280_gp10	protein_coding	-1	c.-1039G>C	.	-1	-1	-1	-1	-1	-1	1039	upstream_gene_variant	NONE	c.-1039G>C	.	-1
NC_045512.2	27235	G	C	ORF10	gene-GU280_gp11	MODIFIER	upstream_gene_variant	transcript	TRANSCRIPT_gene-GU280_gp11	protein_coding	-1	c.-2323G>C	.	-1	-1	-1	-1	-1	-1	2323	upstream_gene_variant	NONE	c.-2323G>C	.	-1
NC_045512.2	27235	G	C	S	gene-GU280_gp02	MODIFIER	downstream_gene_variant	transcript	TRANSCRIPT_gene-GU280_gp02	protein_coding	-1	c.*1851G>C	.	-1	-1	-1	-1	-1	-1	1851	downstream_gene_variant	NONE	c.*1851G>C	.	-1
NC_045512.2	27235	G	C	ORF3a	gene-GU280_gp03	MODIFIER	downstream_gene_variant	transcript	TRANSCRIPT_gene-GU280_gp03	protein_coding	-1	c.*1015G>C	.	-1	-1	-1	-1	-1	-1	1015	downstream_gene_variant	NONE	c.*1015G>C	.	-1
NC_045512.2	27235	G	C	E	gene-GU280_gp04	MODIFIER	downstream_gene_variant	transcript	TRANSCRIPT_gene-GU280_gp04	protein_coding	-1	c.*763G>C	.	-1	-1	-1	-1	-1	-1	763	downstream_gene_variant	NONE	c.*763G>C	.	-1
NC_045512.2	27235	G	C	M	gene-GU280_gp05	MODIFIER	downstream_gene_variant	transcript	TRANSCRIPT_gene-GU280_gp05	protein_coding	-1	c.*44G>C	.	-1	-1	-1	-1	-1	-1	44	downstream_gene_variant	NONE	c.*44G>C	.	-1
NC_045512.2	27244	T	C	ORF6	gene-GU280_gp06	LOW	synonymous_variant	transcript	TRANSCRIPT_gene-GU280_gp06	protein_coding	1	c.43T>C	p.Leu15Leu	43	186	43	186	15	61	0	synonymous_variant	NONE	c.43T>C	p.Leu15Leu	61
NC_045512.2	27244	T	C	ORF7a	gene-GU280_gp07	MODIFIER	upstream_gene_variant	transcript	TRANSCRIPT_gene-GU280_gp07	protein_coding	-1	c.-150T>C	.	-1	-1	-1	-1	-1	-1	150	upstream_gene_variant	NONE	c.-150T>C	.	-1
NC_045512.2	27244	T	C	ORF7b	gene-GU280_gp08	MODIFIER	upstream_gene_variant	transcript	TRANSCRIPT_gene-GU280_gp08	protein_coding	-1	c.-512T>C	.	-1	-1	-1	-1	-1	-1	512	upstream_gene_variant	NONE	c.-512T>C	.	-1
NC_045512.2	27244	T	C	ORF8	gene-GU280_gp09	MODIFIER	upstream_gene_variant	transcript	TRANSCRIPT_gene-GU280_gp09	protein_coding	-1	c.-650T>C	.	-1	-1	-1	-1	-1	-1	650	upstream_gene_variant	NONE	c.-650T>C	.	-1
NC_045512.2	27244	T	C	N	gene-GU280_gp10	MODIFIER	upstream_gene_variant	transcript	TRANSCRIPT_gene-GU280_gp10	protein_coding	-1	c.-1030T>C	.	-1	-1	-1	-1	-1	-1	1030	upstream_gene_variant	NONE	c.-1030T>C	.	-1
NC_045512.2	27244	T	C	ORF10	gene-GU280_gp11	MODIFIER	upstream_gene_variant	transcript	TRANSCRIPT_gene-GU280_gp11	protein_coding	-1	c.-2314T>C	.	-1	-1	-1	-1	-1	-1	2314	upstream_gene_variant	NONE	c.-2314T>C	.	-1
NC_045512.2	27244	T	C	S	gene-GU280_gp02	MODIFIER	downstream_gene_variant	transcript	TRANSCRIPT_gene-GU280_gp02	protein_coding	-1	c.*1860T>C	.	-1	-1	-1	-1	-1	-1	1860	downstream_gene_variant	NONE	c.*1860T>C	.	-1
NC_045512.2	27244	T	C	ORF3a	gene-GU280_gp03	MODIFIER	downstream_gene_variant	transcript	TRANSCRIPT_gene-GU280_gp03	protein_coding	-1	c.*1024T>C	.	-1	-1	-1	-1	-1	-1	1024	downstream_gene_variant	NONE	c.*1024T>C	.	-1
NC_045512.2	27244	T	C	E	gene-GU280_gp04	MODIFIER	downstream_gene_variant	transcript	TRANSCRIPT_gene-GU280_gp04	protein_coding	-1	c.*772T>C	.	-1	-1	-1	-1	-1	-1	772	downstream_gene_variant	NONE	c.*772T>C	.	-1
NC_045512.2	27244	T	C	M	gene-GU280_gp05	MODIFIER	downstream_gene_variant	transcript	TRANSCRIPT_gene-GU280_gp05	protein_coding	-1	c.*53T>C	.	-1	-1	-1	-1	-1	-1	53	downstream_gene_variant	NONE	c.*53T>C	.	-1
NC_045512.2	27263	CT	C	ORF6	gene-GU280_gp06	HIGH	frameshift_variant	transcript	TRANSCRIPT_gene-GU280_gp06	protein_coding	1	c.66delT	p.Phe22fs	66	186	66	186	22	61	0	frameshift_variant	NONE	c.66delT	p.Phe22fs	61
NC_045512.2	27263	CT	C	ORF7a	gene-GU280_gp07	MODIFIER	upstream_gene_variant	transcript	TRANSCRIPT_gene-GU280_gp07	protein_coding	-1	c.-130delT	.	-1	-1	-1	-1	-1	-1	130	upstream_gene_variant	NONE	c.-130delT	.	-1
NC_045512.2	27263	CT	C	ORF7b	gene-GU280_gp08	MODIFIER	upstream_gene_variant	transcript	TRANSCRIPT_gene-GU280_gp08	protein_coding	-1	c.-492delT	.	-1	-1	-1	-1	-1	-1	492	upstream_gene_variant	NONE	c.-492delT	.	-1
NC_045512.2	27263	CT	C	ORF8	gene-GU280_gp09	MODIFIER	upstream_gene_variant	transcript	TRANSCRIPT_gene-GU280_gp09	protein_coding	-1	c.-630delT	.	-1	-1	-1	-1	-1	-1	630	upstream_gene_variant	NONE	c.-630delT	.	-1
NC_045512.2	27263	CT	C	N	gene-GU280_gp10	MODIFIER	upstream_gene_variant	transcript	TRANSCRIPT_gene-GU280_gp10	protein_coding	-1	c.-1010delT	.	-1	-1	-1	-1	-1	-1	1010	upstream_gene_variant	NONE	c.-1010delT	.	-1
NC_045512.2	27263	CT	C	ORF10	gene-GU280_gp11	MODIFIER	upstream_gene_variant	transcript	TRANSCRIPT_gene-GU280_gp11	protein_coding	-1	c.-2294delT	.	-1	-1	-1	-1	-1	-1	2294	upstream_gene_variant	NONE	c.-2294delT	.	-1
NC_045512.2	27263	CT	C	S	gene-GU280_gp02	MODIFIER	downstream_gene_variant	transcript	TRANSCRIPT_gene-GU280_gp02	protein_coding	-1	c.*1880delT	.	-1	-1	-1	-1	-1	-1	1880	downstream_gene_variant	NONE	c.*1880delT	.	-1
NC_045512.2	27263	CT	C	ORF3a	gene-GU280_gp03	MODIFIER	downstream_gene_variant	transcript	TRANSCRIPT_gene-GU280_gp03	protein_coding	-1	c.*1044delT	.	-1	-1	-1	-1	-1	-1	1044	downstream_gene_variant	NONE	c.*1044delT	.	-1
NC_045512.2	27263	CT	C	E	gene-GU280_gp04	MODIFIER	downstream_gene_variant	transcript	TRANSCRIPT_gene-GU280_gp04	protein_coding	-1	c.*792delT	.	-1	-1	-1	-1	-1	-1	792	downstream_gene_variant	NONE	c.*792delT	.	-1
NC_045512.2	27263	CT	C	M	gene-GU280_gp05	MODIFIER	downstream_gene_variant	transcript	TRANSCRIPT_gene-GU280_gp05	protein_coding	-1	c.*73delT	.	-1	-1	-1	-1	-1	-1	73	downstream_gene_variant	NONE	c.*73delT	.	-1
NC_045512.2	27264	T	C	ORF6	gene-GU280_gp06	LOW	synonymous_variant	transcript	TRANSCRIPT_gene-GU280_gp06	protein_coding	1	c.63T>C	p.Thr21Thr	63	186	63	186	21	61	0	synonymous_variant	NONE	c.63T>C	p.Thr21Thr	61
NC_045512.2	27264	T	C	ORF7a	gene-GU280_gp07	MODIFIER	upstream_gene_variant	transcript	TRANSCRIPT_gene-GU280_gp07	protein_coding	-1	c.-130T>C	.	-1	-1	-1	-1	-1	-1	130	upstream_gene_variant	NONE	c.-130T>C	.	-1
NC_045512.2	27264	T	C	ORF7b	gene-GU280_gp08	MODIFIER	upstream_gene_variant	transcript	TRANSCRIPT_gene-GU280_gp08	protein_coding	-1	c.-492T>C	.	-1	-1	-1	-1	-1	-1	492	upstream_gene_variant	NONE	c.-492T>C	.	-1
NC_045512.2	27264	T	C	ORF8	gene-GU280_gp09	MODIFIER	upstream_gene_variant	transcript	TRANSCRIPT_gene-GU280_gp09	protein_coding	-1	c.-630T>C	.	-1	-1	-1	-1	-1	-1	630	upstream_gene_variant	NONE	c.-630T>C	.	-1
NC_045512.2	27264	T	C	N	gene-GU280_gp10	MODIFIER	upstream_gene_variant	transcript	TRANSCRIPT_gene-GU280_gp10	protein_coding	-1	c.-1010T>C	.	-1	-1	-1	-1	-1	-1	1010	upstream_gene_variant	NONE	c.-1010T>C	.	-1
NC_045512.2	27264	T	C	ORF10	gene-GU280_gp11	MODIFIER	upstream_gene_variant	transcript	TRANSCRIPT_gene-GU280_gp11	protein_coding	-1	c.-2294T>C	.	-1	-1	-1	-1	-1	-1	2294	upstream_gene_variant	NONE	c.-2294T>C	.	-1
NC_045512.2	27264	T	C	S	gene-GU280_gp02	MODIFIER	downstream_gene_variant	transcript	TRANSCRIPT_gene-GU280_gp02	protein_coding	-1	c.*1880T>C	.	-1	-1	-1	-1	-1	-1	1880	downstream_gene_variant	NONE	c.*1880T>C	.	-1
NC_045512.2	27264	T	C	ORF3a	gene-GU280_gp03	MODIFIER	downstream_gene_variant	transcript	TRANSCRIPT_gene-GU280_gp03	protein_coding	-1	c.*1044T>C	.	-1	-1	-1	-1	-1	-1	1044	downstream_gene_variant	NONE	c.*1044T>C	.	-1
NC_045512.2	27264	T	C	E	gene-GU280_gp04	MODIFIER	downstream_gene_variant	transcript	TRANSCRIPT_gene-GU280_gp04	protein_coding	-1	c.*792T>C	.	-1	-1	-1	-1	-1	-1	792	downstream_gene_variant	NONE	c.*792T>C	.	-1
NC_045512.2	27264	T	C	M	gene-GU280_gp05	MODIFIER	downstream_gene_variant	transcript	TRANSCRIPT_gene-GU280_gp05	protein_coding	-1	c.*73T>C	.	-1	-1	-1	-1	-1	-1	73	downstream_gene_variant	NONE	c.*73T>C	.	-1
NC_045512.2	27269	A	G	ORF6	gene-GU280_gp06	MODERATE	missense_variant	transcript	TRANSCRIPT_gene-GU280_gp06	protein_coding	1	c.68A>G	p.Lys23Arg	68	186	68	186	23	61	0	missense_variant	NONE	c.68A>G	p.Lys23Arg	61
NC_045512.2	27269	A	G	ORF7a	gene-GU280_gp07	MODIFIER	upstream_gene_variant	transcript	TRANSCRIPT_gene-GU280_gp07	protein_coding	-1	c.-125A>G	.	-1	-1	-1	-1	-1	-1	125	upstream_gene_variant	NONE	c.-125A>G	.	-1
NC_045512.2	27269	A	G	ORF7b	gene-GU280_gp08	MODIFIER	upstream_gene_variant	transcript	TRANSCRIPT_gene-GU280_gp08	protein_coding	-1	c.-487A>G	.	-1	-1	-1	-1	-1	-1	487	upstream_gene_variant	NONE	c.-487A>G	.	-1
NC_045512.2	27269	A	G	ORF8	gene-GU280_gp09	MODIFIER	upstream_gene_variant	transcript	TRANSCRIPT_gene-GU280_gp09	protein_coding	-1	c.-625A>G	.	-1	-1	-1	-1	-1	-1	625	upstream_gene_variant	NONE	c.-625A>G	.	-1
NC_045512.2	27269	A	G	N	gene-GU280_gp10	MODIFIER	upstream_gene_variant	transcript	TRANSCRIPT_gene-GU280_gp10	protein_coding	-1	c.-1005A>G	.	-1	-1	-1	-1	-1	-1	1005	upstream_gene_variant	NONE	c.-1005A>G	.	-1
NC_045512.2	27269	A	G	ORF10	gene-GU280_gp11	MODIFIER	upstream_gene_variant	transcript	TRANSCRIPT_gene-GU280_gp11	protein_coding	-1	c.-2289A>G	.	-1	-1	-1	-1	-1	-1	2289	upstream_gene_variant	NONE	c.-2289A>G	.	-1
NC_045512.2	27269	A	G	S	gene-GU280_gp02	MODIFIER	downstream_gene_variant	transcript	TRANSCRIPT_gene-GU280_gp02	protein_coding	-1	c.*1885A>G	.	-1	-1	-1	-1	-1	-1	1885	downstream_gene_variant	NONE	c.*1885A>G	.	-1
NC_045512.2	27269	A	G	ORF3a	gene-GU280_gp03	MODIFIER	downstream_gene_variant	transcript	TRANSCRIPT_gene-GU280_gp03	protein_coding	-1	c.*1049A>G	.	-1	-1	-1	-1	-1	-1	1049	downstream_gene_variant	NONE	c.*1049A>G	.	-1
NC_045512.2	27269	A	G	E	gene-GU280_gp04	MODIFIER	downstream_gene_variant	transcript	TRANSCRIPT_gene-GU280_gp04	protein_coding	-1	c.*797A>G	.	-1	-1	-1	-1	-1	-1	797	downstream_gene_variant	NONE	c.*797A>G	.	-1
NC_045512.2	27269	A	G	M	gene-GU280_gp05	MODIFIER	downstream_gene_variant	transcript	TRANSCRIPT_gene-GU280_gp05	protein_coding	-1	c.*78A>G	.	-1	-1	-1	-1	-1	-1	78	downstream_gene_variant	NONE	c.*78A>G	.	-1
NC_045512.2	27271	G	A	ORF6	gene-GU280_gp06	MODERATE	missense_variant	transcript	TRANSCRIPT_gene-GU280_gp06	protein_coding	1	c.70G>A	p.Val24Ile	70	186	70	186	24	61	0	missense_variant	NONE	c.70G>A	p.Val24Ile	61
NC_045512.2	27271	G	A	ORF7a	gene-GU280_gp07	MODIFIER	upstream_gene_variant	transcript	TRANSCRIPT_gene-GU280_gp07	protein_coding	-1	c.-123G>A	.	-1	-1	-1	-1	-1	-1	123	upstream_gene_variant	NONE	c.-123G>A	.	-1
NC_045512.2	27271	G	A	ORF7b	gene-GU280_gp08	MODIFIER	upstream_gene_variant	transcript	TRANSCRIPT_gene-GU280_gp08	protein_coding	-1	c.-485G>A	.	-1	-1	-1	-1	-1	-1	485	upstream_gene_variant	NONE	c.-485G>A	.	-1
NC_045512.2	27271	G	A	ORF8	gene-GU280_gp09	MODIFIER	upstream_gene_variant	transcript	TRANSCRIPT_gene-GU280_gp09	protein_coding	-1	c.-623G>A	.	-1	-1	-1	-1	-1	-1	623	upstream_gene_variant	NONE	c.-623G>A	.	-1
NC_045512.2	27271	G	A	N	gene-GU280_gp10	MODIFIER	upstream_gene_variant	transcript	TRANSCRIPT_gene-GU280_gp10	protein_coding	-1	c.-1003G>A	.	-1	-1	-1	-1	-1	-1	1003	upstream_gene_variant	NONE	c.-1003G>A	.	-1
NC_045512.2	27271	G	A	ORF10	gene-GU280_gp11	MODIFIER	upstream_gene_variant	transcript	TRANSCRIPT_gene-GU280_gp11	protein_coding	-1	c.-2287G>A	.	-1	-1	-1	-1	-1	-1	2287	upstream_gene_variant	NONE	c.-2287G>A	.	-1
NC_045512.2	27271	G	A	S	gene-GU280_gp02	MODIFIER	downstream_gene_variant	transcript	TRANSCRIPT_gene-GU280_gp02	protein_coding	-1	c.*1887G>A	.	-1	-1	-1	-1	-1	-1	1887	downstream_gene_variant	NONE	c.*1887G>A	.	-1
NC_045512.2	27271	G	A	ORF3a	gene-GU280_gp03	MODIFIER	downstream_gene_variant	transcript	TRANSCRIPT_gene-GU280_gp03	protein_coding	-1	c.*1051G>A	.	-1	-1	-1	-1	-1	-1	1051	downstream_gene_variant	NONE	c.*1051G>A	.	-1
NC_045512.2	27271	G	A	E	gene-GU280_gp04	MODIFIER	downstream_gene_variant	transcript	TRANSCRIPT_gene-GU280_gp04	protein_coding	-1	c.*799G>A	.	-1	-1	-1	-1	-1	-1	799	downstream_gene_variant	NONE	c.*799G>A	.	-1
NC_045512.2	27271	G	A	M	gene-GU280_gp05	MODIFIER	downstream_gene_variant	transcript	TRANSCRIPT_gene-GU280_gp05	protein_coding	-1	c.*80G>A	.	-1	-1	-1	-1	-1	-1	80	downstream_gene_variant	NONE	c.*80G>A	.	-1
NC_045512.2	27282	GA	G	ORF6	gene-GU280_gp06	HIGH	frameshift_variant	transcript	TRANSCRIPT_gene-GU280_gp06	protein_coding	1	c.83delA	p.Asn28fs	83	186	83	186	28	61	0	frameshift_variant	NONE	c.83delA	p.Asn28fs	61
NC_045512.2	27282	GA	G	ORF7a	gene-GU280_gp07	MODIFIER	upstream_gene_variant	transcript	TRANSCRIPT_gene-GU280_gp07	protein_coding	-1	c.-111delA	.	-1	-1	-1	-1	-1	-1	111	upstream_gene_variant	NONE	c.-111delA	.	-1
NC_045512.2	27282	GA	G	ORF7b	gene-GU280_gp08	MODIFIER	upstream_gene_variant	transcript	TRANSCRIPT_gene-GU280_gp08	protein_coding	-1	c.-473delA	.	-1	-1	-1	-1	-1	-1	473	upstream_gene_variant	NONE	c.-473delA	.	-1
NC_045512.2	27282	GA	G	ORF8	gene-GU280_gp09	MODIFIER	upstream_gene_variant	transcript	TRANSCRIPT_gene-GU280_gp09	protein_coding	-1	c.-611delA	.	-1	-1	-1	-1	-1	-1	611	upstream_gene_variant	NONE	c.-611delA	.	-1
NC_045512.2	27282	GA	G	N	gene-GU280_gp10	MODIFIER	upstream_gene_variant	transcript	TRANSCRIPT_gene-GU280_gp10	protein_coding	-1	c.-991delA	.	-1	-1	-1	-1	-1	-1	991	upstream_gene_variant	NONE	c.-991delA	.	-1
NC_045512.2	27282	GA	G	ORF10	gene-GU280_gp11	MODIFIER	upstream_gene_variant	transcript	TRANSCRIPT_gene-GU280_gp11	protein_coding	-1	c.-2275delA	.	-1	-1	-1	-1	-1	-1	2275	upstream_gene_variant	NONE	c.-2275delA	.	-1
NC_045512.2	27282	GA	G	S	gene-GU280_gp02	MODIFIER	downstream_gene_variant	transcript	TRANSCRIPT_gene-GU280_gp02	protein_coding	-1	c.*1899delA	.	-1	-1	-1	-1	-1	-1	1899	downstream_gene_variant	NONE	c.*1899delA	.	-1
NC_045512.2	27282	GA	G	ORF3a	gene-GU280_gp03	MODIFIER	downstream_gene_variant	transcript	TRANSCRIPT_gene-GU280_gp03	protein_coding	-1	c.*1063delA	.	-1	-1	-1	-1	-1	-1	1063	downstream_gene_variant	NONE	c.*1063delA	.	-1
NC_045512.2	27282	GA	G	E	gene-GU280_gp04	MODIFIER	downstream_gene_variant	transcript	TRANSCRIPT_gene-GU280_gp04	protein_coding	-1	c.*811delA	.	-1	-1	-1	-1	-1	-1	811	downstream_gene_variant	NONE	c.*811delA	.	-1
NC_045512.2	27282	GA	G	M	gene-GU280_gp05	MODIFIER	downstream_gene_variant	transcript	TRANSCRIPT_gene-GU280_gp05	protein_coding	-1	c.*92delA	.	-1	-1	-1	-1	-1	-1	92	downstream_gene_variant	NONE	c.*92delA	.	-1
NC_045512.2	27381	TGA	T	ORF6	gene-GU280_gp06	HIGH	frameshift_variant	transcript	TRANSCRIPT_gene-GU280_gp06	protein_coding	1	c.181_182delGA	p.Asp61fs	181	186	181	186	61	61	0	frameshift_variant	NONE	c.181_182delGA	p.Asp61fs	61
NC_045512.2	27381	TGA	T	ORF7a	gene-GU280_gp07	MODIFIER	upstream_gene_variant	transcript	TRANSCRIPT_gene-GU280_gp07	protein_coding	-1	c.-12_-11delGA	.	-1	-1	-1	-1	-1	-1	12	upstream_gene_variant	NONE	c.-12_-11delGA	.	-1
NC_045512.2	27381	TGA	T	ORF7b	gene-GU280_gp08	MODIFIER	upstream_gene_variant	transcript	TRANSCRIPT_gene-GU280_gp08	protein_coding	-1	c.-374_-373delGA	.	-1	-1	-1	-1	-1	-1	374	upstream_gene_variant	NONE	c.-374_-373delGA	.	-1
NC_045512.2	27381	TGA	T	ORF8	gene-GU280_gp09	MODIFIER	upstream_gene_variant	transcript	TRANSCRIPT_gene-GU280_gp09	protein_coding	-1	c.-512_-511delGA	.	-1	-1	-1	-1	-1	-1	512	upstream_gene_variant	NONE	c.-512_-511delGA	.	-1
NC_045512.2	27381	TGA	T	N	gene-GU280_gp10	MODIFIER	upstream_gene_variant	transcript	TRANSCRIPT_gene-GU280_gp10	protein_coding	-1	c.-892_-891delGA	.	-1	-1	-1	-1	-1	-1	892	upstream_gene_variant	NONE	c.-892_-891delGA	.	-1
NC_045512.2	27381	TGA	T	ORF10	gene-GU280_gp11	MODIFIER	upstream_gene_variant	transcript	TRANSCRIPT_gene-GU280_gp11	protein_coding	-1	c.-2176_-2175delGA	.	-1	-1	-1	-1	-1	-1	2176	upstream_gene_variant	NONE	c.-2176_-2175delGA	.	-1
NC_045512.2	27381	TGA	T	S	gene-GU280_gp02	MODIFIER	downstream_gene_variant	transcript	TRANSCRIPT_gene-GU280_gp02	protein_coding	-1	c.*1998_*1999delGA	.	-1	-1	-1	-1	-1	-1	1998	downstream_gene_variant	NONE	c.*1998_*1999delGA	.	-1
NC_045512.2	27381	TGA	T	ORF3a	gene-GU280_gp03	MODIFIER	downstream_gene_variant	transcript	TRANSCRIPT_gene-GU280_gp03	protein_coding	-1	c.*1162_*1163delGA	.	-1	-1	-1	-1	-1	-1	1162	downstream_gene_variant	NONE	c.*1162_*1163delGA	.	-1
NC_045512.2	27381	TGA	T	E	gene-GU280_gp04	MODIFIER	downstream_gene_variant	transcript	TRANSCRIPT_gene-GU280_gp04	protein_coding	-1	c.*910_*911delGA	.	-1	-1	-1	-1	-1	-1	910	downstream_gene_variant	NONE	c.*910_*911delGA	.	-1
NC_045512.2	27381	TGA	T	M	gene-GU280_gp05	MODIFIER	downstream_gene_variant	transcript	TRANSCRIPT_gene-GU280_gp05	protein_coding	-1	c.*191_*192delGA	.	-1	-1	-1	-1	-1	-1	191	downstream_gene_variant	NONE	c.*191_*192delGA	.	-1
NC_045512.2	27964	C	T	ORF8	gene-GU280_gp09	MODERATE	missense_variant	transcript	TRANSCRIPT_gene-GU280_gp09	protein_coding	1	c.71C>T	p.Ser24Leu	71	366	71	366	24	121	0	missense_variant	NONE	c.71C>T	p.Ser24Leu	121
NC_045512.2	27964	C	T	N	gene-GU280_gp10	MODIFIER	upstream_gene_variant	transcript	TRANSCRIPT_gene-GU280_gp10	protein_coding	-1	c.-310C>T	.	-1	-1	-1	-1	-1	-1	310	upstream_gene_variant	NONE	c.-310C>T	.	-1
NC_045512.2	27964	C	T	ORF10	gene-GU280_gp11	MODIFIER	upstream_gene_variant	transcript	TRANSCRIPT_gene-GU280_gp11	protein_coding	-1	c.-1594C>T	.	-1	-1	-1	-1	-1	-1	1594	upstream_gene_variant	NONE	c.-1594C>T	.	-1
NC_045512.2	27964	C	T	S	gene-GU280_gp02	MODIFIER	downstream_gene_variant	transcript	TRANSCRIPT_gene-GU280_gp02	protein_coding	-1	c.*2580C>T	.	-1	-1	-1	-1	-1	-1	2580	downstream_gene_variant	NONE	c.*2580C>T	.	-1
NC_045512.2	27964	C	T	ORF3a	gene-GU280_gp03	MODIFIER	downstream_gene_variant	transcript	TRANSCRIPT_gene-GU280_gp03	protein_coding	-1	c.*1744C>T	.	-1	-1	-1	-1	-1	-1	1744	downstream_gene_variant	NONE	c.*1744C>T	.	-1
NC_045512.2	27964	C	T	E	gene-GU280_gp04	MODIFIER	downstream_gene_variant	transcript	TRANSCRIPT_gene-GU280_gp04	protein_coding	-1	c.*1492C>T	.	-1	-1	-1	-1	-1	-1	1492	downstream_gene_variant	NONE	c.*1492C>T	.	-1
NC_045512.2	27964	C	T	M	gene-GU280_gp05	MODIFIER	downstream_gene_variant	transcript	TRANSCRIPT_gene-GU280_gp05	protein_coding	-1	c.*773C>T	.	-1	-1	-1	-1	-1	-1	773	downstream_gene_variant	NONE	c.*773C>T	.	-1
NC_045512.2	27964	C	T	ORF6	gene-GU280_gp06	MODIFIER	downstream_gene_variant	transcript	TRANSCRIPT_gene-GU280_gp06	protein_coding	-1	c.*577C>T	.	-1	-1	-1	-1	-1	-1	577	downstream_gene_variant	NONE	c.*577C>T	.	-1
NC_045512.2	27964	C	T	ORF7a	gene-GU280_gp07	MODIFIER	downstream_gene_variant	transcript	TRANSCRIPT_gene-GU280_gp07	protein_coding	-1	c.*205C>T	.	-1	-1	-1	-1	-1	-1	205	downstream_gene_variant	NONE	c.*205C>T	.	-1
NC_045512.2	27964	C	T	ORF7b	gene-GU280_gp08	MODIFIER	downstream_gene_variant	transcript	TRANSCRIPT_gene-GU280_gp08	protein_coding	-1	c.*77C>T	.	-1	-1	-1	-1	-1	-1	77	downstream_gene_variant	NONE	c.*77C>T	.	-1
NC_045512.2	28214	C	CT	ORF8	gene-GU280_gp09	HIGH	frameshift_variant	transcript	TRANSCRIPT_gene-GU280_gp09	protein_coding	1	c.326dupT	p.Leu109fs	327	366	327	366	109	121	0	frameshift_variant	NONE	c.326dupT	p.Leu109fs	121
NC_045512.2	28214	C	CT	N	gene-GU280_gp10	MODIFIER	upstream_gene_variant	transcript	TRANSCRIPT_gene-GU280_gp10	protein_coding	-1	c.-60_-59insT	.	-1	-1	-1	-1	-1	-1	59	upstream_gene_variant	NONE	c.-60_-59insT	.	-1
NC_045512.2	28214	C	CT	ORF10	gene-GU280_gp11	MODIFIER	upstream_gene_variant	transcript	TRANSCRIPT_gene-GU280_gp11	protein_coding	-1	c.-1344_-1343insT	.	-1	-1	-1	-1	-1	-1	1343	upstream_gene_variant	NONE	c.-1344_-1343insT	.	-1
NC_045512.2	28214	C	CT	S	gene-GU280_gp02	MODIFIER	downstream_gene_variant	transcript	TRANSCRIPT_gene-GU280_gp02	protein_coding	-1	c.*2830_*2831insT	.	-1	-1	-1	-1	-1	-1	2831	downstream_gene_variant	NONE	c.*2830_*2831insT	.	-1
NC_045512.2	28214	C	CT	ORF3a	gene-GU280_gp03	MODIFIER	downstream_gene_variant	transcript	TRANSCRIPT_gene-GU280_gp03	protein_coding	-1	c.*1994_*1995insT	.	-1	-1	-1	-1	-1	-1	1995	downstream_gene_variant	NONE	c.*1994_*1995insT	.	-1
NC_045512.2	28214	C	CT	E	gene-GU280_gp04	MODIFIER	downstream_gene_variant	transcript	TRANSCRIPT_gene-GU280_gp04	protein_coding	-1	c.*1742_*1743insT	.	-1	-1	-1	-1	-1	-1	1743	downstream_gene_variant	NONE	c.*1742_*1743insT	.	-1
NC_045512.2	28214	C	CT	M	gene-GU280_gp05	MODIFIER	downstream_gene_variant	transcript	TRANSCRIPT_gene-GU280_gp05	protein_coding	-1	c.*1023_*1024insT	.	-1	-1	-1	-1	-1	-1	1024	downstream_gene_variant	NONE	c.*1023_*1024insT	.	-1
NC_045512.2	28214	C	CT	ORF6	gene-GU280_gp06	MODIFIER	downstream_gene_variant	transcript	TRANSCRIPT_gene-GU280_gp06	protein_coding	-1	c.*827_*828insT	.	-1	-1	-1	-1	-1	-1	828	downstream_gene_variant	NONE	c.*827_*828insT	.	-1
NC_045512.2	28214	C	CT	ORF7a	gene-GU280_gp07	MODIFIER	downstream_gene_variant	transcript	TRANSCRIPT_gene-GU280_gp07	protein_coding	-1	c.*455_*456insT	.	-1	-1	-1	-1	-1	-1	456	downstream_gene_variant	NONE	c.*455_*456insT	.	-1
NC_045512.2	28214	C	CT	ORF7b	gene-GU280_gp08	MODIFIER	downstream_gene_variant	transcript	TRANSCRIPT_gene-GU280_gp08	protein_coding	-1	c.*327_*328insT	.	-1	-1	-1	-1	-1	-1	328	downstream_gene_variant	NONE	c.*327_*328insT	.	-1
NC_045512.2	28472	C	T	N	gene-GU280_gp10	MODERATE	missense_variant	transcript	TRANSCRIPT_gene-GU280_gp10	protein_coding	1	c.199C>T	p.Pro67Ser	199	1260	199	1260	67	419	0	missense_variant	NONE	c.199C>T	p.Pro67Ser	419
NC_045512.2	28472	C	T	ORF10	gene-GU280_gp11	MODIFIER	upstream_gene_variant	transcript	TRANSCRIPT_gene-GU280_gp11	protein_coding	-1	c.-1086C>T	.	-1	-1	-1	-1	-1	-1	1086	upstream_gene_variant	NONE	c.-1086C>T	.	-1
NC_045512.2	28472	C	T	S	gene-GU280_gp02	MODIFIER	downstream_gene_variant	transcript	TRANSCRIPT_gene-GU280_gp02	protein_coding	-1	c.*3088C>T	.	-1	-1	-1	-1	-1	-1	3088	downstream_gene_variant	NONE	c.*3088C>T	.	-1
NC_045512.2	28472	C	T	ORF3a	gene-GU280_gp03	MODIFIER	downstream_gene_variant	transcript	TRANSCRIPT_gene-GU280_gp03	protein_coding	-1	c.*2252C>T	.	-1	-1	-1	-1	-1	-1	2252	downstream_gene_variant	NONE	c.*2252C>T	.	-1
NC_045512.2	28472	C	T	E	gene-GU280_gp04	MODIFIER	downstream_gene_variant	transcript	TRANSCRIPT_gene-GU280_gp04	protein_coding	-1	c.*2000C>T	.	-1	-1	-1	-1	-1	-1	2000	downstream_gene_variant	NONE	c.*2000C>T	.	-1
NC_045512.2	28472	C	T	M	gene-GU280_gp05	MODIFIER	downstream_gene_variant	transcript	TRANSCRIPT_gene-GU280_gp05	protein_coding	-1	c.*1281C>T	.	-1	-1	-1	-1	-1	-1	1281	downstream_gene_variant	NONE	c.*1281C>T	.	-1
NC_045512.2	28472	C	T	ORF6	gene-GU280_gp06	MODIFIER	downstream_gene_variant	transcript	TRANSCRIPT_gene-GU280_gp06	protein_coding	-1	c.*1085C>T	.	-1	-1	-1	-1	-1	-1	1085	downstream_gene_variant	NONE	c.*1085C>T	.	-1
NC_045512.2	28472	C	T	ORF7a	gene-GU280_gp07	MODIFIER	downstream_gene_variant	transcript	TRANSCRIPT_gene-GU280_gp07	protein_coding	-1	c.*713C>T	.	-1	-1	-1	-1	-1	-1	713	downstream_gene_variant	NONE	c.*713C>T	.	-1
NC_045512.2	28472	C	T	ORF7b	gene-GU280_gp08	MODIFIER	downstream_gene_variant	transcript	TRANSCRIPT_gene-GU280_gp08	protein_coding	-1	c.*585C>T	.	-1	-1	-1	-1	-1	-1	585	downstream_gene_variant	NONE	c.*585C>T	.	-1
NC_045512.2	28472	C	T	ORF8	gene-GU280_gp09	MODIFIER	downstream_gene_variant	transcript	TRANSCRIPT_gene-GU280_gp09	protein_coding	-1	c.*213C>T	.	-1	-1	-1	-1	-1	-1	213	downstream_gene_variant	NONE	c.*213C>T	.	-1
NC_045512.2	28869	C	T	N	gene-GU280_gp10	MODERATE	missense_variant	transcript	TRANSCRIPT_gene-GU280_gp10	protein_coding	1	c.596C>T	p.Pro199Leu	596	1260	596	1260	199	419	0	missense_variant	NONE	c.596C>T	p.Pro199Leu	419
NC_045512.2	28869	C	T	ORF10	gene-GU280_gp11	MODIFIER	upstream_gene_variant	transcript	TRANSCRIPT_gene-GU280_gp11	protein_coding	-1	c.-689C>T	.	-1	-1	-1	-1	-1	-1	689	upstream_gene_variant	NONE	c.-689C>T	.	-1
NC_045512.2	28869	C	T	S	gene-GU280_gp02	MODIFIER	downstream_gene_variant	transcript	TRANSCRIPT_gene-GU280_gp02	protein_coding	-1	c.*3485C>T	.	-1	-1	-1	-1	-1	-1	3485	downstream_gene_variant	NONE	c.*3485C>T	.	-1
NC_045512.2	28869	C	T	ORF3a	gene-GU280_gp03	MODIFIER	downstream_gene_variant	transcript	TRANSCRIPT_gene-GU280_gp03	protein_coding	-1	c.*2649C>T	.	-1	-1	-1	-1	-1	-1	2649	downstream_gene_variant	NONE	c.*2649C>T	.	-1
NC_045512.2	28869	C	T	E	gene-GU280_gp04	MODIFIER	downstream_gene_variant	transcript	TRANSCRIPT_gene-GU280_gp04	protein_coding	-1	c.*2397C>T	.	-1	-1	-1	-1	-1	-1	2397	downstream_gene_variant	NONE	c.*2397C>T	.	-1
NC_045512.2	28869	C	T	M	gene-GU280_gp05	MODIFIER	downstream_gene_variant	transcript	TRANSCRIPT_gene-GU280_gp05	protein_coding	-1	c.*1678C>T	.	-1	-1	-1	-1	-1	-1	1678	downstream_gene_variant	NONE	c.*1678C>T	.	-1
NC_045512.2	28869	C	T	ORF6	gene-GU280_gp06	MODIFIER	downstream_gene_variant	transcript	TRANSCRIPT_gene-GU280_gp06	protein_coding	-1	c.*1482C>T	.	-1	-1	-1	-1	-1	-1	1482	downstream_gene_variant	NONE	c.*1482C>T	.	-1
NC_045512.2	28869	C	T	ORF7a	gene-GU280_gp07	MODIFIER	downstream_gene_variant	transcript	TRANSCRIPT_gene-GU280_gp07	protein_coding	-1	c.*1110C>T	.	-1	-1	-1	-1	-1	-1	1110	downstream_gene_variant	NONE	c.*1110C>T	.	-1
NC_045512.2	28869	C	T	ORF7b	gene-GU280_gp08	MODIFIER	downstream_gene_variant	transcript	TRANSCRIPT_gene-GU280_gp08	protein_coding	-1	c.*982C>T	.	-1	-1	-1	-1	-1	-1	982	downstream_gene_variant	NONE	c.*982C>T	.	-1
NC_045512.2	28869	C	T	ORF8	gene-GU280_gp09	MODIFIER	downstream_gene_variant	transcript	TRANSCRIPT_gene-GU280_gp09	protein_coding	-1	c.*610C>T	.	-1	-1	-1	-1	-1	-1	610	downstream_gene_variant	NONE	c.*610C>T	.	-1
NC_045512.2	29051	C	CA	N	gene-GU280_gp10	HIGH	frameshift_variant	transcript	TRANSCRIPT_gene-GU280_gp10	protein_coding	1	c.783dupA	p.Arg262fs	784	1260	784	1260	262	419	0	frameshift_variant	NONE	c.783dupA	p.Arg262fs	419
NC_045512.2	29051	C	CA	ORF10	gene-GU280_gp11	MODIFIER	upstream_gene_variant	transcript	TRANSCRIPT_gene-GU280_gp11	protein_coding	-1	c.-507_-506insA	.	-1	-1	-1	-1	-1	-1	506	upstream_gene_variant	NONE	c.-507_-506insA	.	-1
NC_045512.2	29051	C	CA	S	gene-GU280_gp02	MODIFIER	downstream_gene_variant	transcript	TRANSCRIPT_gene-GU280_gp02	protein_coding	-1	c.*3667_*3668insA	.	-1	-1	-1	-1	-1	-1	3668	downstream_gene_variant	NONE	c.*3667_*3668insA	.	-1
NC_045512.2	29051	C	CA	ORF3a	gene-GU280_gp03	MODIFIER	downstream_gene_variant	transcript	TRANSCRIPT_gene-GU280_gp03	protein_coding	-1	c.*2831_*2832insA	.	-1	-1	-1	-1	-1	-1	2832	downstream_gene_variant	NONE	c.*2831_*2832insA	.	-1
NC_045512.2	29051	C	CA	E	gene-GU280_gp04	MODIFIER	downstream_gene_variant	transcript	TRANSCRIPT_gene-GU280_gp04	protein_coding	-1	c.*2579_*2580insA	.	-1	-1	-1	-1	-1	-1	2580	downstream_gene_variant	NONE	c.*2579_*2580insA	.	-1
NC_045512.2	29051	C	CA	M	gene-GU280_gp05	MODIFIER	downstream_gene_variant	transcript	TRANSCRIPT_gene-GU280_gp05	protein_coding	-1	c.*1860_*1861insA	.	-1	-1	-1	-1	-1	-1	1861	downstream_gene_variant	NONE	c.*1860_*1861insA	.	-1
NC_045512.2	29051	C	CA	ORF6	gene-GU280_gp06	MODIFIER	downstream_gene_variant	transcript	TRANSCRIPT_gene-GU280_gp06	protein_coding	-1	c.*1664_*1665insA	.	-1	-1	-1	-1	-1	-1	1665	downstream_gene_variant	NONE	c.*1664_*1665insA	.	-1
NC_045512.2	29051	C	CA	ORF7a	gene-GU280_gp07	MODIFIER	downstream_gene_variant	transcript	TRANSCRIPT_gene-GU280_gp07	protein_coding	-1	c.*1292_*1293insA	.	-1	-1	-1	-1	-1	-1	1293	downstream_gene_variant	NONE	c.*1292_*1293insA	.	-1
NC_045512.2	29051	C	CA	ORF7b	gene-GU280_gp08	MODIFIER	downstream_gene_variant	transcript	TRANSCRIPT_gene-GU280_gp08	protein_coding	-1	c.*1164_*1165insA	.	-1	-1	-1	-1	-1	-1	1165	downstream_gene_variant	NONE	c.*1164_*1165insA	.	-1
NC_045512.2	29051	C	CA	ORF8	gene-GU280_gp09	MODIFIER	downstream_gene_variant	transcript	TRANSCRIPT_gene-GU280_gp09	protein_coding	-1	c.*792_*793insA	.	-1	-1	-1	-1	-1	-1	793	downstream_gene_variant	NONE	c.*792_*793insA	.	-1
NC_045512.2	29187	C	T	N	gene-GU280_gp10	MODERATE	missense_variant	transcript	TRANSCRIPT_gene-GU280_gp10	protein_coding	1	c.914C>T	p.Ala305Val	914	1260	914	1260	305	419	0	missense_variant	NONE	c.914C>T	p.Ala305Val	419
NC_045512.2	29187	C	T	ORF10	gene-GU280_gp11	MODIFIER	upstream_gene_variant	transcript	TRANSCRIPT_gene-GU280_gp11	protein_coding	-1	c.-371C>T	.	-1	-1	-1	-1	-1	-1	371	upstream_gene_variant	NONE	c.-371C>T	.	-1
NC_045512.2	29187	C	T	S	gene-GU280_gp02	MODIFIER	downstream_gene_variant	transcript	TRANSCRIPT_gene-GU280_gp02	protein_coding	-1	c.*3803C>T	.	-1	-1	-1	-1	-1	-1	3803	downstream_gene_variant	NONE	c.*3803C>T	.	-1
NC_045512.2	29187	C	T	ORF3a	gene-GU280_gp03	MODIFIER	downstream_gene_variant	transcript	TRANSCRIPT_gene-GU280_gp03	protein_coding	-1	c.*2967C>T	.	-1	-1	-1	-1	-1	-1	2967	downstream_gene_variant	NONE	c.*2967C>T	.	-1
NC_045512.2	29187	C	T	E	gene-GU280_gp04	MODIFIER	downstream_gene_variant	transcript	TRANSCRIPT_gene-GU280_gp04	protein_coding	-1	c.*2715C>T	.	-1	-1	-1	-1	-1	-1	2715	downstream_gene_variant	NONE	c.*2715C>T	.	-1
NC_045512.2	29187	C	T	M	gene-GU280_gp05	MODIFIER	downstream_gene_variant	transcript	TRANSCRIPT_gene-GU280_gp05	protein_coding	-1	c.*1996C>T	.	-1	-1	-1	-1	-1	-1	1996	downstream_gene_variant	NONE	c.*1996C>T	.	-1
NC_045512.2	29187	C	T	ORF6	gene-GU280_gp06	MODIFIER	downstream_gene_variant	transcript	TRANSCRIPT_gene-GU280_gp06	protein_coding	-1	c.*1800C>T	.	-1	-1	-1	-1	-1	-1	1800	downstream_gene_variant	NONE	c.*1800C>T	.	-1
NC_045512.2	29187	C	T	ORF7a	gene-GU280_gp07	MODIFIER	downstream_gene_variant	transcript	TRANSCRIPT_gene-GU280_gp07	protein_coding	-1	c.*1428C>T	.	-1	-1	-1	-1	-1	-1	1428	downstream_gene_variant	NONE	c.*1428C>T	.	-1
NC_045512.2	29187	C	T	ORF7b	gene-GU280_gp08	MODIFIER	downstream_gene_variant	transcript	TRANSCRIPT_gene-GU280_gp08	protein_coding	-1	c.*1300C>T	.	-1	-1	-1	-1	-1	-1	1300	downstream_gene_variant	NONE	c.*1300C>T	.	-1
NC_045512.2	29187	C	T	ORF8	gene-GU280_gp09	MODIFIER	downstream_gene_variant	transcript	TRANSCRIPT_gene-GU280_gp09	protein_coding	-1	c.*928C>T	.	-1	-1	-1	-1	-1	-1	928	downstream_gene_variant	NONE	c.*928C>T	.	-1
NC_045512.2	29188	A	G	N	gene-GU280_gp10	LOW	synonymous_variant	transcript	TRANSCRIPT_gene-GU280_gp10	protein_coding	1	c.915A>G	p.Ala305Ala	915	1260	915	1260	305	419	0	synonymous_variant	NONE	c.915A>G	p.Ala305Ala	419
NC_045512.2	29188	A	G	ORF10	gene-GU280_gp11	MODIFIER	upstream_gene_variant	transcript	TRANSCRIPT_gene-GU280_gp11	protein_coding	-1	c.-370A>G	.	-1	-1	-1	-1	-1	-1	370	upstream_gene_variant	NONE	c.-370A>G	.	-1
NC_045512.2	29188	A	G	S	gene-GU280_gp02	MODIFIER	downstream_gene_variant	transcript	TRANSCRIPT_gene-GU280_gp02	protein_coding	-1	c.*3804A>G	.	-1	-1	-1	-1	-1	-1	3804	downstream_gene_variant	NONE	c.*3804A>G	.	-1
NC_045512.2	29188	A	G	ORF3a	gene-GU280_gp03	MODIFIER	downstream_gene_variant	transcript	TRANSCRIPT_gene-GU280_gp03	protein_coding	-1	c.*2968A>G	.	-1	-1	-1	-1	-1	-1	2968	downstream_gene_variant	NONE	c.*2968A>G	.	-1
NC_045512.2	29188	A	G	E	gene-GU280_gp04	MODIFIER	downstream_gene_variant	transcript	TRANSCRIPT_gene-GU280_gp04	protein_coding	-1	c.*2716A>G	.	-1	-1	-1	-1	-1	-1	2716	downstream_gene_variant	NONE	c.*2716A>G	.	-1
NC_045512.2	29188	A	G	M	gene-GU280_gp05	MODIFIER	downstream_gene_variant	transcript	TRANSCRIPT_gene-GU280_gp05	protein_coding	-1	c.*1997A>G	.	-1	-1	-1	-1	-1	-1	1997	downstream_gene_variant	NONE	c.*1997A>G	.	-1
NC_045512.2	29188	A	G	ORF6	gene-GU280_gp06	MODIFIER	downstream_gene_variant	transcript	TRANSCRIPT_gene-GU280_gp06	protein_coding	-1	c.*1801A>G	.	-1	-1	-1	-1	-1	-1	1801	downstream_gene_variant	NONE	c.*1801A>G	.	-1
NC_045512.2	29188	A	G	ORF7a	gene-GU280_gp07	MODIFIER	downstream_gene_variant	transcript	TRANSCRIPT_gene-GU280_gp07	protein_coding	-1	c.*1429A>G	.	-1	-1	-1	-1	-1	-1	1429	downstream_gene_variant	NONE	c.*1429A>G	.	-1
NC_045512.2	29188	A	G	ORF7b	gene-GU280_gp08	MODIFIER	downstream_gene_variant	transcript	TRANSCRIPT_gene-GU280_gp08	protein_coding	-1	c.*1301A>G	.	-1	-1	-1	-1	-1	-1	1301	downstream_gene_variant	NONE	c.*1301A>G	.	-1
NC_045512.2	29188	A	G	ORF8	gene-GU280_gp09	MODIFIER	downstream_gene_variant	transcript	TRANSCRIPT_gene-GU280_gp09	protein_coding	-1	c.*929A>G	.	-1	-1	-1	-1	-1	-1	929	downstream_gene_variant	NONE	c.*929A>G	.	-1
NC_045512.2	29402	G	T	N	gene-GU280_gp10	MODERATE	missense_variant	transcript	TRANSCRIPT_gene-GU280_gp10	protein_coding	1	c.1129G>T	p.Asp377Tyr	1129	1260	1129	1260	377	419	0	missense_variant	NONE	c.1129G>T	p.Asp377Tyr	419
NC_045512.2	29402	G	T	ORF10	gene-GU280_gp11	MODIFIER	upstream_gene_variant	transcript	TRANSCRIPT_gene-GU280_gp11	protein_coding	-1	c.-156G>T	.	-1	-1	-1	-1	-1	-1	156	upstream_gene_variant	NONE	c.-156G>T	.	-1
NC_045512.2	29402	G	T	S	gene-GU280_gp02	MODIFIER	downstream_gene_variant	transcript	TRANSCRIPT_gene-GU280_gp02	protein_coding	-1	c.*4018G>T	.	-1	-1	-1	-1	-1	-1	4018	downstream_gene_variant	NONE	c.*4018G>T	.	-1
NC_045512.2	29402	G	T	ORF3a	gene-GU280_gp03	MODIFIER	downstream_gene_variant	transcript	TRANSCRIPT_gene-GU280_gp03	protein_coding	-1	c.*3182G>T	.	-1	-1	-1	-1	-1	-1	3182	downstream_gene_variant	NONE	c.*3182G>T	.	-1
NC_045512.2	29402	G	T	E	gene-GU280_gp04	MODIFIER	downstream_gene_variant	transcript	TRANSCRIPT_gene-GU280_gp04	protein_coding	-1	c.*2930G>T	.	-1	-1	-1	-1	-1	-1	2930	downstream_gene_variant	NONE	c.*2930G>T	.	-1
NC_045512.2	29402	G	T	M	gene-GU280_gp05	MODIFIER	downstream_gene_variant	transcript	TRANSCRIPT_gene-GU280_gp05	protein_coding	-1	c.*2211G>T	.	-1	-1	-1	-1	-1	-1	2211	downstream_gene_variant	NONE	c.*2211G>T	.	-1
NC_045512.2	29402	G	T	ORF6	gene-GU280_gp06	MODIFIER	downstream_gene_variant	transcript	TRANSCRIPT_gene-GU280_gp06	protein_coding	-1	c.*2015G>T	.	-1	-1	-1	-1	-1	-1	2015	downstream_gene_variant	NONE	c.*2015G>T	.	-1
NC_045512.2	29402	G	T	ORF7a	gene-GU280_gp07	MODIFIER	downstream_gene_variant	transcript	TRANSCRIPT_gene-GU280_gp07	protein_coding	-1	c.*1643G>T	.	-1	-1	-1	-1	-1	-1	1643	downstream_gene_variant	NONE	c.*1643G>T	.	-1
NC_045512.2	29402	G	T	ORF7b	gene-GU280_gp08	MODIFIER	downstream_gene_variant	transcript	TRANSCRIPT_gene-GU280_gp08	protein_coding	-1	c.*1515G>T	.	-1	-1	-1	-1	-1	-1	1515	downstream_gene_variant	NONE	c.*1515G>T	.	-1
NC_045512.2	29402	G	T	ORF8	gene-GU280_gp09	MODIFIER	downstream_gene_variant	transcript	TRANSCRIPT_gene-GU280_gp09	protein_coding	-1	c.*1143G>T	.	-1	-1	-1	-1	-1	-1	1143	downstream_gene_variant	NONE	c.*1143G>T	.	-1
NC_045512.2	29581	T	C	ORF10	gene-GU280_gp11	LOW	synonymous_variant	transcript	TRANSCRIPT_gene-GU280_gp11	protein_coding	1	c.24T>C	p.Ala8Ala	24	117	24	117	8	38	0	synonymous_variant	NONE	c.24T>C	p.Ala8Ala	38
NC_045512.2	29581	T	C	S	gene-GU280_gp02	MODIFIER	downstream_gene_variant	transcript	TRANSCRIPT_gene-GU280_gp02	protein_coding	-1	c.*4197T>C	.	-1	-1	-1	-1	-1	-1	4197	downstream_gene_variant	NONE	c.*4197T>C	.	-1
NC_045512.2	29581	T	C	ORF3a	gene-GU280_gp03	MODIFIER	downstream_gene_variant	transcript	TRANSCRIPT_gene-GU280_gp03	protein_coding	-1	c.*3361T>C	.	-1	-1	-1	-1	-1	-1	3361	downstream_gene_variant	NONE	c.*3361T>C	.	-1
NC_045512.2	29581	T	C	E	gene-GU280_gp04	MODIFIER	downstream_gene_variant	transcript	TRANSCRIPT_gene-GU280_gp04	protein_coding	-1	c.*3109T>C	.	-1	-1	-1	-1	-1	-1	3109	downstream_gene_variant	NONE	c.*3109T>C	.	-1
NC_045512.2	29581	T	C	M	gene-GU280_gp05	MODIFIER	downstream_gene_variant	transcript	TRANSCRIPT_gene-GU280_gp05	protein_coding	-1	c.*2390T>C	.	-1	-1	-1	-1	-1	-1	2390	downstream_gene_variant	NONE	c.*2390T>C	.	-1
NC_045512.2	29581	T	C	ORF6	gene-GU280_gp06	MODIFIER	downstream_gene_variant	transcript	TRANSCRIPT_gene-GU280_gp06	protein_coding	-1	c.*2194T>C	.	-1	-1	-1	-1	-1	-1	2194	downstream_gene_variant	NONE	c.*2194T>C	.	-1
NC_045512.2	29581	T	C	ORF7a	gene-GU280_gp07	MODIFIER	downstream_gene_variant	transcript	TRANSCRIPT_gene-GU280_gp07	protein_coding	-1	c.*1822T>C	.	-1	-1	-1	-1	-1	-1	1822	downstream_gene_variant	NONE	c.*1822T>C	.	-1
NC_045512.2	29581	T	C	ORF7b	gene-GU280_gp08	MODIFIER	downstream_gene_variant	transcript	TRANSCRIPT_gene-GU280_gp08	protein_coding	-1	c.*1694T>C	.	-1	-1	-1	-1	-1	-1	1694	downstream_gene_variant	NONE	c.*1694T>C	.	-1
NC_045512.2	29581	T	C	ORF8	gene-GU280_gp09	MODIFIER	downstream_gene_variant	transcript	TRANSCRIPT_gene-GU280_gp09	protein_coding	-1	c.*1322T>C	.	-1	-1	-1	-1	-1	-1	1322	downstream_gene_variant	NONE	c.*1322T>C	.	-1
NC_045512.2	29581	T	C	N	gene-GU280_gp10	MODIFIER	downstream_gene_variant	transcript	TRANSCRIPT_gene-GU280_gp10	protein_coding	-1	c.*48T>C	.	-1	-1	-1	-1	-1	-1	48	downstream_gene_variant	NONE	c.*48T>C	.	-1
NC_045512.2	29683	A	G	S	gene-GU280_gp02	MODIFIER	downstream_gene_variant	transcript	TRANSCRIPT_gene-GU280_gp02	protein_coding	-1	c.*4299A>G	.	-1	-1	-1	-1	-1	-1	4299	downstream_gene_variant	NONE	c.*4299A>G	.	-1
NC_045512.2	29683	A	G	ORF3a	gene-GU280_gp03	MODIFIER	downstream_gene_variant	transcript	TRANSCRIPT_gene-GU280_gp03	protein_coding	-1	c.*3463A>G	.	-1	-1	-1	-1	-1	-1	3463	downstream_gene_variant	NONE	c.*3463A>G	.	-1
NC_045512.2	29683	A	G	E	gene-GU280_gp04	MODIFIER	downstream_gene_variant	transcript	TRANSCRIPT_gene-GU280_gp04	protein_coding	-1	c.*3211A>G	.	-1	-1	-1	-1	-1	-1	3211	downstream_gene_variant	NONE	c.*3211A>G	.	-1
NC_045512.2	29683	A	G	M	gene-GU280_gp05	MODIFIER	downstream_gene_variant	transcript	TRANSCRIPT_gene-GU280_gp05	protein_coding	-1	c.*2492A>G	.	-1	-1	-1	-1	-1	-1	2492	downstream_gene_variant	NONE	c.*2492A>G	.	-1
NC_045512.2	29683	A	G	ORF6	gene-GU280_gp06	MODIFIER	downstream_gene_variant	transcript	TRANSCRIPT_gene-GU280_gp06	protein_coding	-1	c.*2296A>G	.	-1	-1	-1	-1	-1	-1	2296	downstream_gene_variant	NONE	c.*2296A>G	.	-1
NC_045512.2	29683	A	G	ORF7a	gene-GU280_gp07	MODIFIER	downstream_gene_variant	transcript	TRANSCRIPT_gene-GU280_gp07	protein_coding	-1	c.*1924A>G	.	-1	-1	-1	-1	-1	-1	1924	downstream_gene_variant	NONE	c.*1924A>G	.	-1
NC_045512.2	29683	A	G	ORF7b	gene-GU280_gp08	MODIFIER	downstream_gene_variant	transcript	TRANSCRIPT_gene-GU280_gp08	protein_coding	-1	c.*1796A>G	.	-1	-1	-1	-1	-1	-1	1796	downstream_gene_variant	NONE	c.*1796A>G	.	-1
NC_045512.2	29683	A	G	ORF8	gene-GU280_gp09	MODIFIER	downstream_gene_variant	transcript	TRANSCRIPT_gene-GU280_gp09	protein_coding	-1	c.*1424A>G	.	-1	-1	-1	-1	-1	-1	1424	downstream_gene_variant	NONE	c.*1424A>G	.	-1
NC_045512.2	29683	A	G	N	gene-GU280_gp10	MODIFIER	downstream_gene_variant	transcript	TRANSCRIPT_gene-GU280_gp10	protein_coding	-1	c.*150A>G	.	-1	-1	-1	-1	-1	-1	150	downstream_gene_variant	NONE	c.*150A>G	.	-1
NC_045512.2	29683	A	G	ORF10	gene-GU280_gp11	MODIFIER	downstream_gene_variant	transcript	TRANSCRIPT_gene-GU280_gp11	protein_coding	-1	c.*9A>G	.	-1	-1	-1	-1	-1	-1	9	downstream_gene_variant	NONE	c.*9A>G	.	-1
NC_045512.2	29683	A	G	ORF10-CHR_END	gene-GU280_gp11-CHR_END	MODIFIER	intergenic_region	intergenic_region	gene-GU280_gp11-CHR_END	.	-1	n.29683A>G	.	-1	-1	-1	-1	-1	-1	0	intergenic_region	NONE	n.29683A>G	.	-1
NC_045512.2	29749	ACGATCGAGTGTACAGTG	A	S	gene-GU280_gp02	MODIFIER	downstream_gene_variant	transcript	TRANSCRIPT_gene-GU280_gp02	protein_coding	-1	c.*4366_*4382delCGATCGAGTGTACAGTG	.	-1	-1	-1	-1	-1	-1	4366	downstream_gene_variant	NONE	c.*4366_*4382delCGATCGAGTGTACAGTG	.	-1
NC_045512.2	29749	ACGATCGAGTGTACAGTG	A	ORF3a	gene-GU280_gp03	MODIFIER	downstream_gene_variant	transcript	TRANSCRIPT_gene-GU280_gp03	protein_coding	-1	c.*3530_*3546delCGATCGAGTGTACAGTG	.	-1	-1	-1	-1	-1	-1	3530	downstream_gene_variant	NONE	c.*3530_*3546delCGATCGAGTGTACAGTG	.	-1
NC_045512.2	29749	ACGATCGAGTGTACAGTG	A	E	gene-GU280_gp04	MODIFIER	downstream_gene_variant	transcript	TRANSCRIPT_gene-GU280_gp04	protein_coding	-1	c.*3278_*3294delCGATCGAGTGTACAGTG	.	-1	-1	-1	-1	-1	-1	3278	downstream_gene_variant	NONE	c.*3278_*3294delCGATCGAGTGTACAGTG	.	-1
NC_045512.2	29749	ACGATCGAGTGTACAGTG	A	M	gene-GU280_gp05	MODIFIER	downstream_gene_variant	transcript	TRANSCRIPT_gene-GU280_gp05	protein_coding	-1	c.*2559_*2575delCGATCGAGTGTACAGTG	.	-1	-1	-1	-1	-1	-1	2559	downstream_gene_variant	NONE	c.*2559_*2575delCGATCGAGTGTACAGTG	.	-1
NC_045512.2	29749	ACGATCGAGTGTACAGTG	A	ORF6	gene-GU280_gp06	MODIFIER	downstream_gene_variant	transcript	TRANSCRIPT_gene-GU280_gp06	protein_coding	-1	c.*2363_*2379delCGATCGAGTGTACAGTG	.	-1	-1	-1	-1	-1	-1	2363	downstream_gene_variant	NONE	c.*2363_*2379delCGATCGAGTGTACAGTG	.	-1
NC_045512.2	29749	ACGATCGAGTGTACAGTG	A	ORF7a	gene-GU280_gp07	MODIFIER	downstream_gene_variant	transcript	TRANSCRIPT_gene-GU280_gp07	protein_coding	-1	c.*1991_*2007delCGATCGAGTGTACAGTG	.	-1	-1	-1	-1	-1	-1	1991	downstream_gene_variant	NONE	c.*1991_*2007delCGATCGAGTGTACAGTG	.	-1
NC_045512.2	29749	ACGATCGAGTGTACAGTG	A	ORF7b	gene-GU280_gp08	MODIFIER	downstream_gene_variant	transcript	TRANSCRIPT_gene-GU280_gp08	protein_coding	-1	c.*1863_*1879delCGATCGAGTGTACAGTG	.	-1	-1	-1	-1	-1	-1	1863	downstream_gene_variant	NONE	c.*1863_*1879delCGATCGAGTGTACAGTG	.	-1
NC_045512.2	29749	ACGATCGAGTGTACAGTG	A	ORF8	gene-GU280_gp09	MODIFIER	downstream_gene_variant	transcript	TRANSCRIPT_gene-GU280_gp09	protein_coding	-1	c.*1491_*1507delCGATCGAGTGTACAGTG	.	-1	-1	-1	-1	-1	-1	1491	downstream_gene_variant	NONE	c.*1491_*1507delCGATCGAGTGTACAGTG	.	-1
NC_045512.2	29749	ACGATCGAGTGTACAGTG	A	N	gene-GU280_gp10	MODIFIER	downstream_gene_variant	transcript	TRANSCRIPT_gene-GU280_gp10	protein_coding	-1	c.*217_*233delCGATCGAGTGTACAGTG	.	-1	-1	-1	-1	-1	-1	217	downstream_gene_variant	NONE	c.*217_*233delCGATCGAGTGTACAGTG	.	-1
NC_045512.2	29749	ACGATCGAGTGTACAGTG	A	ORF10	gene-GU280_gp11	MODIFIER	downstream_gene_variant	transcript	TRANSCRIPT_gene-GU280_gp11	protein_coding	-1	c.*76_*92delCGATCGAGTGTACAGTG	.	-1	-1	-1	-1	-1	-1	76	downstream_gene_variant	NONE	c.*76_*92delCGATCGAGTGTACAGTG	.	-1
NC_045512.2	29749	ACGATCGAGTGTACAGTG	A	ORF10-CHR_END	gene-GU280_gp11-CHR_END	MODIFIER	intergenic_region	intergenic_region	gene-GU280_gp11-CHR_END	.	-1	n.29750_29766delCGATCGAGTGTACAGTG	.	-1	-1	-1	-1	-1	-1	0	intergenic_region	NONE	n.29750_29766delCGATCGAGTGTACAGTG	.	-1
NC_045512.2	29766	G	A	S	gene-GU280_gp02	MODIFIER	downstream_gene_variant	transcript	TRANSCRIPT_gene-GU280_gp02	protein_coding	-1	c.*4382G>A	.	-1	-1	-1	-1	-1	-1	4382	downstream_gene_variant	NONE	c.*4382G>A	.	-1
NC_045512.2	29766	G	A	ORF3a	gene-GU280_gp03	MODIFIER	downstream_gene_variant	transcript	TRANSCRIPT_gene-GU280_gp03	protein_coding	-1	c.*3546G>A	.	-1	-1	-1	-1	-1	-1	3546	downstream_gene_variant	NONE	c.*3546G>A	.	-1
NC_045512.2	29766	G	A	E	gene-GU280_gp04	MODIFIER	downstream_gene_variant	transcript	TRANSCRIPT_gene-GU280_gp04	protein_coding	-1	c.*3294G>A	.	-1	-1	-1	-1	-1	-1	3294	downstream_gene_variant	NONE	c.*3294G>A	.	-1
NC_045512.2	29766	G	A	M	gene-GU280_gp05	MODIFIER	downstream_gene_variant	transcript	TRANSCRIPT_gene-GU280_gp05	protein_coding	-1	c.*2575G>A	.	-1	-1	-1	-1	-1	-1	2575	downstream_gene_variant	NONE	c.*2575G>A	.	-1
NC_045512.2	29766	G	A	ORF6	gene-GU280_gp06	MODIFIER	downstream_gene_variant	transcript	TRANSCRIPT_gene-GU280_gp06	protein_coding	-1	c.*2379G>A	.	-1	-1	-1	-1	-1	-1	2379	downstream_gene_variant	NONE	c.*2379G>A	.	-1
NC_045512.2	29766	G	A	ORF7a	gene-GU280_gp07	MODIFIER	downstream_gene_variant	transcript	TRANSCRIPT_gene-GU280_gp07	protein_coding	-1	c.*2007G>A	.	-1	-1	-1	-1	-1	-1	2007	downstream_gene_variant	NONE	c.*2007G>A	.	-1
NC_045512.2	29766	G	A	ORF7b	gene-GU280_gp08	MODIFIER	downstream_gene_variant	transcript	TRANSCRIPT_gene-GU280_gp08	protein_coding	-1	c.*1879G>A	.	-1	-1	-1	-1	-1	-1	1879	downstream_gene_variant	NONE	c.*1879G>A	.	-1
NC_045512.2	29766	G	A	ORF8	gene-GU280_gp09	MODIFIER	downstream_gene_variant	transcript	TRANSCRIPT_gene-GU280_gp09	protein_coding	-1	c.*1507G>A	.	-1	-1	-1	-1	-1	-1	1507	downstream_gene_variant	NONE	c.*1507G>A	.	-1
NC_045512.2	29766	G	A	N	gene-GU280_gp10	MODIFIER	downstream_gene_variant	transcript	TRANSCRIPT_gene-GU280_gp10	protein_coding	-1	c.*233G>A	.	-1	-1	-1	-1	-1	-1	233	downstream_gene_variant	NONE	c.*233G>A	.	-1
NC_045512.2	29766	G	A	ORF10	gene-GU280_gp11	MODIFIER	downstream_gene_variant	transcript	TRANSCRIPT_gene-GU280_gp11	protein_coding	-1	c.*92G>A	.	-1	-1	-1	-1	-1	-1	92	downstream_gene_variant	NONE	c.*92G>A	.	-1
NC_045512.2	29766	G	A	ORF10-CHR_END	gene-GU280_gp11-CHR_END	MODIFIER	intergenic_region	intergenic_region	gene-GU280_gp11-CHR_END	.	-1	n.29766G>A	.	-1	-1	-1	-1	-1	-1	0	intergenic_region	NONE	n.29766G>A	.	-1
