CHROM	POS	REF	ALT	ANN[*].GENE	ANN[*].GENEID	ANN[*].IMPACT	ANN[*].EFFECT	ANN[*].FEATURE	ANN[*].FEATUREID	ANN[*].BIOTYPE	ANN[*].RANK	ANN[*].HGVS_C	ANN[*].HGVS_P	ANN[*].CDNA_POS	ANN[*].CDNA_LEN	ANN[*].CDS_POS	ANN[*].CDS_LEN	ANN[*].AA_POS	ANN[*].AA_LEN	ANN[*].DISTANCE	EFF[*].EFFECT	EFF[*].FUNCLASS	EFF[*].CODON	EFF[*].AA	EFF[*].AA_LEN
NC_045512.2	28	CA	C	ORF1ab	gene-GU280_gp01	MODIFIER	upstream_gene_variant	transcript	TRANSCRIPT_gene-GU280_gp01	protein_coding	-1	c.-237delA	.	-1	-1	-1	-1	-1	-1	237	upstream_gene_variant	NONE	c.-237delA	.	-1
NC_045512.2	28	CA	C	CHR_START-ORF1ab	CHR_START-gene-GU280_gp01	MODIFIER	intergenic_region	intergenic_region	CHR_START-gene-GU280_gp01	.	-1	n.29delA	.	-1	-1	-1	-1	-1	-1	0	intergenic_region	NONE	n.29delA	.	-1
NC_045512.2	241	C	T	ORF1ab	gene-GU280_gp01	MODIFIER	upstream_gene_variant	transcript	TRANSCRIPT_gene-GU280_gp01	protein_coding	-1	c.-25C>T	.	-1	-1	-1	-1	-1	-1	25	upstream_gene_variant	NONE	c.-25C>T	.	-1
NC_045512.2	241	C	T	CHR_START-ORF1ab	CHR_START-gene-GU280_gp01	MODIFIER	intergenic_region	intergenic_region	CHR_START-gene-GU280_gp01	.	-1	n.241C>T	.	-1	-1	-1	-1	-1	-1	0	intergenic_region	NONE	n.241C>T	.	-1
NC_045512.2	304	C	T	ORF1ab	gene-GU280_gp01	LOW	synonymous_variant	transcript	TRANSCRIPT_gene-GU280_gp01	protein_coding	1	c.39C>T	p.His13His	39	21290	39	21290	13	7095	0	synonymous_variant	NONE	c.39C>T	p.His13His	7095
NC_045512.2	1026	C	CT	ORF1ab	gene-GU280_gp01	HIGH	frameshift_variant&stop_gained	transcript	TRANSCRIPT_gene-GU280_gp01	protein_coding	1	c.765dupT	p.Glu256fs	766	21290	766	21290	256	7095	0	frameshift_variant&stop_gained	NONE	c.765dupT	p.Glu256fs	7095
NC_045512.2	1059	C	T	ORF1ab	gene-GU280_gp01	MODERATE	missense_variant	transcript	TRANSCRIPT_gene-GU280_gp01	protein_coding	1	c.794C>T	p.Thr265Ile	794	21290	794	21290	265	7095	0	missense_variant	NONE	c.794C>T	p.Thr265Ile	7095
NC_045512.2	1813	T	TA	ORF1ab	gene-GU280_gp01	HIGH	frameshift_variant	transcript	TRANSCRIPT_gene-GU280_gp01	protein_coding	1	c.1554dupA	p.Gly519fs	1555	21290	1555	21290	519	7095	0	frameshift_variant	NONE	c.1554dupA	p.Gly519fs	7095
NC_045512.2	1946	G	GT	ORF1ab	gene-GU280_gp01	HIGH	frameshift_variant	transcript	TRANSCRIPT_gene-GU280_gp01	protein_coding	1	c.1685dupT	p.Leu562fs	1686	21290	1686	21290	562	7095	0	frameshift_variant	NONE	c.1685dupT	p.Leu562fs	7095
NC_045512.2	3037	C	T	ORF1ab	gene-GU280_gp01	LOW	synonymous_variant	transcript	TRANSCRIPT_gene-GU280_gp01	protein_coding	1	c.2772C>T	p.Phe924Phe	2772	21290	2772	21290	924	7095	0	synonymous_variant	NONE	c.2772C>T	p.Phe924Phe	7095
NC_045512.2	3731	G	A	ORF1ab	gene-GU280_gp01	MODERATE	missense_variant	transcript	TRANSCRIPT_gene-GU280_gp01	protein_coding	1	c.3466G>A	p.Ala1156Thr	3466	21290	3466	21290	1156	7095	0	missense_variant	NONE	c.3466G>A	p.Ala1156Thr	7095
NC_045512.2	3777	CA	C	ORF1ab	gene-GU280_gp01	HIGH	frameshift_variant	transcript	TRANSCRIPT_gene-GU280_gp01	protein_coding	1	c.3515delA	p.Asn1172fs	3515	21290	3515	21290	1172	7095	0	frameshift_variant	NONE	c.3515delA	p.Asn1172fs	7095
NC_045512.2	3834	T	C	ORF1ab	gene-GU280_gp01	MODERATE	missense_variant	transcript	TRANSCRIPT_gene-GU280_gp01	protein_coding	1	c.3569T>C	p.Phe1190Ser	3569	21290	3569	21290	1190	7095	0	missense_variant	NONE	c.3569T>C	p.Phe1190Ser	7095
NC_045512.2	3908	A	T	ORF1ab	gene-GU280_gp01	MODERATE	missense_variant	transcript	TRANSCRIPT_gene-GU280_gp01	protein_coding	1	c.3643A>T	p.Ile1215Leu	3643	21290	3643	21290	1215	7095	0	missense_variant	NONE	c.3643A>T	p.Ile1215Leu	7095
NC_045512.2	3914	GA	G	ORF1ab	gene-GU280_gp01	HIGH	frameshift_variant	transcript	TRANSCRIPT_gene-GU280_gp01	protein_coding	1	c.3652delA	p.Ser1218fs	3652	21290	3652	21290	1218	7095	0	frameshift_variant	NONE	c.3652delA	p.Ser1218fs	7095
NC_045512.2	4795	C	T	ORF1ab	gene-GU280_gp01	LOW	synonymous_variant	transcript	TRANSCRIPT_gene-GU280_gp01	protein_coding	1	c.4530C>T	p.Ser1510Ser	4530	21290	4530	21290	1510	7095	0	synonymous_variant	NONE	c.4530C>T	p.Ser1510Ser	7095
NC_045512.2	6696	C	CT	ORF1ab	gene-GU280_gp01	HIGH	frameshift_variant	transcript	TRANSCRIPT_gene-GU280_gp01	protein_coding	1	c.6435dupT	p.Leu2146fs	6436	21290	6436	21290	2146	7095	0	frameshift_variant	NONE	c.6435dupT	p.Leu2146fs	7095
NC_045512.2	7081	C	T	ORF1ab	gene-GU280_gp01	LOW	synonymous_variant	transcript	TRANSCRIPT_gene-GU280_gp01	protein_coding	1	c.6816C>T	p.Asn2272Asn	6816	21290	6816	21290	2272	7095	0	synonymous_variant	NONE	c.6816C>T	p.Asn2272Asn	7095
NC_045512.2	7224	CT	C	ORF1ab	gene-GU280_gp01	HIGH	frameshift_variant	transcript	TRANSCRIPT_gene-GU280_gp01	protein_coding	1	c.6963delT	p.Phe2321fs	6963	21290	6963	21290	2321	7095	0	frameshift_variant	NONE	c.6963delT	p.Phe2321fs	7095
NC_045512.2	8083	G	A	ORF1ab	gene-GU280_gp01	MODERATE	missense_variant	transcript	TRANSCRIPT_gene-GU280_gp01	protein_coding	1	c.7818G>A	p.Met2606Ile	7818	21290	7818	21290	2606	7095	0	missense_variant	NONE	c.7818G>A	p.Met2606Ile	7095
NC_045512.2	9502	C	T	ORF1ab	gene-GU280_gp01	LOW	synonymous_variant	transcript	TRANSCRIPT_gene-GU280_gp01	protein_coding	1	c.9237C>T	p.Ala3079Ala	9237	21290	9237	21290	3079	7095	0	synonymous_variant	NONE	c.9237C>T	p.Ala3079Ala	7095
NC_045512.2	10319	C	T	ORF1ab	gene-GU280_gp01	MODERATE	missense_variant	transcript	TRANSCRIPT_gene-GU280_gp01	protein_coding	1	c.10054C>T	p.Leu3352Phe	10054	21290	10054	21290	3352	7095	0	missense_variant	NONE	c.10054C>T	p.Leu3352Phe	7095
NC_045512.2	11074	CT	C	ORF1ab	gene-GU280_gp01	HIGH	frameshift_variant	transcript	TRANSCRIPT_gene-GU280_gp01	protein_coding	1	c.10817delT	p.Leu3606fs	10817	21290	10817	21290	3606	7095	0	frameshift_variant	NONE	c.10817delT	p.Leu3606fs	7095
NC_045512.2	11074	C	CT	ORF1ab	gene-GU280_gp01	HIGH	frameshift_variant	transcript	TRANSCRIPT_gene-GU280_gp01	protein_coding	1	c.10817dupT	p.Leu3606fs	10818	21290	10818	21290	3606	7095	0	frameshift_variant	NONE	c.10817dupT	p.Leu3606fs	7095
NC_045512.2	13815	A	G	ORF1ab	gene-GU280_gp01	MODERATE	missense_variant	transcript	TRANSCRIPT_gene-GU280_gp01	protein_coding	1	c.13550A>G	p.Gln4517Arg	13550	21290	13550	21290	4517	7095	0	missense_variant	NONE	c.13550A>G	p.Gln4517Arg	7095
NC_045512.2	14408	C	T	ORF1ab	gene-GU280_gp01	LOW	synonymous_variant	transcript	TRANSCRIPT_gene-GU280_gp01	protein_coding	1	c.14143C>T	p.Leu4715Leu	14143	21290	14143	21290	4715	7095	0	synonymous_variant	NONE	c.14143C>T	p.Leu4715Leu	7095
NC_045512.2	14761	T	A	ORF1ab	gene-GU280_gp01	LOW	synonymous_variant	transcript	TRANSCRIPT_gene-GU280_gp01	protein_coding	1	c.14496T>A	p.Ser4832Ser	14496	21290	14496	21290	4832	7095	0	synonymous_variant	NONE	c.14496T>A	p.Ser4832Ser	7095
NC_045512.2	14805	C	T	ORF1ab	gene-GU280_gp01	MODERATE	missense_variant	transcript	TRANSCRIPT_gene-GU280_gp01	protein_coding	1	c.14540C>T	p.Thr4847Ile	14540	21290	14540	21290	4847	7095	0	missense_variant	NONE	c.14540C>T	p.Thr4847Ile	7095
NC_045512.2	15965	G	GT	ORF1ab	gene-GU280_gp01	HIGH	frameshift_variant	transcript	TRANSCRIPT_gene-GU280_gp01	protein_coding	1	c.15704dupT	p.Leu5235fs	15705	21290	15705	21290	5235	7095	0	frameshift_variant	NONE	c.15704dupT	p.Leu5235fs	7095
NC_045512.2	17587	A	C	ORF1ab	gene-GU280_gp01	LOW	synonymous_variant	transcript	TRANSCRIPT_gene-GU280_gp01	protein_coding	1	c.17322A>C	p.Thr5774Thr	17322	21290	17322	21290	5774	7095	0	synonymous_variant	NONE	c.17322A>C	p.Thr5774Thr	7095
NC_045512.2	17587	A	C	S	gene-GU280_gp02	MODIFIER	upstream_gene_variant	transcript	TRANSCRIPT_gene-GU280_gp02	protein_coding	-1	c.-3976A>C	.	-1	-1	-1	-1	-1	-1	3976	upstream_gene_variant	NONE	c.-3976A>C	.	-1
NC_045512.2	17830	A	T	ORF1ab	gene-GU280_gp01	MODERATE	missense_variant	transcript	TRANSCRIPT_gene-GU280_gp01	protein_coding	1	c.17565A>T	p.Lys5855Asn	17565	21290	17565	21290	5855	7095	0	missense_variant	NONE	c.17565A>T	p.Lys5855Asn	7095
NC_045512.2	17830	A	T	S	gene-GU280_gp02	MODIFIER	upstream_gene_variant	transcript	TRANSCRIPT_gene-GU280_gp02	protein_coding	-1	c.-3733A>T	.	-1	-1	-1	-1	-1	-1	3733	upstream_gene_variant	NONE	c.-3733A>T	.	-1
NC_045512.2	18424	A	G	ORF1ab	gene-GU280_gp01	LOW	synonymous_variant	transcript	TRANSCRIPT_gene-GU280_gp01	protein_coding	1	c.18159A>G	p.Leu6053Leu	18159	21290	18159	21290	6053	7095	0	synonymous_variant	NONE	c.18159A>G	p.Leu6053Leu	7095
NC_045512.2	18424	A	G	S	gene-GU280_gp02	MODIFIER	upstream_gene_variant	transcript	TRANSCRIPT_gene-GU280_gp02	protein_coding	-1	c.-3139A>G	.	-1	-1	-1	-1	-1	-1	3139	upstream_gene_variant	NONE	c.-3139A>G	.	-1
NC_045512.2	19718	C	T	ORF1ab	gene-GU280_gp01	HIGH	stop_gained	transcript	TRANSCRIPT_gene-GU280_gp01	protein_coding	1	c.19453C>T	p.Gln6485*	19453	21290	19453	21290	6485	7095	0	stop_gained	NONE	c.19453C>T	p.Gln6485*	7095
NC_045512.2	19718	C	T	S	gene-GU280_gp02	MODIFIER	upstream_gene_variant	transcript	TRANSCRIPT_gene-GU280_gp02	protein_coding	-1	c.-1845C>T	.	-1	-1	-1	-1	-1	-1	1845	upstream_gene_variant	NONE	c.-1845C>T	.	-1
NC_045512.2	20217	T	A	ORF1ab	gene-GU280_gp01	MODERATE	missense_variant	transcript	TRANSCRIPT_gene-GU280_gp01	protein_coding	1	c.19952T>A	p.Ile6651Asn	19952	21290	19952	21290	6651	7095	0	missense_variant	NONE	c.19952T>A	p.Ile6651Asn	7095
NC_045512.2	20217	T	A	S	gene-GU280_gp02	MODIFIER	upstream_gene_variant	transcript	TRANSCRIPT_gene-GU280_gp02	protein_coding	-1	c.-1346T>A	.	-1	-1	-1	-1	-1	-1	1346	upstream_gene_variant	NONE	c.-1346T>A	.	-1
NC_045512.2	20520	T	G	ORF1ab	gene-GU280_gp01	MODERATE	missense_variant	transcript	TRANSCRIPT_gene-GU280_gp01	protein_coding	1	c.20255T>G	p.Met6752Arg	20255	21290	20255	21290	6752	7095	0	missense_variant	NONE	c.20255T>G	p.Met6752Arg	7095
NC_045512.2	20520	T	G	S	gene-GU280_gp02	MODIFIER	upstream_gene_variant	transcript	TRANSCRIPT_gene-GU280_gp02	protein_coding	-1	c.-1043T>G	.	-1	-1	-1	-1	-1	-1	1043	upstream_gene_variant	NONE	c.-1043T>G	.	-1
NC_045512.2	20520	T	G	ORF3a	gene-GU280_gp03	MODIFIER	upstream_gene_variant	transcript	TRANSCRIPT_gene-GU280_gp03	protein_coding	-1	c.-4873T>G	.	-1	-1	-1	-1	-1	-1	4873	upstream_gene_variant	NONE	c.-4873T>G	.	-1
NC_045512.2	20668	G	T	ORF1ab	gene-GU280_gp01	MODERATE	missense_variant	transcript	TRANSCRIPT_gene-GU280_gp01	protein_coding	1	c.20403G>T	p.Lys6801Asn	20403	21290	20403	21290	6801	7095	0	missense_variant	NONE	c.20403G>T	p.Lys6801Asn	7095
NC_045512.2	20668	G	T	S	gene-GU280_gp02	MODIFIER	upstream_gene_variant	transcript	TRANSCRIPT_gene-GU280_gp02	protein_coding	-1	c.-895G>T	.	-1	-1	-1	-1	-1	-1	895	upstream_gene_variant	NONE	c.-895G>T	.	-1
NC_045512.2	20668	G	T	ORF3a	gene-GU280_gp03	MODIFIER	upstream_gene_variant	transcript	TRANSCRIPT_gene-GU280_gp03	protein_coding	-1	c.-4725G>T	.	-1	-1	-1	-1	-1	-1	4725	upstream_gene_variant	NONE	c.-4725G>T	.	-1
NC_045512.2	20981	AT	A	ORF1ab	gene-GU280_gp01	HIGH	frameshift_variant	transcript	TRANSCRIPT_gene-GU280_gp01	protein_coding	1	c.20718delT	p.Gln6907fs	20718	21290	20718	21290	6906	7095	0	frameshift_variant	NONE	c.20718delT	p.Gln6907fs	7095
NC_045512.2	20981	AT	A	S	gene-GU280_gp02	MODIFIER	upstream_gene_variant	transcript	TRANSCRIPT_gene-GU280_gp02	protein_coding	-1	c.-581delT	.	-1	-1	-1	-1	-1	-1	581	upstream_gene_variant	NONE	c.-581delT	.	-1
NC_045512.2	20981	AT	A	ORF3a	gene-GU280_gp03	MODIFIER	upstream_gene_variant	transcript	TRANSCRIPT_gene-GU280_gp03	protein_coding	-1	c.-4411delT	.	-1	-1	-1	-1	-1	-1	4411	upstream_gene_variant	NONE	c.-4411delT	.	-1
NC_045512.2	21066	TA	T	ORF1ab	gene-GU280_gp01	HIGH	frameshift_variant	transcript	TRANSCRIPT_gene-GU280_gp01	protein_coding	1	c.20806delA	p.Met6936fs	20806	21290	20806	21290	6936	7095	0	frameshift_variant	NONE	c.20806delA	p.Met6936fs	7095
NC_045512.2	21066	TA	T	S	gene-GU280_gp02	MODIFIER	upstream_gene_variant	transcript	TRANSCRIPT_gene-GU280_gp02	protein_coding	-1	c.-496delA	.	-1	-1	-1	-1	-1	-1	496	upstream_gene_variant	NONE	c.-496delA	.	-1
NC_045512.2	21066	TA	T	ORF3a	gene-GU280_gp03	MODIFIER	upstream_gene_variant	transcript	TRANSCRIPT_gene-GU280_gp03	protein_coding	-1	c.-4326delA	.	-1	-1	-1	-1	-1	-1	4326	upstream_gene_variant	NONE	c.-4326delA	.	-1
NC_045512.2	21304	C	T	ORF1ab	gene-GU280_gp01	LOW	synonymous_variant	transcript	TRANSCRIPT_gene-GU280_gp01	protein_coding	1	c.21039C>T	p.His7013His	21039	21290	21039	21290	7013	7095	0	synonymous_variant	NONE	c.21039C>T	p.His7013His	7095
NC_045512.2	21304	C	T	S	gene-GU280_gp02	MODIFIER	upstream_gene_variant	transcript	TRANSCRIPT_gene-GU280_gp02	protein_coding	-1	c.-259C>T	.	-1	-1	-1	-1	-1	-1	259	upstream_gene_variant	NONE	c.-259C>T	.	-1
NC_045512.2	21304	C	T	ORF3a	gene-GU280_gp03	MODIFIER	upstream_gene_variant	transcript	TRANSCRIPT_gene-GU280_gp03	protein_coding	-1	c.-4089C>T	.	-1	-1	-1	-1	-1	-1	4089	upstream_gene_variant	NONE	c.-4089C>T	.	-1
NC_045512.2	21304	C	T	E	gene-GU280_gp04	MODIFIER	upstream_gene_variant	transcript	TRANSCRIPT_gene-GU280_gp04	protein_coding	-1	c.-4941C>T	.	-1	-1	-1	-1	-1	-1	4941	upstream_gene_variant	NONE	c.-4941C>T	.	-1
NC_045512.2	22083	CT	C	S	gene-GU280_gp02	HIGH	frameshift_variant	transcript	TRANSCRIPT_gene-GU280_gp02	protein_coding	1	c.525delT	p.Met177fs	525	3822	525	3822	175	1273	0	frameshift_variant	NONE	c.525delT	p.Met177fs	1273
NC_045512.2	22083	CT	C	ORF3a	gene-GU280_gp03	MODIFIER	upstream_gene_variant	transcript	TRANSCRIPT_gene-GU280_gp03	protein_coding	-1	c.-3309delT	.	-1	-1	-1	-1	-1	-1	3309	upstream_gene_variant	NONE	c.-3309delT	.	-1
NC_045512.2	22083	CT	C	E	gene-GU280_gp04	MODIFIER	upstream_gene_variant	transcript	TRANSCRIPT_gene-GU280_gp04	protein_coding	-1	c.-4161delT	.	-1	-1	-1	-1	-1	-1	4161	upstream_gene_variant	NONE	c.-4161delT	.	-1
NC_045512.2	22083	CT	C	M	gene-GU280_gp05	MODIFIER	upstream_gene_variant	transcript	TRANSCRIPT_gene-GU280_gp05	protein_coding	-1	c.-4439delT	.	-1	-1	-1	-1	-1	-1	4439	upstream_gene_variant	NONE	c.-4439delT	.	-1
NC_045512.2	22083	CT	C	ORF1ab	gene-GU280_gp01	MODIFIER	downstream_gene_variant	transcript	TRANSCRIPT_gene-GU280_gp01	protein_coding	-1	c.*529delT	.	-1	-1	-1	-1	-1	-1	529	downstream_gene_variant	NONE	c.*529delT	.	-1
NC_045512.2	22123	A	T	S	gene-GU280_gp02	MODERATE	missense_variant	transcript	TRANSCRIPT_gene-GU280_gp02	protein_coding	1	c.561A>T	p.Lys187Asn	561	3822	561	3822	187	1273	0	missense_variant	NONE	c.561A>T	p.Lys187Asn	1273
NC_045512.2	22123	A	T	ORF3a	gene-GU280_gp03	MODIFIER	upstream_gene_variant	transcript	TRANSCRIPT_gene-GU280_gp03	protein_coding	-1	c.-3270A>T	.	-1	-1	-1	-1	-1	-1	3270	upstream_gene_variant	NONE	c.-3270A>T	.	-1
NC_045512.2	22123	A	T	E	gene-GU280_gp04	MODIFIER	upstream_gene_variant	transcript	TRANSCRIPT_gene-GU280_gp04	protein_coding	-1	c.-4122A>T	.	-1	-1	-1	-1	-1	-1	4122	upstream_gene_variant	NONE	c.-4122A>T	.	-1
NC_045512.2	22123	A	T	M	gene-GU280_gp05	MODIFIER	upstream_gene_variant	transcript	TRANSCRIPT_gene-GU280_gp05	protein_coding	-1	c.-4400A>T	.	-1	-1	-1	-1	-1	-1	4400	upstream_gene_variant	NONE	c.-4400A>T	.	-1
NC_045512.2	22123	A	T	ORF1ab	gene-GU280_gp01	MODIFIER	downstream_gene_variant	transcript	TRANSCRIPT_gene-GU280_gp01	protein_coding	-1	c.*568A>T	.	-1	-1	-1	-1	-1	-1	568	downstream_gene_variant	NONE	c.*568A>T	.	-1
NC_045512.2	22218	GT	G	S	gene-GU280_gp02	HIGH	frameshift_variant	transcript	TRANSCRIPT_gene-GU280_gp02	protein_coding	1	c.661delT	p.Ser221fs	661	3822	661	3822	221	1273	0	frameshift_variant	NONE	c.661delT	p.Ser221fs	1273
NC_045512.2	22218	GT	G	ORF3a	gene-GU280_gp03	MODIFIER	upstream_gene_variant	transcript	TRANSCRIPT_gene-GU280_gp03	protein_coding	-1	c.-3174delT	.	-1	-1	-1	-1	-1	-1	3174	upstream_gene_variant	NONE	c.-3174delT	.	-1
NC_045512.2	22218	GT	G	E	gene-GU280_gp04	MODIFIER	upstream_gene_variant	transcript	TRANSCRIPT_gene-GU280_gp04	protein_coding	-1	c.-4026delT	.	-1	-1	-1	-1	-1	-1	4026	upstream_gene_variant	NONE	c.-4026delT	.	-1
NC_045512.2	22218	GT	G	M	gene-GU280_gp05	MODIFIER	upstream_gene_variant	transcript	TRANSCRIPT_gene-GU280_gp05	protein_coding	-1	c.-4304delT	.	-1	-1	-1	-1	-1	-1	4304	upstream_gene_variant	NONE	c.-4304delT	.	-1
NC_045512.2	22218	GT	G	ORF6	gene-GU280_gp06	MODIFIER	upstream_gene_variant	transcript	TRANSCRIPT_gene-GU280_gp06	protein_coding	-1	c.-4983delT	.	-1	-1	-1	-1	-1	-1	4983	upstream_gene_variant	NONE	c.-4983delT	.	-1
NC_045512.2	22218	GT	G	ORF1ab	gene-GU280_gp01	MODIFIER	downstream_gene_variant	transcript	TRANSCRIPT_gene-GU280_gp01	protein_coding	-1	c.*664delT	.	-1	-1	-1	-1	-1	-1	664	downstream_gene_variant	NONE	c.*664delT	.	-1
NC_045512.2	23063	A	T	S	gene-GU280_gp02	MODERATE	missense_variant	transcript	TRANSCRIPT_gene-GU280_gp02	protein_coding	1	c.1501A>T	p.Asn501Tyr	1501	3822	1501	3822	501	1273	0	missense_variant	NONE	c.1501A>T	p.Asn501Tyr	1273
NC_045512.2	23063	A	T	ORF3a	gene-GU280_gp03	MODIFIER	upstream_gene_variant	transcript	TRANSCRIPT_gene-GU280_gp03	protein_coding	-1	c.-2330A>T	.	-1	-1	-1	-1	-1	-1	2330	upstream_gene_variant	NONE	c.-2330A>T	.	-1
NC_045512.2	23063	A	T	E	gene-GU280_gp04	MODIFIER	upstream_gene_variant	transcript	TRANSCRIPT_gene-GU280_gp04	protein_coding	-1	c.-3182A>T	.	-1	-1	-1	-1	-1	-1	3182	upstream_gene_variant	NONE	c.-3182A>T	.	-1
NC_045512.2	23063	A	T	M	gene-GU280_gp05	MODIFIER	upstream_gene_variant	transcript	TRANSCRIPT_gene-GU280_gp05	protein_coding	-1	c.-3460A>T	.	-1	-1	-1	-1	-1	-1	3460	upstream_gene_variant	NONE	c.-3460A>T	.	-1
NC_045512.2	23063	A	T	ORF6	gene-GU280_gp06	MODIFIER	upstream_gene_variant	transcript	TRANSCRIPT_gene-GU280_gp06	protein_coding	-1	c.-4139A>T	.	-1	-1	-1	-1	-1	-1	4139	upstream_gene_variant	NONE	c.-4139A>T	.	-1
NC_045512.2	23063	A	T	ORF7a	gene-GU280_gp07	MODIFIER	upstream_gene_variant	transcript	TRANSCRIPT_gene-GU280_gp07	protein_coding	-1	c.-4331A>T	.	-1	-1	-1	-1	-1	-1	4331	upstream_gene_variant	NONE	c.-4331A>T	.	-1
NC_045512.2	23063	A	T	ORF7b	gene-GU280_gp08	MODIFIER	upstream_gene_variant	transcript	TRANSCRIPT_gene-GU280_gp08	protein_coding	-1	c.-4693A>T	.	-1	-1	-1	-1	-1	-1	4693	upstream_gene_variant	NONE	c.-4693A>T	.	-1
NC_045512.2	23063	A	T	ORF8	gene-GU280_gp09	MODIFIER	upstream_gene_variant	transcript	TRANSCRIPT_gene-GU280_gp09	protein_coding	-1	c.-4831A>T	.	-1	-1	-1	-1	-1	-1	4831	upstream_gene_variant	NONE	c.-4831A>T	.	-1
NC_045512.2	23063	A	T	ORF1ab	gene-GU280_gp01	MODIFIER	downstream_gene_variant	transcript	TRANSCRIPT_gene-GU280_gp01	protein_coding	-1	c.*1508A>T	.	-1	-1	-1	-1	-1	-1	1508	downstream_gene_variant	NONE	c.*1508A>T	.	-1
NC_045512.2	23111	C	G	S	gene-GU280_gp02	MODERATE	missense_variant	transcript	TRANSCRIPT_gene-GU280_gp02	protein_coding	1	c.1549C>G	p.Leu517Val	1549	3822	1549	3822	517	1273	0	missense_variant	NONE	c.1549C>G	p.Leu517Val	1273
NC_045512.2	23111	C	G	ORF3a	gene-GU280_gp03	MODIFIER	upstream_gene_variant	transcript	TRANSCRIPT_gene-GU280_gp03	protein_coding	-1	c.-2282C>G	.	-1	-1	-1	-1	-1	-1	2282	upstream_gene_variant	NONE	c.-2282C>G	.	-1
NC_045512.2	23111	C	G	E	gene-GU280_gp04	MODIFIER	upstream_gene_variant	transcript	TRANSCRIPT_gene-GU280_gp04	protein_coding	-1	c.-3134C>G	.	-1	-1	-1	-1	-1	-1	3134	upstream_gene_variant	NONE	c.-3134C>G	.	-1
NC_045512.2	23111	C	G	M	gene-GU280_gp05	MODIFIER	upstream_gene_variant	transcript	TRANSCRIPT_gene-GU280_gp05	protein_coding	-1	c.-3412C>G	.	-1	-1	-1	-1	-1	-1	3412	upstream_gene_variant	NONE	c.-3412C>G	.	-1
NC_045512.2	23111	C	G	ORF6	gene-GU280_gp06	MODIFIER	upstream_gene_variant	transcript	TRANSCRIPT_gene-GU280_gp06	protein_coding	-1	c.-4091C>G	.	-1	-1	-1	-1	-1	-1	4091	upstream_gene_variant	NONE	c.-4091C>G	.	-1
NC_045512.2	23111	C	G	ORF7a	gene-GU280_gp07	MODIFIER	upstream_gene_variant	transcript	TRANSCRIPT_gene-GU280_gp07	protein_coding	-1	c.-4283C>G	.	-1	-1	-1	-1	-1	-1	4283	upstream_gene_variant	NONE	c.-4283C>G	.	-1
NC_045512.2	23111	C	G	ORF7b	gene-GU280_gp08	MODIFIER	upstream_gene_variant	transcript	TRANSCRIPT_gene-GU280_gp08	protein_coding	-1	c.-4645C>G	.	-1	-1	-1	-1	-1	-1	4645	upstream_gene_variant	NONE	c.-4645C>G	.	-1
NC_045512.2	23111	C	G	ORF8	gene-GU280_gp09	MODIFIER	upstream_gene_variant	transcript	TRANSCRIPT_gene-GU280_gp09	protein_coding	-1	c.-4783C>G	.	-1	-1	-1	-1	-1	-1	4783	upstream_gene_variant	NONE	c.-4783C>G	.	-1
NC_045512.2	23111	C	G	ORF1ab	gene-GU280_gp01	MODIFIER	downstream_gene_variant	transcript	TRANSCRIPT_gene-GU280_gp01	protein_coding	-1	c.*1556C>G	.	-1	-1	-1	-1	-1	-1	1556	downstream_gene_variant	NONE	c.*1556C>G	.	-1
NC_045512.2	23118	A	T	S	gene-GU280_gp02	MODERATE	missense_variant	transcript	TRANSCRIPT_gene-GU280_gp02	protein_coding	1	c.1556A>T	p.His519Leu	1556	3822	1556	3822	519	1273	0	missense_variant	NONE	c.1556A>T	p.His519Leu	1273
NC_045512.2	23118	A	T	ORF3a	gene-GU280_gp03	MODIFIER	upstream_gene_variant	transcript	TRANSCRIPT_gene-GU280_gp03	protein_coding	-1	c.-2275A>T	.	-1	-1	-1	-1	-1	-1	2275	upstream_gene_variant	NONE	c.-2275A>T	.	-1
NC_045512.2	23118	A	T	E	gene-GU280_gp04	MODIFIER	upstream_gene_variant	transcript	TRANSCRIPT_gene-GU280_gp04	protein_coding	-1	c.-3127A>T	.	-1	-1	-1	-1	-1	-1	3127	upstream_gene_variant	NONE	c.-3127A>T	.	-1
NC_045512.2	23118	A	T	M	gene-GU280_gp05	MODIFIER	upstream_gene_variant	transcript	TRANSCRIPT_gene-GU280_gp05	protein_coding	-1	c.-3405A>T	.	-1	-1	-1	-1	-1	-1	3405	upstream_gene_variant	NONE	c.-3405A>T	.	-1
NC_045512.2	23118	A	T	ORF6	gene-GU280_gp06	MODIFIER	upstream_gene_variant	transcript	TRANSCRIPT_gene-GU280_gp06	protein_coding	-1	c.-4084A>T	.	-1	-1	-1	-1	-1	-1	4084	upstream_gene_variant	NONE	c.-4084A>T	.	-1
NC_045512.2	23118	A	T	ORF7a	gene-GU280_gp07	MODIFIER	upstream_gene_variant	transcript	TRANSCRIPT_gene-GU280_gp07	protein_coding	-1	c.-4276A>T	.	-1	-1	-1	-1	-1	-1	4276	upstream_gene_variant	NONE	c.-4276A>T	.	-1
NC_045512.2	23118	A	T	ORF7b	gene-GU280_gp08	MODIFIER	upstream_gene_variant	transcript	TRANSCRIPT_gene-GU280_gp08	protein_coding	-1	c.-4638A>T	.	-1	-1	-1	-1	-1	-1	4638	upstream_gene_variant	NONE	c.-4638A>T	.	-1
NC_045512.2	23118	A	T	ORF8	gene-GU280_gp09	MODIFIER	upstream_gene_variant	transcript	TRANSCRIPT_gene-GU280_gp09	protein_coding	-1	c.-4776A>T	.	-1	-1	-1	-1	-1	-1	4776	upstream_gene_variant	NONE	c.-4776A>T	.	-1
NC_045512.2	23118	A	T	ORF1ab	gene-GU280_gp01	MODIFIER	downstream_gene_variant	transcript	TRANSCRIPT_gene-GU280_gp01	protein_coding	-1	c.*1563A>T	.	-1	-1	-1	-1	-1	-1	1563	downstream_gene_variant	NONE	c.*1563A>T	.	-1
NC_045512.2	23403	A	G	S	gene-GU280_gp02	MODERATE	missense_variant	transcript	TRANSCRIPT_gene-GU280_gp02	protein_coding	1	c.1841A>G	p.Asp614Gly	1841	3822	1841	3822	614	1273	0	missense_variant	NONE	c.1841A>G	p.Asp614Gly	1273
NC_045512.2	23403	A	G	ORF3a	gene-GU280_gp03	MODIFIER	upstream_gene_variant	transcript	TRANSCRIPT_gene-GU280_gp03	protein_coding	-1	c.-1990A>G	.	-1	-1	-1	-1	-1	-1	1990	upstream_gene_variant	NONE	c.-1990A>G	.	-1
NC_045512.2	23403	A	G	E	gene-GU280_gp04	MODIFIER	upstream_gene_variant	transcript	TRANSCRIPT_gene-GU280_gp04	protein_coding	-1	c.-2842A>G	.	-1	-1	-1	-1	-1	-1	2842	upstream_gene_variant	NONE	c.-2842A>G	.	-1
NC_045512.2	23403	A	G	M	gene-GU280_gp05	MODIFIER	upstream_gene_variant	transcript	TRANSCRIPT_gene-GU280_gp05	protein_coding	-1	c.-3120A>G	.	-1	-1	-1	-1	-1	-1	3120	upstream_gene_variant	NONE	c.-3120A>G	.	-1
NC_045512.2	23403	A	G	ORF6	gene-GU280_gp06	MODIFIER	upstream_gene_variant	transcript	TRANSCRIPT_gene-GU280_gp06	protein_coding	-1	c.-3799A>G	.	-1	-1	-1	-1	-1	-1	3799	upstream_gene_variant	NONE	c.-3799A>G	.	-1
NC_045512.2	23403	A	G	ORF7a	gene-GU280_gp07	MODIFIER	upstream_gene_variant	transcript	TRANSCRIPT_gene-GU280_gp07	protein_coding	-1	c.-3991A>G	.	-1	-1	-1	-1	-1	-1	3991	upstream_gene_variant	NONE	c.-3991A>G	.	-1
NC_045512.2	23403	A	G	ORF7b	gene-GU280_gp08	MODIFIER	upstream_gene_variant	transcript	TRANSCRIPT_gene-GU280_gp08	protein_coding	-1	c.-4353A>G	.	-1	-1	-1	-1	-1	-1	4353	upstream_gene_variant	NONE	c.-4353A>G	.	-1
NC_045512.2	23403	A	G	ORF8	gene-GU280_gp09	MODIFIER	upstream_gene_variant	transcript	TRANSCRIPT_gene-GU280_gp09	protein_coding	-1	c.-4491A>G	.	-1	-1	-1	-1	-1	-1	4491	upstream_gene_variant	NONE	c.-4491A>G	.	-1
NC_045512.2	23403	A	G	N	gene-GU280_gp10	MODIFIER	upstream_gene_variant	transcript	TRANSCRIPT_gene-GU280_gp10	protein_coding	-1	c.-4871A>G	.	-1	-1	-1	-1	-1	-1	4871	upstream_gene_variant	NONE	c.-4871A>G	.	-1
NC_045512.2	23403	A	G	ORF1ab	gene-GU280_gp01	MODIFIER	downstream_gene_variant	transcript	TRANSCRIPT_gene-GU280_gp01	protein_coding	-1	c.*1848A>G	.	-1	-1	-1	-1	-1	-1	1848	downstream_gene_variant	NONE	c.*1848A>G	.	-1
NC_045512.2	23903	GT	G	S	gene-GU280_gp02	HIGH	frameshift_variant	transcript	TRANSCRIPT_gene-GU280_gp02	protein_coding	1	c.2346delT	p.Phe782fs	2346	3822	2346	3822	782	1273	0	frameshift_variant	NONE	c.2346delT	p.Phe782fs	1273
NC_045512.2	23903	GT	G	ORF3a	gene-GU280_gp03	MODIFIER	upstream_gene_variant	transcript	TRANSCRIPT_gene-GU280_gp03	protein_coding	-1	c.-1489delT	.	-1	-1	-1	-1	-1	-1	1489	upstream_gene_variant	NONE	c.-1489delT	.	-1
NC_045512.2	23903	GT	G	E	gene-GU280_gp04	MODIFIER	upstream_gene_variant	transcript	TRANSCRIPT_gene-GU280_gp04	protein_coding	-1	c.-2341delT	.	-1	-1	-1	-1	-1	-1	2341	upstream_gene_variant	NONE	c.-2341delT	.	-1
NC_045512.2	23903	GT	G	M	gene-GU280_gp05	MODIFIER	upstream_gene_variant	transcript	TRANSCRIPT_gene-GU280_gp05	protein_coding	-1	c.-2619delT	.	-1	-1	-1	-1	-1	-1	2619	upstream_gene_variant	NONE	c.-2619delT	.	-1
NC_045512.2	23903	GT	G	ORF6	gene-GU280_gp06	MODIFIER	upstream_gene_variant	transcript	TRANSCRIPT_gene-GU280_gp06	protein_coding	-1	c.-3298delT	.	-1	-1	-1	-1	-1	-1	3298	upstream_gene_variant	NONE	c.-3298delT	.	-1
NC_045512.2	23903	GT	G	ORF7a	gene-GU280_gp07	MODIFIER	upstream_gene_variant	transcript	TRANSCRIPT_gene-GU280_gp07	protein_coding	-1	c.-3490delT	.	-1	-1	-1	-1	-1	-1	3490	upstream_gene_variant	NONE	c.-3490delT	.	-1
NC_045512.2	23903	GT	G	ORF7b	gene-GU280_gp08	MODIFIER	upstream_gene_variant	transcript	TRANSCRIPT_gene-GU280_gp08	protein_coding	-1	c.-3852delT	.	-1	-1	-1	-1	-1	-1	3852	upstream_gene_variant	NONE	c.-3852delT	.	-1
NC_045512.2	23903	GT	G	ORF8	gene-GU280_gp09	MODIFIER	upstream_gene_variant	transcript	TRANSCRIPT_gene-GU280_gp09	protein_coding	-1	c.-3990delT	.	-1	-1	-1	-1	-1	-1	3990	upstream_gene_variant	NONE	c.-3990delT	.	-1
NC_045512.2	23903	GT	G	N	gene-GU280_gp10	MODIFIER	upstream_gene_variant	transcript	TRANSCRIPT_gene-GU280_gp10	protein_coding	-1	c.-4370delT	.	-1	-1	-1	-1	-1	-1	4370	upstream_gene_variant	NONE	c.-4370delT	.	-1
NC_045512.2	23903	GT	G	ORF1ab	gene-GU280_gp01	MODIFIER	downstream_gene_variant	transcript	TRANSCRIPT_gene-GU280_gp01	protein_coding	-1	c.*2349delT	.	-1	-1	-1	-1	-1	-1	2349	downstream_gene_variant	NONE	c.*2349delT	.	-1
NC_045512.2	25563	G	T	ORF3a	gene-GU280_gp03	MODERATE	missense_variant	transcript	TRANSCRIPT_gene-GU280_gp03	protein_coding	1	c.171G>T	p.Gln57His	171	828	171	828	57	275	0	missense_variant	NONE	c.171G>T	p.Gln57His	275
NC_045512.2	25563	G	T	E	gene-GU280_gp04	MODIFIER	upstream_gene_variant	transcript	TRANSCRIPT_gene-GU280_gp04	protein_coding	-1	c.-682G>T	.	-1	-1	-1	-1	-1	-1	682	upstream_gene_variant	NONE	c.-682G>T	.	-1
NC_045512.2	25563	G	T	M	gene-GU280_gp05	MODIFIER	upstream_gene_variant	transcript	TRANSCRIPT_gene-GU280_gp05	protein_coding	-1	c.-960G>T	.	-1	-1	-1	-1	-1	-1	960	upstream_gene_variant	NONE	c.-960G>T	.	-1
NC_045512.2	25563	G	T	ORF6	gene-GU280_gp06	MODIFIER	upstream_gene_variant	transcript	TRANSCRIPT_gene-GU280_gp06	protein_coding	-1	c.-1639G>T	.	-1	-1	-1	-1	-1	-1	1639	upstream_gene_variant	NONE	c.-1639G>T	.	-1
NC_045512.2	25563	G	T	ORF7a	gene-GU280_gp07	MODIFIER	upstream_gene_variant	transcript	TRANSCRIPT_gene-GU280_gp07	protein_coding	-1	c.-1831G>T	.	-1	-1	-1	-1	-1	-1	1831	upstream_gene_variant	NONE	c.-1831G>T	.	-1
NC_045512.2	25563	G	T	ORF7b	gene-GU280_gp08	MODIFIER	upstream_gene_variant	transcript	TRANSCRIPT_gene-GU280_gp08	protein_coding	-1	c.-2193G>T	.	-1	-1	-1	-1	-1	-1	2193	upstream_gene_variant	NONE	c.-2193G>T	.	-1
NC_045512.2	25563	G	T	ORF8	gene-GU280_gp09	MODIFIER	upstream_gene_variant	transcript	TRANSCRIPT_gene-GU280_gp09	protein_coding	-1	c.-2331G>T	.	-1	-1	-1	-1	-1	-1	2331	upstream_gene_variant	NONE	c.-2331G>T	.	-1
NC_045512.2	25563	G	T	N	gene-GU280_gp10	MODIFIER	upstream_gene_variant	transcript	TRANSCRIPT_gene-GU280_gp10	protein_coding	-1	c.-2711G>T	.	-1	-1	-1	-1	-1	-1	2711	upstream_gene_variant	NONE	c.-2711G>T	.	-1
NC_045512.2	25563	G	T	ORF10	gene-GU280_gp11	MODIFIER	upstream_gene_variant	transcript	TRANSCRIPT_gene-GU280_gp11	protein_coding	-1	c.-3995G>T	.	-1	-1	-1	-1	-1	-1	3995	upstream_gene_variant	NONE	c.-3995G>T	.	-1
NC_045512.2	25563	G	T	ORF1ab	gene-GU280_gp01	MODIFIER	downstream_gene_variant	transcript	TRANSCRIPT_gene-GU280_gp01	protein_coding	-1	c.*4008G>T	.	-1	-1	-1	-1	-1	-1	4008	downstream_gene_variant	NONE	c.*4008G>T	.	-1
NC_045512.2	25563	G	T	S	gene-GU280_gp02	MODIFIER	downstream_gene_variant	transcript	TRANSCRIPT_gene-GU280_gp02	protein_coding	-1	c.*179G>T	.	-1	-1	-1	-1	-1	-1	179	downstream_gene_variant	NONE	c.*179G>T	.	-1
NC_045512.2	25907	G	T	ORF3a	gene-GU280_gp03	MODERATE	missense_variant	transcript	TRANSCRIPT_gene-GU280_gp03	protein_coding	1	c.515G>T	p.Gly172Val	515	828	515	828	172	275	0	missense_variant	NONE	c.515G>T	p.Gly172Val	275
NC_045512.2	25907	G	T	E	gene-GU280_gp04	MODIFIER	upstream_gene_variant	transcript	TRANSCRIPT_gene-GU280_gp04	protein_coding	-1	c.-338G>T	.	-1	-1	-1	-1	-1	-1	338	upstream_gene_variant	NONE	c.-338G>T	.	-1
NC_045512.2	25907	G	T	M	gene-GU280_gp05	MODIFIER	upstream_gene_variant	transcript	TRANSCRIPT_gene-GU280_gp05	protein_coding	-1	c.-616G>T	.	-1	-1	-1	-1	-1	-1	616	upstream_gene_variant	NONE	c.-616G>T	.	-1
NC_045512.2	25907	G	T	ORF6	gene-GU280_gp06	MODIFIER	upstream_gene_variant	transcript	TRANSCRIPT_gene-GU280_gp06	protein_coding	-1	c.-1295G>T	.	-1	-1	-1	-1	-1	-1	1295	upstream_gene_variant	NONE	c.-1295G>T	.	-1
NC_045512.2	25907	G	T	ORF7a	gene-GU280_gp07	MODIFIER	upstream_gene_variant	transcript	TRANSCRIPT_gene-GU280_gp07	protein_coding	-1	c.-1487G>T	.	-1	-1	-1	-1	-1	-1	1487	upstream_gene_variant	NONE	c.-1487G>T	.	-1
NC_045512.2	25907	G	T	ORF7b	gene-GU280_gp08	MODIFIER	upstream_gene_variant	transcript	TRANSCRIPT_gene-GU280_gp08	protein_coding	-1	c.-1849G>T	.	-1	-1	-1	-1	-1	-1	1849	upstream_gene_variant	NONE	c.-1849G>T	.	-1
NC_045512.2	25907	G	T	ORF8	gene-GU280_gp09	MODIFIER	upstream_gene_variant	transcript	TRANSCRIPT_gene-GU280_gp09	protein_coding	-1	c.-1987G>T	.	-1	-1	-1	-1	-1	-1	1987	upstream_gene_variant	NONE	c.-1987G>T	.	-1
NC_045512.2	25907	G	T	N	gene-GU280_gp10	MODIFIER	upstream_gene_variant	transcript	TRANSCRIPT_gene-GU280_gp10	protein_coding	-1	c.-2367G>T	.	-1	-1	-1	-1	-1	-1	2367	upstream_gene_variant	NONE	c.-2367G>T	.	-1
NC_045512.2	25907	G	T	ORF10	gene-GU280_gp11	MODIFIER	upstream_gene_variant	transcript	TRANSCRIPT_gene-GU280_gp11	protein_coding	-1	c.-3651G>T	.	-1	-1	-1	-1	-1	-1	3651	upstream_gene_variant	NONE	c.-3651G>T	.	-1
NC_045512.2	25907	G	T	ORF1ab	gene-GU280_gp01	MODIFIER	downstream_gene_variant	transcript	TRANSCRIPT_gene-GU280_gp01	protein_coding	-1	c.*4352G>T	.	-1	-1	-1	-1	-1	-1	4352	downstream_gene_variant	NONE	c.*4352G>T	.	-1
NC_045512.2	25907	G	T	S	gene-GU280_gp02	MODIFIER	downstream_gene_variant	transcript	TRANSCRIPT_gene-GU280_gp02	protein_coding	-1	c.*523G>T	.	-1	-1	-1	-1	-1	-1	523	downstream_gene_variant	NONE	c.*523G>T	.	-1
NC_045512.2	26654	G	GT	M	gene-GU280_gp05	HIGH	frameshift_variant	transcript	TRANSCRIPT_gene-GU280_gp05	protein_coding	1	c.137dupT	p.Leu46fs	138	669	138	669	46	222	0	frameshift_variant	NONE	c.137dupT	p.Leu46fs	222
NC_045512.2	26654	G	GT	ORF6	gene-GU280_gp06	MODIFIER	upstream_gene_variant	transcript	TRANSCRIPT_gene-GU280_gp06	protein_coding	-1	c.-548_-547insT	.	-1	-1	-1	-1	-1	-1	547	upstream_gene_variant	NONE	c.-548_-547insT	.	-1
NC_045512.2	26654	G	GT	ORF7a	gene-GU280_gp07	MODIFIER	upstream_gene_variant	transcript	TRANSCRIPT_gene-GU280_gp07	protein_coding	-1	c.-740_-739insT	.	-1	-1	-1	-1	-1	-1	739	upstream_gene_variant	NONE	c.-740_-739insT	.	-1
NC_045512.2	26654	G	GT	ORF7b	gene-GU280_gp08	MODIFIER	upstream_gene_variant	transcript	TRANSCRIPT_gene-GU280_gp08	protein_coding	-1	c.-1102_-1101insT	.	-1	-1	-1	-1	-1	-1	1101	upstream_gene_variant	NONE	c.-1102_-1101insT	.	-1
NC_045512.2	26654	G	GT	ORF8	gene-GU280_gp09	MODIFIER	upstream_gene_variant	transcript	TRANSCRIPT_gene-GU280_gp09	protein_coding	-1	c.-1240_-1239insT	.	-1	-1	-1	-1	-1	-1	1239	upstream_gene_variant	NONE	c.-1240_-1239insT	.	-1
NC_045512.2	26654	G	GT	N	gene-GU280_gp10	MODIFIER	upstream_gene_variant	transcript	TRANSCRIPT_gene-GU280_gp10	protein_coding	-1	c.-1620_-1619insT	.	-1	-1	-1	-1	-1	-1	1619	upstream_gene_variant	NONE	c.-1620_-1619insT	.	-1
NC_045512.2	26654	G	GT	ORF10	gene-GU280_gp11	MODIFIER	upstream_gene_variant	transcript	TRANSCRIPT_gene-GU280_gp11	protein_coding	-1	c.-2904_-2903insT	.	-1	-1	-1	-1	-1	-1	2903	upstream_gene_variant	NONE	c.-2904_-2903insT	.	-1
NC_045512.2	26654	G	GT	S	gene-GU280_gp02	MODIFIER	downstream_gene_variant	transcript	TRANSCRIPT_gene-GU280_gp02	protein_coding	-1	c.*1270_*1271insT	.	-1	-1	-1	-1	-1	-1	1271	downstream_gene_variant	NONE	c.*1270_*1271insT	.	-1
NC_045512.2	26654	G	GT	ORF3a	gene-GU280_gp03	MODIFIER	downstream_gene_variant	transcript	TRANSCRIPT_gene-GU280_gp03	protein_coding	-1	c.*434_*435insT	.	-1	-1	-1	-1	-1	-1	435	downstream_gene_variant	NONE	c.*434_*435insT	.	-1
NC_045512.2	26654	G	GT	E	gene-GU280_gp04	MODIFIER	downstream_gene_variant	transcript	TRANSCRIPT_gene-GU280_gp04	protein_coding	-1	c.*182_*183insT	.	-1	-1	-1	-1	-1	-1	183	downstream_gene_variant	NONE	c.*182_*183insT	.	-1
NC_045512.2	26929	G	A	M	gene-GU280_gp05	MODERATE	missense_variant	transcript	TRANSCRIPT_gene-GU280_gp05	protein_coding	1	c.407G>A	p.Ser136Asn	407	669	407	669	136	222	0	missense_variant	NONE	c.407G>A	p.Ser136Asn	222
NC_045512.2	26929	G	A	ORF6	gene-GU280_gp06	MODIFIER	upstream_gene_variant	transcript	TRANSCRIPT_gene-GU280_gp06	protein_coding	-1	c.-273G>A	.	-1	-1	-1	-1	-1	-1	273	upstream_gene_variant	NONE	c.-273G>A	.	-1
NC_045512.2	26929	G	A	ORF7a	gene-GU280_gp07	MODIFIER	upstream_gene_variant	transcript	TRANSCRIPT_gene-GU280_gp07	protein_coding	-1	c.-465G>A	.	-1	-1	-1	-1	-1	-1	465	upstream_gene_variant	NONE	c.-465G>A	.	-1
NC_045512.2	26929	G	A	ORF7b	gene-GU280_gp08	MODIFIER	upstream_gene_variant	transcript	TRANSCRIPT_gene-GU280_gp08	protein_coding	-1	c.-827G>A	.	-1	-1	-1	-1	-1	-1	827	upstream_gene_variant	NONE	c.-827G>A	.	-1
NC_045512.2	26929	G	A	ORF8	gene-GU280_gp09	MODIFIER	upstream_gene_variant	transcript	TRANSCRIPT_gene-GU280_gp09	protein_coding	-1	c.-965G>A	.	-1	-1	-1	-1	-1	-1	965	upstream_gene_variant	NONE	c.-965G>A	.	-1
NC_045512.2	26929	G	A	N	gene-GU280_gp10	MODIFIER	upstream_gene_variant	transcript	TRANSCRIPT_gene-GU280_gp10	protein_coding	-1	c.-1345G>A	.	-1	-1	-1	-1	-1	-1	1345	upstream_gene_variant	NONE	c.-1345G>A	.	-1
NC_045512.2	26929	G	A	ORF10	gene-GU280_gp11	MODIFIER	upstream_gene_variant	transcript	TRANSCRIPT_gene-GU280_gp11	protein_coding	-1	c.-2629G>A	.	-1	-1	-1	-1	-1	-1	2629	upstream_gene_variant	NONE	c.-2629G>A	.	-1
NC_045512.2	26929	G	A	S	gene-GU280_gp02	MODIFIER	downstream_gene_variant	transcript	TRANSCRIPT_gene-GU280_gp02	protein_coding	-1	c.*1545G>A	.	-1	-1	-1	-1	-1	-1	1545	downstream_gene_variant	NONE	c.*1545G>A	.	-1
NC_045512.2	26929	G	A	ORF3a	gene-GU280_gp03	MODIFIER	downstream_gene_variant	transcript	TRANSCRIPT_gene-GU280_gp03	protein_coding	-1	c.*709G>A	.	-1	-1	-1	-1	-1	-1	709	downstream_gene_variant	NONE	c.*709G>A	.	-1
NC_045512.2	26929	G	A	E	gene-GU280_gp04	MODIFIER	downstream_gene_variant	transcript	TRANSCRIPT_gene-GU280_gp04	protein_coding	-1	c.*457G>A	.	-1	-1	-1	-1	-1	-1	457	downstream_gene_variant	NONE	c.*457G>A	.	-1
NC_045512.2	27224	A	T	ORF6	gene-GU280_gp06	MODERATE	missense_variant	transcript	TRANSCRIPT_gene-GU280_gp06	protein_coding	1	c.23A>T	p.Gln8Leu	23	186	23	186	8	61	0	missense_variant	NONE	c.23A>T	p.Gln8Leu	61
NC_045512.2	27224	A	T	ORF7a	gene-GU280_gp07	MODIFIER	upstream_gene_variant	transcript	TRANSCRIPT_gene-GU280_gp07	protein_coding	-1	c.-170A>T	.	-1	-1	-1	-1	-1	-1	170	upstream_gene_variant	NONE	c.-170A>T	.	-1
NC_045512.2	27224	A	T	ORF7b	gene-GU280_gp08	MODIFIER	upstream_gene_variant	transcript	TRANSCRIPT_gene-GU280_gp08	protein_coding	-1	c.-532A>T	.	-1	-1	-1	-1	-1	-1	532	upstream_gene_variant	NONE	c.-532A>T	.	-1
NC_045512.2	27224	A	T	ORF8	gene-GU280_gp09	MODIFIER	upstream_gene_variant	transcript	TRANSCRIPT_gene-GU280_gp09	protein_coding	-1	c.-670A>T	.	-1	-1	-1	-1	-1	-1	670	upstream_gene_variant	NONE	c.-670A>T	.	-1
NC_045512.2	27224	A	T	N	gene-GU280_gp10	MODIFIER	upstream_gene_variant	transcript	TRANSCRIPT_gene-GU280_gp10	protein_coding	-1	c.-1050A>T	.	-1	-1	-1	-1	-1	-1	1050	upstream_gene_variant	NONE	c.-1050A>T	.	-1
NC_045512.2	27224	A	T	ORF10	gene-GU280_gp11	MODIFIER	upstream_gene_variant	transcript	TRANSCRIPT_gene-GU280_gp11	protein_coding	-1	c.-2334A>T	.	-1	-1	-1	-1	-1	-1	2334	upstream_gene_variant	NONE	c.-2334A>T	.	-1
NC_045512.2	27224	A	T	S	gene-GU280_gp02	MODIFIER	downstream_gene_variant	transcript	TRANSCRIPT_gene-GU280_gp02	protein_coding	-1	c.*1840A>T	.	-1	-1	-1	-1	-1	-1	1840	downstream_gene_variant	NONE	c.*1840A>T	.	-1
NC_045512.2	27224	A	T	ORF3a	gene-GU280_gp03	MODIFIER	downstream_gene_variant	transcript	TRANSCRIPT_gene-GU280_gp03	protein_coding	-1	c.*1004A>T	.	-1	-1	-1	-1	-1	-1	1004	downstream_gene_variant	NONE	c.*1004A>T	.	-1
NC_045512.2	27224	A	T	E	gene-GU280_gp04	MODIFIER	downstream_gene_variant	transcript	TRANSCRIPT_gene-GU280_gp04	protein_coding	-1	c.*752A>T	.	-1	-1	-1	-1	-1	-1	752	downstream_gene_variant	NONE	c.*752A>T	.	-1
NC_045512.2	27224	A	T	M	gene-GU280_gp05	MODIFIER	downstream_gene_variant	transcript	TRANSCRIPT_gene-GU280_gp05	protein_coding	-1	c.*33A>T	.	-1	-1	-1	-1	-1	-1	33	downstream_gene_variant	NONE	c.*33A>T	.	-1
NC_045512.2	27229	A	T	ORF6	gene-GU280_gp06	MODERATE	missense_variant	transcript	TRANSCRIPT_gene-GU280_gp06	protein_coding	1	c.28A>T	p.Thr10Ser	28	186	28	186	10	61	0	missense_variant	NONE	c.28A>T	p.Thr10Ser	61
NC_045512.2	27229	A	T	ORF7a	gene-GU280_gp07	MODIFIER	upstream_gene_variant	transcript	TRANSCRIPT_gene-GU280_gp07	protein_coding	-1	c.-165A>T	.	-1	-1	-1	-1	-1	-1	165	upstream_gene_variant	NONE	c.-165A>T	.	-1
NC_045512.2	27229	A	T	ORF7b	gene-GU280_gp08	MODIFIER	upstream_gene_variant	transcript	TRANSCRIPT_gene-GU280_gp08	protein_coding	-1	c.-527A>T	.	-1	-1	-1	-1	-1	-1	527	upstream_gene_variant	NONE	c.-527A>T	.	-1
NC_045512.2	27229	A	T	ORF8	gene-GU280_gp09	MODIFIER	upstream_gene_variant	transcript	TRANSCRIPT_gene-GU280_gp09	protein_coding	-1	c.-665A>T	.	-1	-1	-1	-1	-1	-1	665	upstream_gene_variant	NONE	c.-665A>T	.	-1
NC_045512.2	27229	A	T	N	gene-GU280_gp10	MODIFIER	upstream_gene_variant	transcript	TRANSCRIPT_gene-GU280_gp10	protein_coding	-1	c.-1045A>T	.	-1	-1	-1	-1	-1	-1	1045	upstream_gene_variant	NONE	c.-1045A>T	.	-1
NC_045512.2	27229	A	T	ORF10	gene-GU280_gp11	MODIFIER	upstream_gene_variant	transcript	TRANSCRIPT_gene-GU280_gp11	protein_coding	-1	c.-2329A>T	.	-1	-1	-1	-1	-1	-1	2329	upstream_gene_variant	NONE	c.-2329A>T	.	-1
NC_045512.2	27229	A	T	S	gene-GU280_gp02	MODIFIER	downstream_gene_variant	transcript	TRANSCRIPT_gene-GU280_gp02	protein_coding	-1	c.*1845A>T	.	-1	-1	-1	-1	-1	-1	1845	downstream_gene_variant	NONE	c.*1845A>T	.	-1
NC_045512.2	27229	A	T	ORF3a	gene-GU280_gp03	MODIFIER	downstream_gene_variant	transcript	TRANSCRIPT_gene-GU280_gp03	protein_coding	-1	c.*1009A>T	.	-1	-1	-1	-1	-1	-1	1009	downstream_gene_variant	NONE	c.*1009A>T	.	-1
NC_045512.2	27229	A	T	E	gene-GU280_gp04	MODIFIER	downstream_gene_variant	transcript	TRANSCRIPT_gene-GU280_gp04	protein_coding	-1	c.*757A>T	.	-1	-1	-1	-1	-1	-1	757	downstream_gene_variant	NONE	c.*757A>T	.	-1
NC_045512.2	27229	A	T	M	gene-GU280_gp05	MODIFIER	downstream_gene_variant	transcript	TRANSCRIPT_gene-GU280_gp05	protein_coding	-1	c.*38A>T	.	-1	-1	-1	-1	-1	-1	38	downstream_gene_variant	NONE	c.*38A>T	.	-1
NC_045512.2	27229	A	G	ORF6	gene-GU280_gp06	MODERATE	missense_variant	transcript	TRANSCRIPT_gene-GU280_gp06	protein_coding	1	c.28A>G	p.Thr10Ala	28	186	28	186	10	61	0	missense_variant	NONE	c.28A>G	p.Thr10Ala	61
NC_045512.2	27229	A	G	ORF7a	gene-GU280_gp07	MODIFIER	upstream_gene_variant	transcript	TRANSCRIPT_gene-GU280_gp07	protein_coding	-1	c.-165A>G	.	-1	-1	-1	-1	-1	-1	165	upstream_gene_variant	NONE	c.-165A>G	.	-1
NC_045512.2	27229	A	G	ORF7b	gene-GU280_gp08	MODIFIER	upstream_gene_variant	transcript	TRANSCRIPT_gene-GU280_gp08	protein_coding	-1	c.-527A>G	.	-1	-1	-1	-1	-1	-1	527	upstream_gene_variant	NONE	c.-527A>G	.	-1
NC_045512.2	27229	A	G	ORF8	gene-GU280_gp09	MODIFIER	upstream_gene_variant	transcript	TRANSCRIPT_gene-GU280_gp09	protein_coding	-1	c.-665A>G	.	-1	-1	-1	-1	-1	-1	665	upstream_gene_variant	NONE	c.-665A>G	.	-1
NC_045512.2	27229	A	G	N	gene-GU280_gp10	MODIFIER	upstream_gene_variant	transcript	TRANSCRIPT_gene-GU280_gp10	protein_coding	-1	c.-1045A>G	.	-1	-1	-1	-1	-1	-1	1045	upstream_gene_variant	NONE	c.-1045A>G	.	-1
NC_045512.2	27229	A	G	ORF10	gene-GU280_gp11	MODIFIER	upstream_gene_variant	transcript	TRANSCRIPT_gene-GU280_gp11	protein_coding	-1	c.-2329A>G	.	-1	-1	-1	-1	-1	-1	2329	upstream_gene_variant	NONE	c.-2329A>G	.	-1
NC_045512.2	27229	A	G	S	gene-GU280_gp02	MODIFIER	downstream_gene_variant	transcript	TRANSCRIPT_gene-GU280_gp02	protein_coding	-1	c.*1845A>G	.	-1	-1	-1	-1	-1	-1	1845	downstream_gene_variant	NONE	c.*1845A>G	.	-1
NC_045512.2	27229	A	G	ORF3a	gene-GU280_gp03	MODIFIER	downstream_gene_variant	transcript	TRANSCRIPT_gene-GU280_gp03	protein_coding	-1	c.*1009A>G	.	-1	-1	-1	-1	-1	-1	1009	downstream_gene_variant	NONE	c.*1009A>G	.	-1
NC_045512.2	27229	A	G	E	gene-GU280_gp04	MODIFIER	downstream_gene_variant	transcript	TRANSCRIPT_gene-GU280_gp04	protein_coding	-1	c.*757A>G	.	-1	-1	-1	-1	-1	-1	757	downstream_gene_variant	NONE	c.*757A>G	.	-1
NC_045512.2	27229	A	G	M	gene-GU280_gp05	MODIFIER	downstream_gene_variant	transcript	TRANSCRIPT_gene-GU280_gp05	protein_coding	-1	c.*38A>G	.	-1	-1	-1	-1	-1	-1	38	downstream_gene_variant	NONE	c.*38A>G	.	-1
NC_045512.2	27236	C	T	ORF6	gene-GU280_gp06	MODERATE	missense_variant	transcript	TRANSCRIPT_gene-GU280_gp06	protein_coding	1	c.35C>T	p.Ala12Val	35	186	35	186	12	61	0	missense_variant	NONE	c.35C>T	p.Ala12Val	61
NC_045512.2	27236	C	T	ORF7a	gene-GU280_gp07	MODIFIER	upstream_gene_variant	transcript	TRANSCRIPT_gene-GU280_gp07	protein_coding	-1	c.-158C>T	.	-1	-1	-1	-1	-1	-1	158	upstream_gene_variant	NONE	c.-158C>T	.	-1
NC_045512.2	27236	C	T	ORF7b	gene-GU280_gp08	MODIFIER	upstream_gene_variant	transcript	TRANSCRIPT_gene-GU280_gp08	protein_coding	-1	c.-520C>T	.	-1	-1	-1	-1	-1	-1	520	upstream_gene_variant	NONE	c.-520C>T	.	-1
NC_045512.2	27236	C	T	ORF8	gene-GU280_gp09	MODIFIER	upstream_gene_variant	transcript	TRANSCRIPT_gene-GU280_gp09	protein_coding	-1	c.-658C>T	.	-1	-1	-1	-1	-1	-1	658	upstream_gene_variant	NONE	c.-658C>T	.	-1
NC_045512.2	27236	C	T	N	gene-GU280_gp10	MODIFIER	upstream_gene_variant	transcript	TRANSCRIPT_gene-GU280_gp10	protein_coding	-1	c.-1038C>T	.	-1	-1	-1	-1	-1	-1	1038	upstream_gene_variant	NONE	c.-1038C>T	.	-1
NC_045512.2	27236	C	T	ORF10	gene-GU280_gp11	MODIFIER	upstream_gene_variant	transcript	TRANSCRIPT_gene-GU280_gp11	protein_coding	-1	c.-2322C>T	.	-1	-1	-1	-1	-1	-1	2322	upstream_gene_variant	NONE	c.-2322C>T	.	-1
NC_045512.2	27236	C	T	S	gene-GU280_gp02	MODIFIER	downstream_gene_variant	transcript	TRANSCRIPT_gene-GU280_gp02	protein_coding	-1	c.*1852C>T	.	-1	-1	-1	-1	-1	-1	1852	downstream_gene_variant	NONE	c.*1852C>T	.	-1
NC_045512.2	27236	C	T	ORF3a	gene-GU280_gp03	MODIFIER	downstream_gene_variant	transcript	TRANSCRIPT_gene-GU280_gp03	protein_coding	-1	c.*1016C>T	.	-1	-1	-1	-1	-1	-1	1016	downstream_gene_variant	NONE	c.*1016C>T	.	-1
NC_045512.2	27236	C	T	E	gene-GU280_gp04	MODIFIER	downstream_gene_variant	transcript	TRANSCRIPT_gene-GU280_gp04	protein_coding	-1	c.*764C>T	.	-1	-1	-1	-1	-1	-1	764	downstream_gene_variant	NONE	c.*764C>T	.	-1
NC_045512.2	27236	C	T	M	gene-GU280_gp05	MODIFIER	downstream_gene_variant	transcript	TRANSCRIPT_gene-GU280_gp05	protein_coding	-1	c.*45C>T	.	-1	-1	-1	-1	-1	-1	45	downstream_gene_variant	NONE	c.*45C>T	.	-1
NC_045512.2	27288	T	C	ORF6	gene-GU280_gp06	LOW	synonymous_variant	transcript	TRANSCRIPT_gene-GU280_gp06	protein_coding	1	c.87T>C	p.Leu29Leu	87	186	87	186	29	61	0	synonymous_variant	NONE	c.87T>C	p.Leu29Leu	61
NC_045512.2	27288	T	C	ORF7a	gene-GU280_gp07	MODIFIER	upstream_gene_variant	transcript	TRANSCRIPT_gene-GU280_gp07	protein_coding	-1	c.-106T>C	.	-1	-1	-1	-1	-1	-1	106	upstream_gene_variant	NONE	c.-106T>C	.	-1
NC_045512.2	27288	T	C	ORF7b	gene-GU280_gp08	MODIFIER	upstream_gene_variant	transcript	TRANSCRIPT_gene-GU280_gp08	protein_coding	-1	c.-468T>C	.	-1	-1	-1	-1	-1	-1	468	upstream_gene_variant	NONE	c.-468T>C	.	-1
NC_045512.2	27288	T	C	ORF8	gene-GU280_gp09	MODIFIER	upstream_gene_variant	transcript	TRANSCRIPT_gene-GU280_gp09	protein_coding	-1	c.-606T>C	.	-1	-1	-1	-1	-1	-1	606	upstream_gene_variant	NONE	c.-606T>C	.	-1
NC_045512.2	27288	T	C	N	gene-GU280_gp10	MODIFIER	upstream_gene_variant	transcript	TRANSCRIPT_gene-GU280_gp10	protein_coding	-1	c.-986T>C	.	-1	-1	-1	-1	-1	-1	986	upstream_gene_variant	NONE	c.-986T>C	.	-1
NC_045512.2	27288	T	C	ORF10	gene-GU280_gp11	MODIFIER	upstream_gene_variant	transcript	TRANSCRIPT_gene-GU280_gp11	protein_coding	-1	c.-2270T>C	.	-1	-1	-1	-1	-1	-1	2270	upstream_gene_variant	NONE	c.-2270T>C	.	-1
NC_045512.2	27288	T	C	S	gene-GU280_gp02	MODIFIER	downstream_gene_variant	transcript	TRANSCRIPT_gene-GU280_gp02	protein_coding	-1	c.*1904T>C	.	-1	-1	-1	-1	-1	-1	1904	downstream_gene_variant	NONE	c.*1904T>C	.	-1
NC_045512.2	27288	T	C	ORF3a	gene-GU280_gp03	MODIFIER	downstream_gene_variant	transcript	TRANSCRIPT_gene-GU280_gp03	protein_coding	-1	c.*1068T>C	.	-1	-1	-1	-1	-1	-1	1068	downstream_gene_variant	NONE	c.*1068T>C	.	-1
NC_045512.2	27288	T	C	E	gene-GU280_gp04	MODIFIER	downstream_gene_variant	transcript	TRANSCRIPT_gene-GU280_gp04	protein_coding	-1	c.*816T>C	.	-1	-1	-1	-1	-1	-1	816	downstream_gene_variant	NONE	c.*816T>C	.	-1
NC_045512.2	27288	T	C	M	gene-GU280_gp05	MODIFIER	downstream_gene_variant	transcript	TRANSCRIPT_gene-GU280_gp05	protein_coding	-1	c.*97T>C	.	-1	-1	-1	-1	-1	-1	97	downstream_gene_variant	NONE	c.*97T>C	.	-1
NC_045512.2	27352	C	CA	ORF6	gene-GU280_gp06	HIGH	frameshift_variant	transcript	TRANSCRIPT_gene-GU280_gp06	protein_coding	1	c.153dupA	p.Leu52fs	154	186	154	186	52	61	0	frameshift_variant	NONE	c.153dupA	p.Leu52fs	61
NC_045512.2	27352	C	CA	ORF7a	gene-GU280_gp07	MODIFIER	upstream_gene_variant	transcript	TRANSCRIPT_gene-GU280_gp07	protein_coding	-1	c.-42_-41insA	.	-1	-1	-1	-1	-1	-1	41	upstream_gene_variant	NONE	c.-42_-41insA	.	-1
NC_045512.2	27352	C	CA	ORF7b	gene-GU280_gp08	MODIFIER	upstream_gene_variant	transcript	TRANSCRIPT_gene-GU280_gp08	protein_coding	-1	c.-404_-403insA	.	-1	-1	-1	-1	-1	-1	403	upstream_gene_variant	NONE	c.-404_-403insA	.	-1
NC_045512.2	27352	C	CA	ORF8	gene-GU280_gp09	MODIFIER	upstream_gene_variant	transcript	TRANSCRIPT_gene-GU280_gp09	protein_coding	-1	c.-542_-541insA	.	-1	-1	-1	-1	-1	-1	541	upstream_gene_variant	NONE	c.-542_-541insA	.	-1
NC_045512.2	27352	C	CA	N	gene-GU280_gp10	MODIFIER	upstream_gene_variant	transcript	TRANSCRIPT_gene-GU280_gp10	protein_coding	-1	c.-922_-921insA	.	-1	-1	-1	-1	-1	-1	921	upstream_gene_variant	NONE	c.-922_-921insA	.	-1
NC_045512.2	27352	C	CA	ORF10	gene-GU280_gp11	MODIFIER	upstream_gene_variant	transcript	TRANSCRIPT_gene-GU280_gp11	protein_coding	-1	c.-2206_-2205insA	.	-1	-1	-1	-1	-1	-1	2205	upstream_gene_variant	NONE	c.-2206_-2205insA	.	-1
NC_045512.2	27352	C	CA	S	gene-GU280_gp02	MODIFIER	downstream_gene_variant	transcript	TRANSCRIPT_gene-GU280_gp02	protein_coding	-1	c.*1968_*1969insA	.	-1	-1	-1	-1	-1	-1	1969	downstream_gene_variant	NONE	c.*1968_*1969insA	.	-1
NC_045512.2	27352	C	CA	ORF3a	gene-GU280_gp03	MODIFIER	downstream_gene_variant	transcript	TRANSCRIPT_gene-GU280_gp03	protein_coding	-1	c.*1132_*1133insA	.	-1	-1	-1	-1	-1	-1	1133	downstream_gene_variant	NONE	c.*1132_*1133insA	.	-1
NC_045512.2	27352	C	CA	E	gene-GU280_gp04	MODIFIER	downstream_gene_variant	transcript	TRANSCRIPT_gene-GU280_gp04	protein_coding	-1	c.*880_*881insA	.	-1	-1	-1	-1	-1	-1	881	downstream_gene_variant	NONE	c.*880_*881insA	.	-1
NC_045512.2	27352	C	CA	M	gene-GU280_gp05	MODIFIER	downstream_gene_variant	transcript	TRANSCRIPT_gene-GU280_gp05	protein_coding	-1	c.*161_*162insA	.	-1	-1	-1	-1	-1	-1	162	downstream_gene_variant	NONE	c.*161_*162insA	.	-1
NC_045512.2	27380	T	C	ORF6	gene-GU280_gp06	MODERATE	missense_variant	transcript	TRANSCRIPT_gene-GU280_gp06	protein_coding	1	c.179T>C	p.Ile60Thr	179	186	179	186	60	61	0	missense_variant	NONE	c.179T>C	p.Ile60Thr	61
NC_045512.2	27380	T	C	ORF7a	gene-GU280_gp07	MODIFIER	upstream_gene_variant	transcript	TRANSCRIPT_gene-GU280_gp07	protein_coding	-1	c.-14T>C	.	-1	-1	-1	-1	-1	-1	14	upstream_gene_variant	NONE	c.-14T>C	.	-1
NC_045512.2	27380	T	C	ORF7b	gene-GU280_gp08	MODIFIER	upstream_gene_variant	transcript	TRANSCRIPT_gene-GU280_gp08	protein_coding	-1	c.-376T>C	.	-1	-1	-1	-1	-1	-1	376	upstream_gene_variant	NONE	c.-376T>C	.	-1
NC_045512.2	27380	T	C	ORF8	gene-GU280_gp09	MODIFIER	upstream_gene_variant	transcript	TRANSCRIPT_gene-GU280_gp09	protein_coding	-1	c.-514T>C	.	-1	-1	-1	-1	-1	-1	514	upstream_gene_variant	NONE	c.-514T>C	.	-1
NC_045512.2	27380	T	C	N	gene-GU280_gp10	MODIFIER	upstream_gene_variant	transcript	TRANSCRIPT_gene-GU280_gp10	protein_coding	-1	c.-894T>C	.	-1	-1	-1	-1	-1	-1	894	upstream_gene_variant	NONE	c.-894T>C	.	-1
NC_045512.2	27380	T	C	ORF10	gene-GU280_gp11	MODIFIER	upstream_gene_variant	transcript	TRANSCRIPT_gene-GU280_gp11	protein_coding	-1	c.-2178T>C	.	-1	-1	-1	-1	-1	-1	2178	upstream_gene_variant	NONE	c.-2178T>C	.	-1
NC_045512.2	27380	T	C	S	gene-GU280_gp02	MODIFIER	downstream_gene_variant	transcript	TRANSCRIPT_gene-GU280_gp02	protein_coding	-1	c.*1996T>C	.	-1	-1	-1	-1	-1	-1	1996	downstream_gene_variant	NONE	c.*1996T>C	.	-1
NC_045512.2	27380	T	C	ORF3a	gene-GU280_gp03	MODIFIER	downstream_gene_variant	transcript	TRANSCRIPT_gene-GU280_gp03	protein_coding	-1	c.*1160T>C	.	-1	-1	-1	-1	-1	-1	1160	downstream_gene_variant	NONE	c.*1160T>C	.	-1
NC_045512.2	27380	T	C	E	gene-GU280_gp04	MODIFIER	downstream_gene_variant	transcript	TRANSCRIPT_gene-GU280_gp04	protein_coding	-1	c.*908T>C	.	-1	-1	-1	-1	-1	-1	908	downstream_gene_variant	NONE	c.*908T>C	.	-1
NC_045512.2	27380	T	C	M	gene-GU280_gp05	MODIFIER	downstream_gene_variant	transcript	TRANSCRIPT_gene-GU280_gp05	protein_coding	-1	c.*189T>C	.	-1	-1	-1	-1	-1	-1	189	downstream_gene_variant	NONE	c.*189T>C	.	-1
NC_045512.2	27964	C	T	ORF8	gene-GU280_gp09	MODERATE	missense_variant	transcript	TRANSCRIPT_gene-GU280_gp09	protein_coding	1	c.71C>T	p.Ser24Leu	71	366	71	366	24	121	0	missense_variant	NONE	c.71C>T	p.Ser24Leu	121
NC_045512.2	27964	C	T	N	gene-GU280_gp10	MODIFIER	upstream_gene_variant	transcript	TRANSCRIPT_gene-GU280_gp10	protein_coding	-1	c.-310C>T	.	-1	-1	-1	-1	-1	-1	310	upstream_gene_variant	NONE	c.-310C>T	.	-1
NC_045512.2	27964	C	T	ORF10	gene-GU280_gp11	MODIFIER	upstream_gene_variant	transcript	TRANSCRIPT_gene-GU280_gp11	protein_coding	-1	c.-1594C>T	.	-1	-1	-1	-1	-1	-1	1594	upstream_gene_variant	NONE	c.-1594C>T	.	-1
NC_045512.2	27964	C	T	S	gene-GU280_gp02	MODIFIER	downstream_gene_variant	transcript	TRANSCRIPT_gene-GU280_gp02	protein_coding	-1	c.*2580C>T	.	-1	-1	-1	-1	-1	-1	2580	downstream_gene_variant	NONE	c.*2580C>T	.	-1
NC_045512.2	27964	C	T	ORF3a	gene-GU280_gp03	MODIFIER	downstream_gene_variant	transcript	TRANSCRIPT_gene-GU280_gp03	protein_coding	-1	c.*1744C>T	.	-1	-1	-1	-1	-1	-1	1744	downstream_gene_variant	NONE	c.*1744C>T	.	-1
NC_045512.2	27964	C	T	E	gene-GU280_gp04	MODIFIER	downstream_gene_variant	transcript	TRANSCRIPT_gene-GU280_gp04	protein_coding	-1	c.*1492C>T	.	-1	-1	-1	-1	-1	-1	1492	downstream_gene_variant	NONE	c.*1492C>T	.	-1
NC_045512.2	27964	C	T	M	gene-GU280_gp05	MODIFIER	downstream_gene_variant	transcript	TRANSCRIPT_gene-GU280_gp05	protein_coding	-1	c.*773C>T	.	-1	-1	-1	-1	-1	-1	773	downstream_gene_variant	NONE	c.*773C>T	.	-1
NC_045512.2	27964	C	T	ORF6	gene-GU280_gp06	MODIFIER	downstream_gene_variant	transcript	TRANSCRIPT_gene-GU280_gp06	protein_coding	-1	c.*577C>T	.	-1	-1	-1	-1	-1	-1	577	downstream_gene_variant	NONE	c.*577C>T	.	-1
NC_045512.2	27964	C	T	ORF7a	gene-GU280_gp07	MODIFIER	downstream_gene_variant	transcript	TRANSCRIPT_gene-GU280_gp07	protein_coding	-1	c.*205C>T	.	-1	-1	-1	-1	-1	-1	205	downstream_gene_variant	NONE	c.*205C>T	.	-1
NC_045512.2	27964	C	T	ORF7b	gene-GU280_gp08	MODIFIER	downstream_gene_variant	transcript	TRANSCRIPT_gene-GU280_gp08	protein_coding	-1	c.*77C>T	.	-1	-1	-1	-1	-1	-1	77	downstream_gene_variant	NONE	c.*77C>T	.	-1
NC_045512.2	28472	C	T	N	gene-GU280_gp10	MODERATE	missense_variant	transcript	TRANSCRIPT_gene-GU280_gp10	protein_coding	1	c.199C>T	p.Pro67Ser	199	1260	199	1260	67	419	0	missense_variant	NONE	c.199C>T	p.Pro67Ser	419
NC_045512.2	28472	C	T	ORF10	gene-GU280_gp11	MODIFIER	upstream_gene_variant	transcript	TRANSCRIPT_gene-GU280_gp11	protein_coding	-1	c.-1086C>T	.	-1	-1	-1	-1	-1	-1	1086	upstream_gene_variant	NONE	c.-1086C>T	.	-1
NC_045512.2	28472	C	T	S	gene-GU280_gp02	MODIFIER	downstream_gene_variant	transcript	TRANSCRIPT_gene-GU280_gp02	protein_coding	-1	c.*3088C>T	.	-1	-1	-1	-1	-1	-1	3088	downstream_gene_variant	NONE	c.*3088C>T	.	-1
NC_045512.2	28472	C	T	ORF3a	gene-GU280_gp03	MODIFIER	downstream_gene_variant	transcript	TRANSCRIPT_gene-GU280_gp03	protein_coding	-1	c.*2252C>T	.	-1	-1	-1	-1	-1	-1	2252	downstream_gene_variant	NONE	c.*2252C>T	.	-1
NC_045512.2	28472	C	T	E	gene-GU280_gp04	MODIFIER	downstream_gene_variant	transcript	TRANSCRIPT_gene-GU280_gp04	protein_coding	-1	c.*2000C>T	.	-1	-1	-1	-1	-1	-1	2000	downstream_gene_variant	NONE	c.*2000C>T	.	-1
NC_045512.2	28472	C	T	M	gene-GU280_gp05	MODIFIER	downstream_gene_variant	transcript	TRANSCRIPT_gene-GU280_gp05	protein_coding	-1	c.*1281C>T	.	-1	-1	-1	-1	-1	-1	1281	downstream_gene_variant	NONE	c.*1281C>T	.	-1
NC_045512.2	28472	C	T	ORF6	gene-GU280_gp06	MODIFIER	downstream_gene_variant	transcript	TRANSCRIPT_gene-GU280_gp06	protein_coding	-1	c.*1085C>T	.	-1	-1	-1	-1	-1	-1	1085	downstream_gene_variant	NONE	c.*1085C>T	.	-1
NC_045512.2	28472	C	T	ORF7a	gene-GU280_gp07	MODIFIER	downstream_gene_variant	transcript	TRANSCRIPT_gene-GU280_gp07	protein_coding	-1	c.*713C>T	.	-1	-1	-1	-1	-1	-1	713	downstream_gene_variant	NONE	c.*713C>T	.	-1
NC_045512.2	28472	C	T	ORF7b	gene-GU280_gp08	MODIFIER	downstream_gene_variant	transcript	TRANSCRIPT_gene-GU280_gp08	protein_coding	-1	c.*585C>T	.	-1	-1	-1	-1	-1	-1	585	downstream_gene_variant	NONE	c.*585C>T	.	-1
NC_045512.2	28472	C	T	ORF8	gene-GU280_gp09	MODIFIER	downstream_gene_variant	transcript	TRANSCRIPT_gene-GU280_gp09	protein_coding	-1	c.*213C>T	.	-1	-1	-1	-1	-1	-1	213	downstream_gene_variant	NONE	c.*213C>T	.	-1
NC_045512.2	28869	C	T	N	gene-GU280_gp10	MODERATE	missense_variant	transcript	TRANSCRIPT_gene-GU280_gp10	protein_coding	1	c.596C>T	p.Pro199Leu	596	1260	596	1260	199	419	0	missense_variant	NONE	c.596C>T	p.Pro199Leu	419
NC_045512.2	28869	C	T	ORF10	gene-GU280_gp11	MODIFIER	upstream_gene_variant	transcript	TRANSCRIPT_gene-GU280_gp11	protein_coding	-1	c.-689C>T	.	-1	-1	-1	-1	-1	-1	689	upstream_gene_variant	NONE	c.-689C>T	.	-1
NC_045512.2	28869	C	T	S	gene-GU280_gp02	MODIFIER	downstream_gene_variant	transcript	TRANSCRIPT_gene-GU280_gp02	protein_coding	-1	c.*3485C>T	.	-1	-1	-1	-1	-1	-1	3485	downstream_gene_variant	NONE	c.*3485C>T	.	-1
NC_045512.2	28869	C	T	ORF3a	gene-GU280_gp03	MODIFIER	downstream_gene_variant	transcript	TRANSCRIPT_gene-GU280_gp03	protein_coding	-1	c.*2649C>T	.	-1	-1	-1	-1	-1	-1	2649	downstream_gene_variant	NONE	c.*2649C>T	.	-1
NC_045512.2	28869	C	T	E	gene-GU280_gp04	MODIFIER	downstream_gene_variant	transcript	TRANSCRIPT_gene-GU280_gp04	protein_coding	-1	c.*2397C>T	.	-1	-1	-1	-1	-1	-1	2397	downstream_gene_variant	NONE	c.*2397C>T	.	-1
NC_045512.2	28869	C	T	M	gene-GU280_gp05	MODIFIER	downstream_gene_variant	transcript	TRANSCRIPT_gene-GU280_gp05	protein_coding	-1	c.*1678C>T	.	-1	-1	-1	-1	-1	-1	1678	downstream_gene_variant	NONE	c.*1678C>T	.	-1
NC_045512.2	28869	C	T	ORF6	gene-GU280_gp06	MODIFIER	downstream_gene_variant	transcript	TRANSCRIPT_gene-GU280_gp06	protein_coding	-1	c.*1482C>T	.	-1	-1	-1	-1	-1	-1	1482	downstream_gene_variant	NONE	c.*1482C>T	.	-1
NC_045512.2	28869	C	T	ORF7a	gene-GU280_gp07	MODIFIER	downstream_gene_variant	transcript	TRANSCRIPT_gene-GU280_gp07	protein_coding	-1	c.*1110C>T	.	-1	-1	-1	-1	-1	-1	1110	downstream_gene_variant	NONE	c.*1110C>T	.	-1
NC_045512.2	28869	C	T	ORF7b	gene-GU280_gp08	MODIFIER	downstream_gene_variant	transcript	TRANSCRIPT_gene-GU280_gp08	protein_coding	-1	c.*982C>T	.	-1	-1	-1	-1	-1	-1	982	downstream_gene_variant	NONE	c.*982C>T	.	-1
NC_045512.2	28869	C	T	ORF8	gene-GU280_gp09	MODIFIER	downstream_gene_variant	transcript	TRANSCRIPT_gene-GU280_gp09	protein_coding	-1	c.*610C>T	.	-1	-1	-1	-1	-1	-1	610	downstream_gene_variant	NONE	c.*610C>T	.	-1
NC_045512.2	29051	C	CA	N	gene-GU280_gp10	HIGH	frameshift_variant	transcript	TRANSCRIPT_gene-GU280_gp10	protein_coding	1	c.783dupA	p.Arg262fs	784	1260	784	1260	262	419	0	frameshift_variant	NONE	c.783dupA	p.Arg262fs	419
NC_045512.2	29051	C	CA	ORF10	gene-GU280_gp11	MODIFIER	upstream_gene_variant	transcript	TRANSCRIPT_gene-GU280_gp11	protein_coding	-1	c.-507_-506insA	.	-1	-1	-1	-1	-1	-1	506	upstream_gene_variant	NONE	c.-507_-506insA	.	-1
NC_045512.2	29051	C	CA	S	gene-GU280_gp02	MODIFIER	downstream_gene_variant	transcript	TRANSCRIPT_gene-GU280_gp02	protein_coding	-1	c.*3667_*3668insA	.	-1	-1	-1	-1	-1	-1	3668	downstream_gene_variant	NONE	c.*3667_*3668insA	.	-1
NC_045512.2	29051	C	CA	ORF3a	gene-GU280_gp03	MODIFIER	downstream_gene_variant	transcript	TRANSCRIPT_gene-GU280_gp03	protein_coding	-1	c.*2831_*2832insA	.	-1	-1	-1	-1	-1	-1	2832	downstream_gene_variant	NONE	c.*2831_*2832insA	.	-1
NC_045512.2	29051	C	CA	E	gene-GU280_gp04	MODIFIER	downstream_gene_variant	transcript	TRANSCRIPT_gene-GU280_gp04	protein_coding	-1	c.*2579_*2580insA	.	-1	-1	-1	-1	-1	-1	2580	downstream_gene_variant	NONE	c.*2579_*2580insA	.	-1
NC_045512.2	29051	C	CA	M	gene-GU280_gp05	MODIFIER	downstream_gene_variant	transcript	TRANSCRIPT_gene-GU280_gp05	protein_coding	-1	c.*1860_*1861insA	.	-1	-1	-1	-1	-1	-1	1861	downstream_gene_variant	NONE	c.*1860_*1861insA	.	-1
NC_045512.2	29051	C	CA	ORF6	gene-GU280_gp06	MODIFIER	downstream_gene_variant	transcript	TRANSCRIPT_gene-GU280_gp06	protein_coding	-1	c.*1664_*1665insA	.	-1	-1	-1	-1	-1	-1	1665	downstream_gene_variant	NONE	c.*1664_*1665insA	.	-1
NC_045512.2	29051	C	CA	ORF7a	gene-GU280_gp07	MODIFIER	downstream_gene_variant	transcript	TRANSCRIPT_gene-GU280_gp07	protein_coding	-1	c.*1292_*1293insA	.	-1	-1	-1	-1	-1	-1	1293	downstream_gene_variant	NONE	c.*1292_*1293insA	.	-1
NC_045512.2	29051	C	CA	ORF7b	gene-GU280_gp08	MODIFIER	downstream_gene_variant	transcript	TRANSCRIPT_gene-GU280_gp08	protein_coding	-1	c.*1164_*1165insA	.	-1	-1	-1	-1	-1	-1	1165	downstream_gene_variant	NONE	c.*1164_*1165insA	.	-1
NC_045512.2	29051	C	CA	ORF8	gene-GU280_gp09	MODIFIER	downstream_gene_variant	transcript	TRANSCRIPT_gene-GU280_gp09	protein_coding	-1	c.*792_*793insA	.	-1	-1	-1	-1	-1	-1	793	downstream_gene_variant	NONE	c.*792_*793insA	.	-1
NC_045512.2	29367	CA	C	N	gene-GU280_gp10	HIGH	frameshift_variant	transcript	TRANSCRIPT_gene-GU280_gp10	protein_coding	1	c.1096delA	p.Thr366fs	1096	1260	1096	1260	366	419	0	frameshift_variant	NONE	c.1096delA	p.Thr366fs	419
NC_045512.2	29367	CA	C	ORF10	gene-GU280_gp11	MODIFIER	upstream_gene_variant	transcript	TRANSCRIPT_gene-GU280_gp11	protein_coding	-1	c.-190delA	.	-1	-1	-1	-1	-1	-1	190	upstream_gene_variant	NONE	c.-190delA	.	-1
NC_045512.2	29367	CA	C	S	gene-GU280_gp02	MODIFIER	downstream_gene_variant	transcript	TRANSCRIPT_gene-GU280_gp02	protein_coding	-1	c.*3984delA	.	-1	-1	-1	-1	-1	-1	3984	downstream_gene_variant	NONE	c.*3984delA	.	-1
NC_045512.2	29367	CA	C	ORF3a	gene-GU280_gp03	MODIFIER	downstream_gene_variant	transcript	TRANSCRIPT_gene-GU280_gp03	protein_coding	-1	c.*3148delA	.	-1	-1	-1	-1	-1	-1	3148	downstream_gene_variant	NONE	c.*3148delA	.	-1
NC_045512.2	29367	CA	C	E	gene-GU280_gp04	MODIFIER	downstream_gene_variant	transcript	TRANSCRIPT_gene-GU280_gp04	protein_coding	-1	c.*2896delA	.	-1	-1	-1	-1	-1	-1	2896	downstream_gene_variant	NONE	c.*2896delA	.	-1
NC_045512.2	29367	CA	C	M	gene-GU280_gp05	MODIFIER	downstream_gene_variant	transcript	TRANSCRIPT_gene-GU280_gp05	protein_coding	-1	c.*2177delA	.	-1	-1	-1	-1	-1	-1	2177	downstream_gene_variant	NONE	c.*2177delA	.	-1
NC_045512.2	29367	CA	C	ORF6	gene-GU280_gp06	MODIFIER	downstream_gene_variant	transcript	TRANSCRIPT_gene-GU280_gp06	protein_coding	-1	c.*1981delA	.	-1	-1	-1	-1	-1	-1	1981	downstream_gene_variant	NONE	c.*1981delA	.	-1
NC_045512.2	29367	CA	C	ORF7a	gene-GU280_gp07	MODIFIER	downstream_gene_variant	transcript	TRANSCRIPT_gene-GU280_gp07	protein_coding	-1	c.*1609delA	.	-1	-1	-1	-1	-1	-1	1609	downstream_gene_variant	NONE	c.*1609delA	.	-1
NC_045512.2	29367	CA	C	ORF7b	gene-GU280_gp08	MODIFIER	downstream_gene_variant	transcript	TRANSCRIPT_gene-GU280_gp08	protein_coding	-1	c.*1481delA	.	-1	-1	-1	-1	-1	-1	1481	downstream_gene_variant	NONE	c.*1481delA	.	-1
NC_045512.2	29367	CA	C	ORF8	gene-GU280_gp09	MODIFIER	downstream_gene_variant	transcript	TRANSCRIPT_gene-GU280_gp09	protein_coding	-1	c.*1109delA	.	-1	-1	-1	-1	-1	-1	1109	downstream_gene_variant	NONE	c.*1109delA	.	-1
NC_045512.2	29402	G	T	N	gene-GU280_gp10	MODERATE	missense_variant	transcript	TRANSCRIPT_gene-GU280_gp10	protein_coding	1	c.1129G>T	p.Asp377Tyr	1129	1260	1129	1260	377	419	0	missense_variant	NONE	c.1129G>T	p.Asp377Tyr	419
NC_045512.2	29402	G	T	ORF10	gene-GU280_gp11	MODIFIER	upstream_gene_variant	transcript	TRANSCRIPT_gene-GU280_gp11	protein_coding	-1	c.-156G>T	.	-1	-1	-1	-1	-1	-1	156	upstream_gene_variant	NONE	c.-156G>T	.	-1
NC_045512.2	29402	G	T	S	gene-GU280_gp02	MODIFIER	downstream_gene_variant	transcript	TRANSCRIPT_gene-GU280_gp02	protein_coding	-1	c.*4018G>T	.	-1	-1	-1	-1	-1	-1	4018	downstream_gene_variant	NONE	c.*4018G>T	.	-1
NC_045512.2	29402	G	T	ORF3a	gene-GU280_gp03	MODIFIER	downstream_gene_variant	transcript	TRANSCRIPT_gene-GU280_gp03	protein_coding	-1	c.*3182G>T	.	-1	-1	-1	-1	-1	-1	3182	downstream_gene_variant	NONE	c.*3182G>T	.	-1
NC_045512.2	29402	G	T	E	gene-GU280_gp04	MODIFIER	downstream_gene_variant	transcript	TRANSCRIPT_gene-GU280_gp04	protein_coding	-1	c.*2930G>T	.	-1	-1	-1	-1	-1	-1	2930	downstream_gene_variant	NONE	c.*2930G>T	.	-1
NC_045512.2	29402	G	T	M	gene-GU280_gp05	MODIFIER	downstream_gene_variant	transcript	TRANSCRIPT_gene-GU280_gp05	protein_coding	-1	c.*2211G>T	.	-1	-1	-1	-1	-1	-1	2211	downstream_gene_variant	NONE	c.*2211G>T	.	-1
NC_045512.2	29402	G	T	ORF6	gene-GU280_gp06	MODIFIER	downstream_gene_variant	transcript	TRANSCRIPT_gene-GU280_gp06	protein_coding	-1	c.*2015G>T	.	-1	-1	-1	-1	-1	-1	2015	downstream_gene_variant	NONE	c.*2015G>T	.	-1
NC_045512.2	29402	G	T	ORF7a	gene-GU280_gp07	MODIFIER	downstream_gene_variant	transcript	TRANSCRIPT_gene-GU280_gp07	protein_coding	-1	c.*1643G>T	.	-1	-1	-1	-1	-1	-1	1643	downstream_gene_variant	NONE	c.*1643G>T	.	-1
NC_045512.2	29402	G	T	ORF7b	gene-GU280_gp08	MODIFIER	downstream_gene_variant	transcript	TRANSCRIPT_gene-GU280_gp08	protein_coding	-1	c.*1515G>T	.	-1	-1	-1	-1	-1	-1	1515	downstream_gene_variant	NONE	c.*1515G>T	.	-1
NC_045512.2	29402	G	T	ORF8	gene-GU280_gp09	MODIFIER	downstream_gene_variant	transcript	TRANSCRIPT_gene-GU280_gp09	protein_coding	-1	c.*1143G>T	.	-1	-1	-1	-1	-1	-1	1143	downstream_gene_variant	NONE	c.*1143G>T	.	-1
NC_045512.2	29581	T	C	ORF10	gene-GU280_gp11	LOW	synonymous_variant	transcript	TRANSCRIPT_gene-GU280_gp11	protein_coding	1	c.24T>C	p.Ala8Ala	24	117	24	117	8	38	0	synonymous_variant	NONE	c.24T>C	p.Ala8Ala	38
NC_045512.2	29581	T	C	S	gene-GU280_gp02	MODIFIER	downstream_gene_variant	transcript	TRANSCRIPT_gene-GU280_gp02	protein_coding	-1	c.*4197T>C	.	-1	-1	-1	-1	-1	-1	4197	downstream_gene_variant	NONE	c.*4197T>C	.	-1
NC_045512.2	29581	T	C	ORF3a	gene-GU280_gp03	MODIFIER	downstream_gene_variant	transcript	TRANSCRIPT_gene-GU280_gp03	protein_coding	-1	c.*3361T>C	.	-1	-1	-1	-1	-1	-1	3361	downstream_gene_variant	NONE	c.*3361T>C	.	-1
NC_045512.2	29581	T	C	E	gene-GU280_gp04	MODIFIER	downstream_gene_variant	transcript	TRANSCRIPT_gene-GU280_gp04	protein_coding	-1	c.*3109T>C	.	-1	-1	-1	-1	-1	-1	3109	downstream_gene_variant	NONE	c.*3109T>C	.	-1
NC_045512.2	29581	T	C	M	gene-GU280_gp05	MODIFIER	downstream_gene_variant	transcript	TRANSCRIPT_gene-GU280_gp05	protein_coding	-1	c.*2390T>C	.	-1	-1	-1	-1	-1	-1	2390	downstream_gene_variant	NONE	c.*2390T>C	.	-1
NC_045512.2	29581	T	C	ORF6	gene-GU280_gp06	MODIFIER	downstream_gene_variant	transcript	TRANSCRIPT_gene-GU280_gp06	protein_coding	-1	c.*2194T>C	.	-1	-1	-1	-1	-1	-1	2194	downstream_gene_variant	NONE	c.*2194T>C	.	-1
NC_045512.2	29581	T	C	ORF7a	gene-GU280_gp07	MODIFIER	downstream_gene_variant	transcript	TRANSCRIPT_gene-GU280_gp07	protein_coding	-1	c.*1822T>C	.	-1	-1	-1	-1	-1	-1	1822	downstream_gene_variant	NONE	c.*1822T>C	.	-1
NC_045512.2	29581	T	C	ORF7b	gene-GU280_gp08	MODIFIER	downstream_gene_variant	transcript	TRANSCRIPT_gene-GU280_gp08	protein_coding	-1	c.*1694T>C	.	-1	-1	-1	-1	-1	-1	1694	downstream_gene_variant	NONE	c.*1694T>C	.	-1
NC_045512.2	29581	T	C	ORF8	gene-GU280_gp09	MODIFIER	downstream_gene_variant	transcript	TRANSCRIPT_gene-GU280_gp09	protein_coding	-1	c.*1322T>C	.	-1	-1	-1	-1	-1	-1	1322	downstream_gene_variant	NONE	c.*1322T>C	.	-1
NC_045512.2	29581	T	C	N	gene-GU280_gp10	MODIFIER	downstream_gene_variant	transcript	TRANSCRIPT_gene-GU280_gp10	protein_coding	-1	c.*48T>C	.	-1	-1	-1	-1	-1	-1	48	downstream_gene_variant	NONE	c.*48T>C	.	-1
NC_045512.2	29673	AG	A	ORF10	gene-GU280_gp11	HIGH	frameshift_variant	transcript	TRANSCRIPT_gene-GU280_gp11	protein_coding	1	c.106delG	p.Asn36fs	106	117	106	117	36	38	0	frameshift_variant	NONE	c.106delG	p.Asn36fs	38
NC_045512.2	29673	AG	A	S	gene-GU280_gp02	MODIFIER	downstream_gene_variant	transcript	TRANSCRIPT_gene-GU280_gp02	protein_coding	-1	c.*4290delG	.	-1	-1	-1	-1	-1	-1	4290	downstream_gene_variant	NONE	c.*4290delG	.	-1
NC_045512.2	29673	AG	A	ORF3a	gene-GU280_gp03	MODIFIER	downstream_gene_variant	transcript	TRANSCRIPT_gene-GU280_gp03	protein_coding	-1	c.*3454delG	.	-1	-1	-1	-1	-1	-1	3454	downstream_gene_variant	NONE	c.*3454delG	.	-1
NC_045512.2	29673	AG	A	E	gene-GU280_gp04	MODIFIER	downstream_gene_variant	transcript	TRANSCRIPT_gene-GU280_gp04	protein_coding	-1	c.*3202delG	.	-1	-1	-1	-1	-1	-1	3202	downstream_gene_variant	NONE	c.*3202delG	.	-1
NC_045512.2	29673	AG	A	M	gene-GU280_gp05	MODIFIER	downstream_gene_variant	transcript	TRANSCRIPT_gene-GU280_gp05	protein_coding	-1	c.*2483delG	.	-1	-1	-1	-1	-1	-1	2483	downstream_gene_variant	NONE	c.*2483delG	.	-1
NC_045512.2	29673	AG	A	ORF6	gene-GU280_gp06	MODIFIER	downstream_gene_variant	transcript	TRANSCRIPT_gene-GU280_gp06	protein_coding	-1	c.*2287delG	.	-1	-1	-1	-1	-1	-1	2287	downstream_gene_variant	NONE	c.*2287delG	.	-1
NC_045512.2	29673	AG	A	ORF7a	gene-GU280_gp07	MODIFIER	downstream_gene_variant	transcript	TRANSCRIPT_gene-GU280_gp07	protein_coding	-1	c.*1915delG	.	-1	-1	-1	-1	-1	-1	1915	downstream_gene_variant	NONE	c.*1915delG	.	-1
NC_045512.2	29673	AG	A	ORF7b	gene-GU280_gp08	MODIFIER	downstream_gene_variant	transcript	TRANSCRIPT_gene-GU280_gp08	protein_coding	-1	c.*1787delG	.	-1	-1	-1	-1	-1	-1	1787	downstream_gene_variant	NONE	c.*1787delG	.	-1
NC_045512.2	29673	AG	A	ORF8	gene-GU280_gp09	MODIFIER	downstream_gene_variant	transcript	TRANSCRIPT_gene-GU280_gp09	protein_coding	-1	c.*1415delG	.	-1	-1	-1	-1	-1	-1	1415	downstream_gene_variant	NONE	c.*1415delG	.	-1
NC_045512.2	29673	AG	A	N	gene-GU280_gp10	MODIFIER	downstream_gene_variant	transcript	TRANSCRIPT_gene-GU280_gp10	protein_coding	-1	c.*141delG	.	-1	-1	-1	-1	-1	-1	141	downstream_gene_variant	NONE	c.*141delG	.	-1
NC_045512.2	29749	ACGATCGAGTGTACAGTG	A	S	gene-GU280_gp02	MODIFIER	downstream_gene_variant	transcript	TRANSCRIPT_gene-GU280_gp02	protein_coding	-1	c.*4366_*4382delCGATCGAGTGTACAGTG	.	-1	-1	-1	-1	-1	-1	4366	downstream_gene_variant	NONE	c.*4366_*4382delCGATCGAGTGTACAGTG	.	-1
NC_045512.2	29749	ACGATCGAGTGTACAGTG	A	ORF3a	gene-GU280_gp03	MODIFIER	downstream_gene_variant	transcript	TRANSCRIPT_gene-GU280_gp03	protein_coding	-1	c.*3530_*3546delCGATCGAGTGTACAGTG	.	-1	-1	-1	-1	-1	-1	3530	downstream_gene_variant	NONE	c.*3530_*3546delCGATCGAGTGTACAGTG	.	-1
NC_045512.2	29749	ACGATCGAGTGTACAGTG	A	E	gene-GU280_gp04	MODIFIER	downstream_gene_variant	transcript	TRANSCRIPT_gene-GU280_gp04	protein_coding	-1	c.*3278_*3294delCGATCGAGTGTACAGTG	.	-1	-1	-1	-1	-1	-1	3278	downstream_gene_variant	NONE	c.*3278_*3294delCGATCGAGTGTACAGTG	.	-1
NC_045512.2	29749	ACGATCGAGTGTACAGTG	A	M	gene-GU280_gp05	MODIFIER	downstream_gene_variant	transcript	TRANSCRIPT_gene-GU280_gp05	protein_coding	-1	c.*2559_*2575delCGATCGAGTGTACAGTG	.	-1	-1	-1	-1	-1	-1	2559	downstream_gene_variant	NONE	c.*2559_*2575delCGATCGAGTGTACAGTG	.	-1
NC_045512.2	29749	ACGATCGAGTGTACAGTG	A	ORF6	gene-GU280_gp06	MODIFIER	downstream_gene_variant	transcript	TRANSCRIPT_gene-GU280_gp06	protein_coding	-1	c.*2363_*2379delCGATCGAGTGTACAGTG	.	-1	-1	-1	-1	-1	-1	2363	downstream_gene_variant	NONE	c.*2363_*2379delCGATCGAGTGTACAGTG	.	-1
NC_045512.2	29749	ACGATCGAGTGTACAGTG	A	ORF7a	gene-GU280_gp07	MODIFIER	downstream_gene_variant	transcript	TRANSCRIPT_gene-GU280_gp07	protein_coding	-1	c.*1991_*2007delCGATCGAGTGTACAGTG	.	-1	-1	-1	-1	-1	-1	1991	downstream_gene_variant	NONE	c.*1991_*2007delCGATCGAGTGTACAGTG	.	-1
NC_045512.2	29749	ACGATCGAGTGTACAGTG	A	ORF7b	gene-GU280_gp08	MODIFIER	downstream_gene_variant	transcript	TRANSCRIPT_gene-GU280_gp08	protein_coding	-1	c.*1863_*1879delCGATCGAGTGTACAGTG	.	-1	-1	-1	-1	-1	-1	1863	downstream_gene_variant	NONE	c.*1863_*1879delCGATCGAGTGTACAGTG	.	-1
NC_045512.2	29749	ACGATCGAGTGTACAGTG	A	ORF8	gene-GU280_gp09	MODIFIER	downstream_gene_variant	transcript	TRANSCRIPT_gene-GU280_gp09	protein_coding	-1	c.*1491_*1507delCGATCGAGTGTACAGTG	.	-1	-1	-1	-1	-1	-1	1491	downstream_gene_variant	NONE	c.*1491_*1507delCGATCGAGTGTACAGTG	.	-1
NC_045512.2	29749	ACGATCGAGTGTACAGTG	A	N	gene-GU280_gp10	MODIFIER	downstream_gene_variant	transcript	TRANSCRIPT_gene-GU280_gp10	protein_coding	-1	c.*217_*233delCGATCGAGTGTACAGTG	.	-1	-1	-1	-1	-1	-1	217	downstream_gene_variant	NONE	c.*217_*233delCGATCGAGTGTACAGTG	.	-1
NC_045512.2	29749	ACGATCGAGTGTACAGTG	A	ORF10	gene-GU280_gp11	MODIFIER	downstream_gene_variant	transcript	TRANSCRIPT_gene-GU280_gp11	protein_coding	-1	c.*76_*92delCGATCGAGTGTACAGTG	.	-1	-1	-1	-1	-1	-1	76	downstream_gene_variant	NONE	c.*76_*92delCGATCGAGTGTACAGTG	.	-1
NC_045512.2	29749	ACGATCGAGTGTACAGTG	A	ORF10-CHR_END	gene-GU280_gp11-CHR_END	MODIFIER	intergenic_region	intergenic_region	gene-GU280_gp11-CHR_END	.	-1	n.29750_29766delCGATCGAGTGTACAGTG	.	-1	-1	-1	-1	-1	-1	0	intergenic_region	NONE	n.29750_29766delCGATCGAGTGTACAGTG	.	-1
NC_045512.2	29766	G	A	S	gene-GU280_gp02	MODIFIER	downstream_gene_variant	transcript	TRANSCRIPT_gene-GU280_gp02	protein_coding	-1	c.*4382G>A	.	-1	-1	-1	-1	-1	-1	4382	downstream_gene_variant	NONE	c.*4382G>A	.	-1
NC_045512.2	29766	G	A	ORF3a	gene-GU280_gp03	MODIFIER	downstream_gene_variant	transcript	TRANSCRIPT_gene-GU280_gp03	protein_coding	-1	c.*3546G>A	.	-1	-1	-1	-1	-1	-1	3546	downstream_gene_variant	NONE	c.*3546G>A	.	-1
NC_045512.2	29766	G	A	E	gene-GU280_gp04	MODIFIER	downstream_gene_variant	transcript	TRANSCRIPT_gene-GU280_gp04	protein_coding	-1	c.*3294G>A	.	-1	-1	-1	-1	-1	-1	3294	downstream_gene_variant	NONE	c.*3294G>A	.	-1
NC_045512.2	29766	G	A	M	gene-GU280_gp05	MODIFIER	downstream_gene_variant	transcript	TRANSCRIPT_gene-GU280_gp05	protein_coding	-1	c.*2575G>A	.	-1	-1	-1	-1	-1	-1	2575	downstream_gene_variant	NONE	c.*2575G>A	.	-1
NC_045512.2	29766	G	A	ORF6	gene-GU280_gp06	MODIFIER	downstream_gene_variant	transcript	TRANSCRIPT_gene-GU280_gp06	protein_coding	-1	c.*2379G>A	.	-1	-1	-1	-1	-1	-1	2379	downstream_gene_variant	NONE	c.*2379G>A	.	-1
NC_045512.2	29766	G	A	ORF7a	gene-GU280_gp07	MODIFIER	downstream_gene_variant	transcript	TRANSCRIPT_gene-GU280_gp07	protein_coding	-1	c.*2007G>A	.	-1	-1	-1	-1	-1	-1	2007	downstream_gene_variant	NONE	c.*2007G>A	.	-1
NC_045512.2	29766	G	A	ORF7b	gene-GU280_gp08	MODIFIER	downstream_gene_variant	transcript	TRANSCRIPT_gene-GU280_gp08	protein_coding	-1	c.*1879G>A	.	-1	-1	-1	-1	-1	-1	1879	downstream_gene_variant	NONE	c.*1879G>A	.	-1
NC_045512.2	29766	G	A	ORF8	gene-GU280_gp09	MODIFIER	downstream_gene_variant	transcript	TRANSCRIPT_gene-GU280_gp09	protein_coding	-1	c.*1507G>A	.	-1	-1	-1	-1	-1	-1	1507	downstream_gene_variant	NONE	c.*1507G>A	.	-1
NC_045512.2	29766	G	A	N	gene-GU280_gp10	MODIFIER	downstream_gene_variant	transcript	TRANSCRIPT_gene-GU280_gp10	protein_coding	-1	c.*233G>A	.	-1	-1	-1	-1	-1	-1	233	downstream_gene_variant	NONE	c.*233G>A	.	-1
NC_045512.2	29766	G	A	ORF10	gene-GU280_gp11	MODIFIER	downstream_gene_variant	transcript	TRANSCRIPT_gene-GU280_gp11	protein_coding	-1	c.*92G>A	.	-1	-1	-1	-1	-1	-1	92	downstream_gene_variant	NONE	c.*92G>A	.	-1
NC_045512.2	29766	G	A	ORF10-CHR_END	gene-GU280_gp11-CHR_END	MODIFIER	intergenic_region	intergenic_region	gene-GU280_gp11-CHR_END	.	-1	n.29766G>A	.	-1	-1	-1	-1	-1	-1	0	intergenic_region	NONE	n.29766G>A	.	-1
NC_045512.2	29833	A	C	S	gene-GU280_gp02	MODIFIER	downstream_gene_variant	transcript	TRANSCRIPT_gene-GU280_gp02	protein_coding	-1	c.*4449A>C	.	-1	-1	-1	-1	-1	-1	4449	downstream_gene_variant	NONE	c.*4449A>C	.	-1
NC_045512.2	29833	A	C	ORF3a	gene-GU280_gp03	MODIFIER	downstream_gene_variant	transcript	TRANSCRIPT_gene-GU280_gp03	protein_coding	-1	c.*3613A>C	.	-1	-1	-1	-1	-1	-1	3613	downstream_gene_variant	NONE	c.*3613A>C	.	-1
NC_045512.2	29833	A	C	E	gene-GU280_gp04	MODIFIER	downstream_gene_variant	transcript	TRANSCRIPT_gene-GU280_gp04	protein_coding	-1	c.*3361A>C	.	-1	-1	-1	-1	-1	-1	3361	downstream_gene_variant	NONE	c.*3361A>C	.	-1
NC_045512.2	29833	A	C	M	gene-GU280_gp05	MODIFIER	downstream_gene_variant	transcript	TRANSCRIPT_gene-GU280_gp05	protein_coding	-1	c.*2642A>C	.	-1	-1	-1	-1	-1	-1	2642	downstream_gene_variant	NONE	c.*2642A>C	.	-1
NC_045512.2	29833	A	C	ORF6	gene-GU280_gp06	MODIFIER	downstream_gene_variant	transcript	TRANSCRIPT_gene-GU280_gp06	protein_coding	-1	c.*2446A>C	.	-1	-1	-1	-1	-1	-1	2446	downstream_gene_variant	NONE	c.*2446A>C	.	-1
NC_045512.2	29833	A	C	ORF7a	gene-GU280_gp07	MODIFIER	downstream_gene_variant	transcript	TRANSCRIPT_gene-GU280_gp07	protein_coding	-1	c.*2074A>C	.	-1	-1	-1	-1	-1	-1	2074	downstream_gene_variant	NONE	c.*2074A>C	.	-1
NC_045512.2	29833	A	C	ORF7b	gene-GU280_gp08	MODIFIER	downstream_gene_variant	transcript	TRANSCRIPT_gene-GU280_gp08	protein_coding	-1	c.*1946A>C	.	-1	-1	-1	-1	-1	-1	1946	downstream_gene_variant	NONE	c.*1946A>C	.	-1
NC_045512.2	29833	A	C	ORF8	gene-GU280_gp09	MODIFIER	downstream_gene_variant	transcript	TRANSCRIPT_gene-GU280_gp09	protein_coding	-1	c.*1574A>C	.	-1	-1	-1	-1	-1	-1	1574	downstream_gene_variant	NONE	c.*1574A>C	.	-1
NC_045512.2	29833	A	C	N	gene-GU280_gp10	MODIFIER	downstream_gene_variant	transcript	TRANSCRIPT_gene-GU280_gp10	protein_coding	-1	c.*300A>C	.	-1	-1	-1	-1	-1	-1	300	downstream_gene_variant	NONE	c.*300A>C	.	-1
NC_045512.2	29833	A	C	ORF10	gene-GU280_gp11	MODIFIER	downstream_gene_variant	transcript	TRANSCRIPT_gene-GU280_gp11	protein_coding	-1	c.*159A>C	.	-1	-1	-1	-1	-1	-1	159	downstream_gene_variant	NONE	c.*159A>C	.	-1
NC_045512.2	29833	A	C	ORF10-CHR_END	gene-GU280_gp11-CHR_END	MODIFIER	intergenic_region	intergenic_region	gene-GU280_gp11-CHR_END	.	-1	n.29833A>C	.	-1	-1	-1	-1	-1	-1	0	intergenic_region	NONE	n.29833A>C	.	-1
