CHROM	POS	REF	ALT	ANN[*].GENE	ANN[*].GENEID	ANN[*].IMPACT	ANN[*].EFFECT	ANN[*].FEATURE	ANN[*].FEATUREID	ANN[*].BIOTYPE	ANN[*].RANK	ANN[*].HGVS_C	ANN[*].HGVS_P	ANN[*].CDNA_POS	ANN[*].CDNA_LEN	ANN[*].CDS_POS	ANN[*].CDS_LEN	ANN[*].AA_POS	ANN[*].AA_LEN	ANN[*].DISTANCE	EFF[*].EFFECT	EFF[*].FUNCLASS	EFF[*].CODON	EFF[*].AA	EFF[*].AA_LEN
NC_045512.2	241	C	T	ORF1ab	gene-GU280_gp01	MODIFIER	upstream_gene_variant	transcript	TRANSCRIPT_gene-GU280_gp01	protein_coding	-1	c.-25C>T	.	-1	-1	-1	-1	-1	-1	25	upstream_gene_variant	NONE	c.-25C>T	.	-1
NC_045512.2	241	C	T	CHR_START-ORF1ab	CHR_START-gene-GU280_gp01	MODIFIER	intergenic_region	intergenic_region	CHR_START-gene-GU280_gp01	.	-1	n.241C>T	.	-1	-1	-1	-1	-1	-1	0	intergenic_region	NONE	n.241C>T	.	-1
NC_045512.2	1059	C	T	ORF1ab	gene-GU280_gp01	MODERATE	missense_variant	transcript	TRANSCRIPT_gene-GU280_gp01	protein_coding	1	c.794C>T	p.Thr265Ile	794	21290	794	21290	265	7095	0	missense_variant	NONE	c.794C>T	p.Thr265Ile	7095
NC_045512.2	1730	G	A	ORF1ab	gene-GU280_gp01	MODERATE	missense_variant	transcript	TRANSCRIPT_gene-GU280_gp01	protein_coding	1	c.1465G>A	p.Glu489Lys	1465	21290	1465	21290	489	7095	0	missense_variant	NONE	c.1465G>A	p.Glu489Lys	7095
NC_045512.2	3037	C	T	ORF1ab	gene-GU280_gp01	LOW	synonymous_variant	transcript	TRANSCRIPT_gene-GU280_gp01	protein_coding	1	c.2772C>T	p.Phe924Phe	2772	21290	2772	21290	924	7095	0	synonymous_variant	NONE	c.2772C>T	p.Phe924Phe	7095
NC_045512.2	3731	G	A	ORF1ab	gene-GU280_gp01	MODERATE	missense_variant	transcript	TRANSCRIPT_gene-GU280_gp01	protein_coding	1	c.3466G>A	p.Ala1156Thr	3466	21290	3466	21290	1156	7095	0	missense_variant	NONE	c.3466G>A	p.Ala1156Thr	7095
NC_045512.2	3773	C	T	ORF1ab	gene-GU280_gp01	MODERATE	missense_variant	transcript	TRANSCRIPT_gene-GU280_gp01	protein_coding	1	c.3508C>T	p.Arg1170Cys	3508	21290	3508	21290	1170	7095	0	missense_variant	NONE	c.3508C>T	p.Arg1170Cys	7095
NC_045512.2	4795	C	T	ORF1ab	gene-GU280_gp01	LOW	synonymous_variant	transcript	TRANSCRIPT_gene-GU280_gp01	protein_coding	1	c.4530C>T	p.Ser1510Ser	4530	21290	4530	21290	1510	7095	0	synonymous_variant	NONE	c.4530C>T	p.Ser1510Ser	7095
NC_045512.2	5674	T	C	ORF1ab	gene-GU280_gp01	LOW	synonymous_variant	transcript	TRANSCRIPT_gene-GU280_gp01	protein_coding	1	c.5409T>C	p.Pro1803Pro	5409	21290	5409	21290	1803	7095	0	synonymous_variant	NONE	c.5409T>C	p.Pro1803Pro	7095
NC_045512.2	5995	A	G	ORF1ab	gene-GU280_gp01	LOW	synonymous_variant	transcript	TRANSCRIPT_gene-GU280_gp01	protein_coding	1	c.5730A>G	p.Gln1910Gln	5730	21290	5730	21290	1910	7095	0	synonymous_variant	NONE	c.5730A>G	p.Gln1910Gln	7095
NC_045512.2	6696	C	T	ORF1ab	gene-GU280_gp01	MODERATE	missense_variant	transcript	TRANSCRIPT_gene-GU280_gp01	protein_coding	1	c.6431C>T	p.Pro2144Leu	6431	21290	6431	21290	2144	7095	0	missense_variant	NONE	c.6431C>T	p.Pro2144Leu	7095
NC_045512.2	6696	C	CT	ORF1ab	gene-GU280_gp01	HIGH	frameshift_variant	transcript	TRANSCRIPT_gene-GU280_gp01	protein_coding	1	c.6435dupT	p.Leu2146fs	6436	21290	6436	21290	2146	7095	0	frameshift_variant	NONE	c.6435dupT	p.Leu2146fs	7095
NC_045512.2	6934	T	C	ORF1ab	gene-GU280_gp01	LOW	synonymous_variant	transcript	TRANSCRIPT_gene-GU280_gp01	protein_coding	1	c.6669T>C	p.Phe2223Phe	6669	21290	6669	21290	2223	7095	0	synonymous_variant	NONE	c.6669T>C	p.Phe2223Phe	7095
NC_045512.2	7002	CA	C	ORF1ab	gene-GU280_gp01	HIGH	frameshift_variant	transcript	TRANSCRIPT_gene-GU280_gp01	protein_coding	1	c.6739delA	p.Thr2247fs	6739	21290	6739	21290	2247	7095	0	frameshift_variant	NONE	c.6739delA	p.Thr2247fs	7095
NC_045512.2	7081	C	T	ORF1ab	gene-GU280_gp01	LOW	synonymous_variant	transcript	TRANSCRIPT_gene-GU280_gp01	protein_coding	1	c.6816C>T	p.Asn2272Asn	6816	21290	6816	21290	2272	7095	0	synonymous_variant	NONE	c.6816C>T	p.Asn2272Asn	7095
NC_045512.2	8083	G	A	ORF1ab	gene-GU280_gp01	MODERATE	missense_variant	transcript	TRANSCRIPT_gene-GU280_gp01	protein_coding	1	c.7818G>A	p.Met2606Ile	7818	21290	7818	21290	2606	7095	0	missense_variant	NONE	c.7818G>A	p.Met2606Ile	7095
NC_045512.2	8853	G	T	ORF1ab	gene-GU280_gp01	MODERATE	missense_variant	transcript	TRANSCRIPT_gene-GU280_gp01	protein_coding	1	c.8588G>T	p.Gly2863Val	8588	21290	8588	21290	2863	7095	0	missense_variant	NONE	c.8588G>T	p.Gly2863Val	7095
NC_045512.2	9576	T	A	ORF1ab	gene-GU280_gp01	MODERATE	missense_variant	transcript	TRANSCRIPT_gene-GU280_gp01	protein_coding	1	c.9311T>A	p.Val3104Asp	9311	21290	9311	21290	3104	7095	0	missense_variant	NONE	c.9311T>A	p.Val3104Asp	7095
NC_045512.2	9579	A	C	ORF1ab	gene-GU280_gp01	MODERATE	missense_variant	transcript	TRANSCRIPT_gene-GU280_gp01	protein_coding	1	c.9314A>C	p.Tyr3105Ser	9314	21290	9314	21290	3105	7095	0	missense_variant	NONE	c.9314A>C	p.Tyr3105Ser	7095
NC_045512.2	10319	C	T	ORF1ab	gene-GU280_gp01	MODERATE	missense_variant	transcript	TRANSCRIPT_gene-GU280_gp01	protein_coding	1	c.10054C>T	p.Leu3352Phe	10054	21290	10054	21290	3352	7095	0	missense_variant	NONE	c.10054C>T	p.Leu3352Phe	7095
NC_045512.2	11074	CT	C	ORF1ab	gene-GU280_gp01	HIGH	frameshift_variant	transcript	TRANSCRIPT_gene-GU280_gp01	protein_coding	1	c.10817delT	p.Leu3606fs	10817	21290	10817	21290	3606	7095	0	frameshift_variant	NONE	c.10817delT	p.Leu3606fs	7095
NC_045512.2	11074	C	CT	ORF1ab	gene-GU280_gp01	HIGH	frameshift_variant	transcript	TRANSCRIPT_gene-GU280_gp01	protein_coding	1	c.10817dupT	p.Leu3606fs	10818	21290	10818	21290	3606	7095	0	frameshift_variant	NONE	c.10817dupT	p.Leu3606fs	7095
NC_045512.2	11812	C	CA	ORF1ab	gene-GU280_gp01	HIGH	frameshift_variant	transcript	TRANSCRIPT_gene-GU280_gp01	protein_coding	1	c.11550dupA	p.Pro3851fs	11551	21290	11551	21290	3851	7095	0	frameshift_variant	NONE	c.11550dupA	p.Pro3851fs	7095
NC_045512.2	13815	A	G	ORF1ab	gene-GU280_gp01	MODERATE	missense_variant	transcript	TRANSCRIPT_gene-GU280_gp01	protein_coding	1	c.13550A>G	p.Gln4517Arg	13550	21290	13550	21290	4517	7095	0	missense_variant	NONE	c.13550A>G	p.Gln4517Arg	7095
NC_045512.2	14408	C	T	ORF1ab	gene-GU280_gp01	LOW	synonymous_variant	transcript	TRANSCRIPT_gene-GU280_gp01	protein_coding	1	c.14143C>T	p.Leu4715Leu	14143	21290	14143	21290	4715	7095	0	synonymous_variant	NONE	c.14143C>T	p.Leu4715Leu	7095
NC_045512.2	14805	C	T	ORF1ab	gene-GU280_gp01	MODERATE	missense_variant	transcript	TRANSCRIPT_gene-GU280_gp01	protein_coding	1	c.14540C>T	p.Thr4847Ile	14540	21290	14540	21290	4847	7095	0	missense_variant	NONE	c.14540C>T	p.Thr4847Ile	7095
NC_045512.2	15965	G	GT	ORF1ab	gene-GU280_gp01	HIGH	frameshift_variant	transcript	TRANSCRIPT_gene-GU280_gp01	protein_coding	1	c.15704dupT	p.Leu5235fs	15705	21290	15705	21290	5235	7095	0	frameshift_variant	NONE	c.15704dupT	p.Leu5235fs	7095
NC_045512.2	18368	G	GT	ORF1ab	gene-GU280_gp01	HIGH	frameshift_variant	transcript	TRANSCRIPT_gene-GU280_gp01	protein_coding	1	c.18108dupT	p.Leu6037fs	18109	21290	18109	21290	6037	7095	0	frameshift_variant	NONE	c.18108dupT	p.Leu6037fs	7095
NC_045512.2	18368	G	GT	S	gene-GU280_gp02	MODIFIER	upstream_gene_variant	transcript	TRANSCRIPT_gene-GU280_gp02	protein_coding	-1	c.-3195_-3194insT	.	-1	-1	-1	-1	-1	-1	3194	upstream_gene_variant	NONE	c.-3195_-3194insT	.	-1
NC_045512.2	18424	A	G	ORF1ab	gene-GU280_gp01	LOW	synonymous_variant	transcript	TRANSCRIPT_gene-GU280_gp01	protein_coding	1	c.18159A>G	p.Leu6053Leu	18159	21290	18159	21290	6053	7095	0	synonymous_variant	NONE	c.18159A>G	p.Leu6053Leu	7095
NC_045512.2	18424	A	G	S	gene-GU280_gp02	MODIFIER	upstream_gene_variant	transcript	TRANSCRIPT_gene-GU280_gp02	protein_coding	-1	c.-3139A>G	.	-1	-1	-1	-1	-1	-1	3139	upstream_gene_variant	NONE	c.-3139A>G	.	-1
NC_045512.2	18687	CT	C	ORF1ab	gene-GU280_gp01	HIGH	frameshift_variant	transcript	TRANSCRIPT_gene-GU280_gp01	protein_coding	1	c.18426delT	p.Pro6143fs	18426	21290	18426	21290	6142	7095	0	frameshift_variant	NONE	c.18426delT	p.Pro6143fs	7095
NC_045512.2	18687	CT	C	S	gene-GU280_gp02	MODIFIER	upstream_gene_variant	transcript	TRANSCRIPT_gene-GU280_gp02	protein_coding	-1	c.-2875delT	.	-1	-1	-1	-1	-1	-1	2875	upstream_gene_variant	NONE	c.-2875delT	.	-1
NC_045512.2	19718	C	T	ORF1ab	gene-GU280_gp01	HIGH	stop_gained	transcript	TRANSCRIPT_gene-GU280_gp01	protein_coding	1	c.19453C>T	p.Gln6485*	19453	21290	19453	21290	6485	7095	0	stop_gained	NONE	c.19453C>T	p.Gln6485*	7095
NC_045512.2	19718	C	T	S	gene-GU280_gp02	MODIFIER	upstream_gene_variant	transcript	TRANSCRIPT_gene-GU280_gp02	protein_coding	-1	c.-1845C>T	.	-1	-1	-1	-1	-1	-1	1845	upstream_gene_variant	NONE	c.-1845C>T	.	-1
NC_045512.2	20663	G	A	ORF1ab	gene-GU280_gp01	MODERATE	missense_variant	transcript	TRANSCRIPT_gene-GU280_gp01	protein_coding	1	c.20398G>A	p.Val6800Ile	20398	21290	20398	21290	6800	7095	0	missense_variant	NONE	c.20398G>A	p.Val6800Ile	7095
NC_045512.2	20663	G	A	S	gene-GU280_gp02	MODIFIER	upstream_gene_variant	transcript	TRANSCRIPT_gene-GU280_gp02	protein_coding	-1	c.-900G>A	.	-1	-1	-1	-1	-1	-1	900	upstream_gene_variant	NONE	c.-900G>A	.	-1
NC_045512.2	20663	G	A	ORF3a	gene-GU280_gp03	MODIFIER	upstream_gene_variant	transcript	TRANSCRIPT_gene-GU280_gp03	protein_coding	-1	c.-4730G>A	.	-1	-1	-1	-1	-1	-1	4730	upstream_gene_variant	NONE	c.-4730G>A	.	-1
NC_045512.2	21304	C	T	ORF1ab	gene-GU280_gp01	LOW	synonymous_variant	transcript	TRANSCRIPT_gene-GU280_gp01	protein_coding	1	c.21039C>T	p.His7013His	21039	21290	21039	21290	7013	7095	0	synonymous_variant	NONE	c.21039C>T	p.His7013His	7095
NC_045512.2	21304	C	T	S	gene-GU280_gp02	MODIFIER	upstream_gene_variant	transcript	TRANSCRIPT_gene-GU280_gp02	protein_coding	-1	c.-259C>T	.	-1	-1	-1	-1	-1	-1	259	upstream_gene_variant	NONE	c.-259C>T	.	-1
NC_045512.2	21304	C	T	ORF3a	gene-GU280_gp03	MODIFIER	upstream_gene_variant	transcript	TRANSCRIPT_gene-GU280_gp03	protein_coding	-1	c.-4089C>T	.	-1	-1	-1	-1	-1	-1	4089	upstream_gene_variant	NONE	c.-4089C>T	.	-1
NC_045512.2	21304	C	T	E	gene-GU280_gp04	MODIFIER	upstream_gene_variant	transcript	TRANSCRIPT_gene-GU280_gp04	protein_coding	-1	c.-4941C>T	.	-1	-1	-1	-1	-1	-1	4941	upstream_gene_variant	NONE	c.-4941C>T	.	-1
NC_045512.2	22110	AG	A	S	gene-GU280_gp02	HIGH	frameshift_variant	transcript	TRANSCRIPT_gene-GU280_gp02	protein_coding	1	c.551delG	p.Gly184fs	551	3822	551	3822	184	1273	0	frameshift_variant	NONE	c.551delG	p.Gly184fs	1273
NC_045512.2	22110	AG	A	ORF3a	gene-GU280_gp03	MODIFIER	upstream_gene_variant	transcript	TRANSCRIPT_gene-GU280_gp03	protein_coding	-1	c.-3282delG	.	-1	-1	-1	-1	-1	-1	3282	upstream_gene_variant	NONE	c.-3282delG	.	-1
NC_045512.2	22110	AG	A	E	gene-GU280_gp04	MODIFIER	upstream_gene_variant	transcript	TRANSCRIPT_gene-GU280_gp04	protein_coding	-1	c.-4134delG	.	-1	-1	-1	-1	-1	-1	4134	upstream_gene_variant	NONE	c.-4134delG	.	-1
NC_045512.2	22110	AG	A	M	gene-GU280_gp05	MODIFIER	upstream_gene_variant	transcript	TRANSCRIPT_gene-GU280_gp05	protein_coding	-1	c.-4412delG	.	-1	-1	-1	-1	-1	-1	4412	upstream_gene_variant	NONE	c.-4412delG	.	-1
NC_045512.2	22110	AG	A	ORF1ab	gene-GU280_gp01	MODIFIER	downstream_gene_variant	transcript	TRANSCRIPT_gene-GU280_gp01	protein_coding	-1	c.*556delG	.	-1	-1	-1	-1	-1	-1	556	downstream_gene_variant	NONE	c.*556delG	.	-1
NC_045512.2	23403	A	G	S	gene-GU280_gp02	MODERATE	missense_variant	transcript	TRANSCRIPT_gene-GU280_gp02	protein_coding	1	c.1841A>G	p.Asp614Gly	1841	3822	1841	3822	614	1273	0	missense_variant	NONE	c.1841A>G	p.Asp614Gly	1273
NC_045512.2	23403	A	G	ORF3a	gene-GU280_gp03	MODIFIER	upstream_gene_variant	transcript	TRANSCRIPT_gene-GU280_gp03	protein_coding	-1	c.-1990A>G	.	-1	-1	-1	-1	-1	-1	1990	upstream_gene_variant	NONE	c.-1990A>G	.	-1
NC_045512.2	23403	A	G	E	gene-GU280_gp04	MODIFIER	upstream_gene_variant	transcript	TRANSCRIPT_gene-GU280_gp04	protein_coding	-1	c.-2842A>G	.	-1	-1	-1	-1	-1	-1	2842	upstream_gene_variant	NONE	c.-2842A>G	.	-1
NC_045512.2	23403	A	G	M	gene-GU280_gp05	MODIFIER	upstream_gene_variant	transcript	TRANSCRIPT_gene-GU280_gp05	protein_coding	-1	c.-3120A>G	.	-1	-1	-1	-1	-1	-1	3120	upstream_gene_variant	NONE	c.-3120A>G	.	-1
NC_045512.2	23403	A	G	ORF6	gene-GU280_gp06	MODIFIER	upstream_gene_variant	transcript	TRANSCRIPT_gene-GU280_gp06	protein_coding	-1	c.-3799A>G	.	-1	-1	-1	-1	-1	-1	3799	upstream_gene_variant	NONE	c.-3799A>G	.	-1
NC_045512.2	23403	A	G	ORF7a	gene-GU280_gp07	MODIFIER	upstream_gene_variant	transcript	TRANSCRIPT_gene-GU280_gp07	protein_coding	-1	c.-3991A>G	.	-1	-1	-1	-1	-1	-1	3991	upstream_gene_variant	NONE	c.-3991A>G	.	-1
NC_045512.2	23403	A	G	ORF7b	gene-GU280_gp08	MODIFIER	upstream_gene_variant	transcript	TRANSCRIPT_gene-GU280_gp08	protein_coding	-1	c.-4353A>G	.	-1	-1	-1	-1	-1	-1	4353	upstream_gene_variant	NONE	c.-4353A>G	.	-1
NC_045512.2	23403	A	G	ORF8	gene-GU280_gp09	MODIFIER	upstream_gene_variant	transcript	TRANSCRIPT_gene-GU280_gp09	protein_coding	-1	c.-4491A>G	.	-1	-1	-1	-1	-1	-1	4491	upstream_gene_variant	NONE	c.-4491A>G	.	-1
NC_045512.2	23403	A	G	N	gene-GU280_gp10	MODIFIER	upstream_gene_variant	transcript	TRANSCRIPT_gene-GU280_gp10	protein_coding	-1	c.-4871A>G	.	-1	-1	-1	-1	-1	-1	4871	upstream_gene_variant	NONE	c.-4871A>G	.	-1
NC_045512.2	23403	A	G	ORF1ab	gene-GU280_gp01	MODIFIER	downstream_gene_variant	transcript	TRANSCRIPT_gene-GU280_gp01	protein_coding	-1	c.*1848A>G	.	-1	-1	-1	-1	-1	-1	1848	downstream_gene_variant	NONE	c.*1848A>G	.	-1
NC_045512.2	23887	CA	C	S	gene-GU280_gp02	HIGH	frameshift_variant	transcript	TRANSCRIPT_gene-GU280_gp02	protein_coding	1	c.2330delA	p.Asn777fs	2330	3822	2330	3822	777	1273	0	frameshift_variant	NONE	c.2330delA	p.Asn777fs	1273
NC_045512.2	23887	CA	C	ORF3a	gene-GU280_gp03	MODIFIER	upstream_gene_variant	transcript	TRANSCRIPT_gene-GU280_gp03	protein_coding	-1	c.-1505delA	.	-1	-1	-1	-1	-1	-1	1505	upstream_gene_variant	NONE	c.-1505delA	.	-1
NC_045512.2	23887	CA	C	E	gene-GU280_gp04	MODIFIER	upstream_gene_variant	transcript	TRANSCRIPT_gene-GU280_gp04	protein_coding	-1	c.-2357delA	.	-1	-1	-1	-1	-1	-1	2357	upstream_gene_variant	NONE	c.-2357delA	.	-1
NC_045512.2	23887	CA	C	M	gene-GU280_gp05	MODIFIER	upstream_gene_variant	transcript	TRANSCRIPT_gene-GU280_gp05	protein_coding	-1	c.-2635delA	.	-1	-1	-1	-1	-1	-1	2635	upstream_gene_variant	NONE	c.-2635delA	.	-1
NC_045512.2	23887	CA	C	ORF6	gene-GU280_gp06	MODIFIER	upstream_gene_variant	transcript	TRANSCRIPT_gene-GU280_gp06	protein_coding	-1	c.-3314delA	.	-1	-1	-1	-1	-1	-1	3314	upstream_gene_variant	NONE	c.-3314delA	.	-1
NC_045512.2	23887	CA	C	ORF7a	gene-GU280_gp07	MODIFIER	upstream_gene_variant	transcript	TRANSCRIPT_gene-GU280_gp07	protein_coding	-1	c.-3506delA	.	-1	-1	-1	-1	-1	-1	3506	upstream_gene_variant	NONE	c.-3506delA	.	-1
NC_045512.2	23887	CA	C	ORF7b	gene-GU280_gp08	MODIFIER	upstream_gene_variant	transcript	TRANSCRIPT_gene-GU280_gp08	protein_coding	-1	c.-3868delA	.	-1	-1	-1	-1	-1	-1	3868	upstream_gene_variant	NONE	c.-3868delA	.	-1
NC_045512.2	23887	CA	C	ORF8	gene-GU280_gp09	MODIFIER	upstream_gene_variant	transcript	TRANSCRIPT_gene-GU280_gp09	protein_coding	-1	c.-4006delA	.	-1	-1	-1	-1	-1	-1	4006	upstream_gene_variant	NONE	c.-4006delA	.	-1
NC_045512.2	23887	CA	C	N	gene-GU280_gp10	MODIFIER	upstream_gene_variant	transcript	TRANSCRIPT_gene-GU280_gp10	protein_coding	-1	c.-4386delA	.	-1	-1	-1	-1	-1	-1	4386	upstream_gene_variant	NONE	c.-4386delA	.	-1
NC_045512.2	23887	CA	C	ORF1ab	gene-GU280_gp01	MODIFIER	downstream_gene_variant	transcript	TRANSCRIPT_gene-GU280_gp01	protein_coding	-1	c.*2333delA	.	-1	-1	-1	-1	-1	-1	2333	downstream_gene_variant	NONE	c.*2333delA	.	-1
NC_045512.2	24358	C	CA	S	gene-GU280_gp02	HIGH	frameshift_variant	transcript	TRANSCRIPT_gene-GU280_gp02	protein_coding	1	c.2800dupA	p.Ile934fs	2801	3822	2801	3822	934	1273	0	frameshift_variant	NONE	c.2800dupA	p.Ile934fs	1273
NC_045512.2	24358	C	CA	ORF3a	gene-GU280_gp03	MODIFIER	upstream_gene_variant	transcript	TRANSCRIPT_gene-GU280_gp03	protein_coding	-1	c.-1035_-1034insA	.	-1	-1	-1	-1	-1	-1	1034	upstream_gene_variant	NONE	c.-1035_-1034insA	.	-1
NC_045512.2	24358	C	CA	E	gene-GU280_gp04	MODIFIER	upstream_gene_variant	transcript	TRANSCRIPT_gene-GU280_gp04	protein_coding	-1	c.-1887_-1886insA	.	-1	-1	-1	-1	-1	-1	1886	upstream_gene_variant	NONE	c.-1887_-1886insA	.	-1
NC_045512.2	24358	C	CA	M	gene-GU280_gp05	MODIFIER	upstream_gene_variant	transcript	TRANSCRIPT_gene-GU280_gp05	protein_coding	-1	c.-2165_-2164insA	.	-1	-1	-1	-1	-1	-1	2164	upstream_gene_variant	NONE	c.-2165_-2164insA	.	-1
NC_045512.2	24358	C	CA	ORF6	gene-GU280_gp06	MODIFIER	upstream_gene_variant	transcript	TRANSCRIPT_gene-GU280_gp06	protein_coding	-1	c.-2844_-2843insA	.	-1	-1	-1	-1	-1	-1	2843	upstream_gene_variant	NONE	c.-2844_-2843insA	.	-1
NC_045512.2	24358	C	CA	ORF7a	gene-GU280_gp07	MODIFIER	upstream_gene_variant	transcript	TRANSCRIPT_gene-GU280_gp07	protein_coding	-1	c.-3036_-3035insA	.	-1	-1	-1	-1	-1	-1	3035	upstream_gene_variant	NONE	c.-3036_-3035insA	.	-1
NC_045512.2	24358	C	CA	ORF7b	gene-GU280_gp08	MODIFIER	upstream_gene_variant	transcript	TRANSCRIPT_gene-GU280_gp08	protein_coding	-1	c.-3398_-3397insA	.	-1	-1	-1	-1	-1	-1	3397	upstream_gene_variant	NONE	c.-3398_-3397insA	.	-1
NC_045512.2	24358	C	CA	ORF8	gene-GU280_gp09	MODIFIER	upstream_gene_variant	transcript	TRANSCRIPT_gene-GU280_gp09	protein_coding	-1	c.-3536_-3535insA	.	-1	-1	-1	-1	-1	-1	3535	upstream_gene_variant	NONE	c.-3536_-3535insA	.	-1
NC_045512.2	24358	C	CA	N	gene-GU280_gp10	MODIFIER	upstream_gene_variant	transcript	TRANSCRIPT_gene-GU280_gp10	protein_coding	-1	c.-3916_-3915insA	.	-1	-1	-1	-1	-1	-1	3915	upstream_gene_variant	NONE	c.-3916_-3915insA	.	-1
NC_045512.2	24358	C	CA	ORF1ab	gene-GU280_gp01	MODIFIER	downstream_gene_variant	transcript	TRANSCRIPT_gene-GU280_gp01	protein_coding	-1	c.*2803_*2804insA	.	-1	-1	-1	-1	-1	-1	2804	downstream_gene_variant	NONE	c.*2803_*2804insA	.	-1
NC_045512.2	25563	G	T	ORF3a	gene-GU280_gp03	MODERATE	missense_variant	transcript	TRANSCRIPT_gene-GU280_gp03	protein_coding	1	c.171G>T	p.Gln57His	171	828	171	828	57	275	0	missense_variant	NONE	c.171G>T	p.Gln57His	275
NC_045512.2	25563	G	T	E	gene-GU280_gp04	MODIFIER	upstream_gene_variant	transcript	TRANSCRIPT_gene-GU280_gp04	protein_coding	-1	c.-682G>T	.	-1	-1	-1	-1	-1	-1	682	upstream_gene_variant	NONE	c.-682G>T	.	-1
NC_045512.2	25563	G	T	M	gene-GU280_gp05	MODIFIER	upstream_gene_variant	transcript	TRANSCRIPT_gene-GU280_gp05	protein_coding	-1	c.-960G>T	.	-1	-1	-1	-1	-1	-1	960	upstream_gene_variant	NONE	c.-960G>T	.	-1
NC_045512.2	25563	G	T	ORF6	gene-GU280_gp06	MODIFIER	upstream_gene_variant	transcript	TRANSCRIPT_gene-GU280_gp06	protein_coding	-1	c.-1639G>T	.	-1	-1	-1	-1	-1	-1	1639	upstream_gene_variant	NONE	c.-1639G>T	.	-1
NC_045512.2	25563	G	T	ORF7a	gene-GU280_gp07	MODIFIER	upstream_gene_variant	transcript	TRANSCRIPT_gene-GU280_gp07	protein_coding	-1	c.-1831G>T	.	-1	-1	-1	-1	-1	-1	1831	upstream_gene_variant	NONE	c.-1831G>T	.	-1
NC_045512.2	25563	G	T	ORF7b	gene-GU280_gp08	MODIFIER	upstream_gene_variant	transcript	TRANSCRIPT_gene-GU280_gp08	protein_coding	-1	c.-2193G>T	.	-1	-1	-1	-1	-1	-1	2193	upstream_gene_variant	NONE	c.-2193G>T	.	-1
NC_045512.2	25563	G	T	ORF8	gene-GU280_gp09	MODIFIER	upstream_gene_variant	transcript	TRANSCRIPT_gene-GU280_gp09	protein_coding	-1	c.-2331G>T	.	-1	-1	-1	-1	-1	-1	2331	upstream_gene_variant	NONE	c.-2331G>T	.	-1
NC_045512.2	25563	G	T	N	gene-GU280_gp10	MODIFIER	upstream_gene_variant	transcript	TRANSCRIPT_gene-GU280_gp10	protein_coding	-1	c.-2711G>T	.	-1	-1	-1	-1	-1	-1	2711	upstream_gene_variant	NONE	c.-2711G>T	.	-1
NC_045512.2	25563	G	T	ORF10	gene-GU280_gp11	MODIFIER	upstream_gene_variant	transcript	TRANSCRIPT_gene-GU280_gp11	protein_coding	-1	c.-3995G>T	.	-1	-1	-1	-1	-1	-1	3995	upstream_gene_variant	NONE	c.-3995G>T	.	-1
NC_045512.2	25563	G	T	ORF1ab	gene-GU280_gp01	MODIFIER	downstream_gene_variant	transcript	TRANSCRIPT_gene-GU280_gp01	protein_coding	-1	c.*4008G>T	.	-1	-1	-1	-1	-1	-1	4008	downstream_gene_variant	NONE	c.*4008G>T	.	-1
NC_045512.2	25563	G	T	S	gene-GU280_gp02	MODIFIER	downstream_gene_variant	transcript	TRANSCRIPT_gene-GU280_gp02	protein_coding	-1	c.*179G>T	.	-1	-1	-1	-1	-1	-1	179	downstream_gene_variant	NONE	c.*179G>T	.	-1
NC_045512.2	25797	C	CA	ORF3a	gene-GU280_gp03	HIGH	frameshift_variant	transcript	TRANSCRIPT_gene-GU280_gp03	protein_coding	1	c.410dupA	p.Asn137fs	411	828	411	828	137	275	0	frameshift_variant	NONE	c.410dupA	p.Asn137fs	275
NC_045512.2	25797	C	CA	E	gene-GU280_gp04	MODIFIER	upstream_gene_variant	transcript	TRANSCRIPT_gene-GU280_gp04	protein_coding	-1	c.-448_-447insA	.	-1	-1	-1	-1	-1	-1	447	upstream_gene_variant	NONE	c.-448_-447insA	.	-1
NC_045512.2	25797	C	CA	M	gene-GU280_gp05	MODIFIER	upstream_gene_variant	transcript	TRANSCRIPT_gene-GU280_gp05	protein_coding	-1	c.-726_-725insA	.	-1	-1	-1	-1	-1	-1	725	upstream_gene_variant	NONE	c.-726_-725insA	.	-1
NC_045512.2	25797	C	CA	ORF6	gene-GU280_gp06	MODIFIER	upstream_gene_variant	transcript	TRANSCRIPT_gene-GU280_gp06	protein_coding	-1	c.-1405_-1404insA	.	-1	-1	-1	-1	-1	-1	1404	upstream_gene_variant	NONE	c.-1405_-1404insA	.	-1
NC_045512.2	25797	C	CA	ORF7a	gene-GU280_gp07	MODIFIER	upstream_gene_variant	transcript	TRANSCRIPT_gene-GU280_gp07	protein_coding	-1	c.-1597_-1596insA	.	-1	-1	-1	-1	-1	-1	1596	upstream_gene_variant	NONE	c.-1597_-1596insA	.	-1
NC_045512.2	25797	C	CA	ORF7b	gene-GU280_gp08	MODIFIER	upstream_gene_variant	transcript	TRANSCRIPT_gene-GU280_gp08	protein_coding	-1	c.-1959_-1958insA	.	-1	-1	-1	-1	-1	-1	1958	upstream_gene_variant	NONE	c.-1959_-1958insA	.	-1
NC_045512.2	25797	C	CA	ORF8	gene-GU280_gp09	MODIFIER	upstream_gene_variant	transcript	TRANSCRIPT_gene-GU280_gp09	protein_coding	-1	c.-2097_-2096insA	.	-1	-1	-1	-1	-1	-1	2096	upstream_gene_variant	NONE	c.-2097_-2096insA	.	-1
NC_045512.2	25797	C	CA	N	gene-GU280_gp10	MODIFIER	upstream_gene_variant	transcript	TRANSCRIPT_gene-GU280_gp10	protein_coding	-1	c.-2477_-2476insA	.	-1	-1	-1	-1	-1	-1	2476	upstream_gene_variant	NONE	c.-2477_-2476insA	.	-1
NC_045512.2	25797	C	CA	ORF10	gene-GU280_gp11	MODIFIER	upstream_gene_variant	transcript	TRANSCRIPT_gene-GU280_gp11	protein_coding	-1	c.-3761_-3760insA	.	-1	-1	-1	-1	-1	-1	3760	upstream_gene_variant	NONE	c.-3761_-3760insA	.	-1
NC_045512.2	25797	C	CA	ORF1ab	gene-GU280_gp01	MODIFIER	downstream_gene_variant	transcript	TRANSCRIPT_gene-GU280_gp01	protein_coding	-1	c.*4242_*4243insA	.	-1	-1	-1	-1	-1	-1	4243	downstream_gene_variant	NONE	c.*4242_*4243insA	.	-1
NC_045512.2	25797	C	CA	S	gene-GU280_gp02	MODIFIER	downstream_gene_variant	transcript	TRANSCRIPT_gene-GU280_gp02	protein_coding	-1	c.*413_*414insA	.	-1	-1	-1	-1	-1	-1	414	downstream_gene_variant	NONE	c.*413_*414insA	.	-1
NC_045512.2	25820	CCAA	C	ORF3a	gene-GU280_gp03	MODERATE	conservative_inframe_deletion	transcript	TRANSCRIPT_gene-GU280_gp03	protein_coding	1	c.430_432delAAC	p.Asn144del	430	828	430	828	144	275	0	conservative_inframe_deletion	NONE	c.430_432delAAC	p.Asn144del	275
NC_045512.2	25820	CCAA	C	E	gene-GU280_gp04	MODIFIER	upstream_gene_variant	transcript	TRANSCRIPT_gene-GU280_gp04	protein_coding	-1	c.-424_-422delCAA	.	-1	-1	-1	-1	-1	-1	424	upstream_gene_variant	NONE	c.-424_-422delCAA	.	-1
NC_045512.2	25820	CCAA	C	M	gene-GU280_gp05	MODIFIER	upstream_gene_variant	transcript	TRANSCRIPT_gene-GU280_gp05	protein_coding	-1	c.-702_-700delCAA	.	-1	-1	-1	-1	-1	-1	702	upstream_gene_variant	NONE	c.-702_-700delCAA	.	-1
NC_045512.2	25820	CCAA	C	ORF6	gene-GU280_gp06	MODIFIER	upstream_gene_variant	transcript	TRANSCRIPT_gene-GU280_gp06	protein_coding	-1	c.-1381_-1379delCAA	.	-1	-1	-1	-1	-1	-1	1381	upstream_gene_variant	NONE	c.-1381_-1379delCAA	.	-1
NC_045512.2	25820	CCAA	C	ORF7a	gene-GU280_gp07	MODIFIER	upstream_gene_variant	transcript	TRANSCRIPT_gene-GU280_gp07	protein_coding	-1	c.-1573_-1571delCAA	.	-1	-1	-1	-1	-1	-1	1573	upstream_gene_variant	NONE	c.-1573_-1571delCAA	.	-1
NC_045512.2	25820	CCAA	C	ORF7b	gene-GU280_gp08	MODIFIER	upstream_gene_variant	transcript	TRANSCRIPT_gene-GU280_gp08	protein_coding	-1	c.-1935_-1933delCAA	.	-1	-1	-1	-1	-1	-1	1935	upstream_gene_variant	NONE	c.-1935_-1933delCAA	.	-1
NC_045512.2	25820	CCAA	C	ORF8	gene-GU280_gp09	MODIFIER	upstream_gene_variant	transcript	TRANSCRIPT_gene-GU280_gp09	protein_coding	-1	c.-2073_-2071delCAA	.	-1	-1	-1	-1	-1	-1	2073	upstream_gene_variant	NONE	c.-2073_-2071delCAA	.	-1
NC_045512.2	25820	CCAA	C	N	gene-GU280_gp10	MODIFIER	upstream_gene_variant	transcript	TRANSCRIPT_gene-GU280_gp10	protein_coding	-1	c.-2453_-2451delCAA	.	-1	-1	-1	-1	-1	-1	2453	upstream_gene_variant	NONE	c.-2453_-2451delCAA	.	-1
NC_045512.2	25820	CCAA	C	ORF10	gene-GU280_gp11	MODIFIER	upstream_gene_variant	transcript	TRANSCRIPT_gene-GU280_gp11	protein_coding	-1	c.-3737_-3735delCAA	.	-1	-1	-1	-1	-1	-1	3737	upstream_gene_variant	NONE	c.-3737_-3735delCAA	.	-1
NC_045512.2	25820	CCAA	C	ORF1ab	gene-GU280_gp01	MODIFIER	downstream_gene_variant	transcript	TRANSCRIPT_gene-GU280_gp01	protein_coding	-1	c.*4266_*4268delCAA	.	-1	-1	-1	-1	-1	-1	4266	downstream_gene_variant	NONE	c.*4266_*4268delCAA	.	-1
NC_045512.2	25820	CCAA	C	S	gene-GU280_gp02	MODIFIER	downstream_gene_variant	transcript	TRANSCRIPT_gene-GU280_gp02	protein_coding	-1	c.*437_*439delCAA	.	-1	-1	-1	-1	-1	-1	437	downstream_gene_variant	NONE	c.*437_*439delCAA	.	-1
NC_045512.2	25907	G	T	ORF3a	gene-GU280_gp03	MODERATE	missense_variant	transcript	TRANSCRIPT_gene-GU280_gp03	protein_coding	1	c.515G>T	p.Gly172Val	515	828	515	828	172	275	0	missense_variant	NONE	c.515G>T	p.Gly172Val	275
NC_045512.2	25907	G	T	E	gene-GU280_gp04	MODIFIER	upstream_gene_variant	transcript	TRANSCRIPT_gene-GU280_gp04	protein_coding	-1	c.-338G>T	.	-1	-1	-1	-1	-1	-1	338	upstream_gene_variant	NONE	c.-338G>T	.	-1
NC_045512.2	25907	G	T	M	gene-GU280_gp05	MODIFIER	upstream_gene_variant	transcript	TRANSCRIPT_gene-GU280_gp05	protein_coding	-1	c.-616G>T	.	-1	-1	-1	-1	-1	-1	616	upstream_gene_variant	NONE	c.-616G>T	.	-1
NC_045512.2	25907	G	T	ORF6	gene-GU280_gp06	MODIFIER	upstream_gene_variant	transcript	TRANSCRIPT_gene-GU280_gp06	protein_coding	-1	c.-1295G>T	.	-1	-1	-1	-1	-1	-1	1295	upstream_gene_variant	NONE	c.-1295G>T	.	-1
NC_045512.2	25907	G	T	ORF7a	gene-GU280_gp07	MODIFIER	upstream_gene_variant	transcript	TRANSCRIPT_gene-GU280_gp07	protein_coding	-1	c.-1487G>T	.	-1	-1	-1	-1	-1	-1	1487	upstream_gene_variant	NONE	c.-1487G>T	.	-1
NC_045512.2	25907	G	T	ORF7b	gene-GU280_gp08	MODIFIER	upstream_gene_variant	transcript	TRANSCRIPT_gene-GU280_gp08	protein_coding	-1	c.-1849G>T	.	-1	-1	-1	-1	-1	-1	1849	upstream_gene_variant	NONE	c.-1849G>T	.	-1
NC_045512.2	25907	G	T	ORF8	gene-GU280_gp09	MODIFIER	upstream_gene_variant	transcript	TRANSCRIPT_gene-GU280_gp09	protein_coding	-1	c.-1987G>T	.	-1	-1	-1	-1	-1	-1	1987	upstream_gene_variant	NONE	c.-1987G>T	.	-1
NC_045512.2	25907	G	T	N	gene-GU280_gp10	MODIFIER	upstream_gene_variant	transcript	TRANSCRIPT_gene-GU280_gp10	protein_coding	-1	c.-2367G>T	.	-1	-1	-1	-1	-1	-1	2367	upstream_gene_variant	NONE	c.-2367G>T	.	-1
NC_045512.2	25907	G	T	ORF10	gene-GU280_gp11	MODIFIER	upstream_gene_variant	transcript	TRANSCRIPT_gene-GU280_gp11	protein_coding	-1	c.-3651G>T	.	-1	-1	-1	-1	-1	-1	3651	upstream_gene_variant	NONE	c.-3651G>T	.	-1
NC_045512.2	25907	G	T	ORF1ab	gene-GU280_gp01	MODIFIER	downstream_gene_variant	transcript	TRANSCRIPT_gene-GU280_gp01	protein_coding	-1	c.*4352G>T	.	-1	-1	-1	-1	-1	-1	4352	downstream_gene_variant	NONE	c.*4352G>T	.	-1
NC_045512.2	25907	G	T	S	gene-GU280_gp02	MODIFIER	downstream_gene_variant	transcript	TRANSCRIPT_gene-GU280_gp02	protein_coding	-1	c.*523G>T	.	-1	-1	-1	-1	-1	-1	523	downstream_gene_variant	NONE	c.*523G>T	.	-1
NC_045512.2	26654	G	GT	M	gene-GU280_gp05	HIGH	frameshift_variant	transcript	TRANSCRIPT_gene-GU280_gp05	protein_coding	1	c.137dupT	p.Leu46fs	138	669	138	669	46	222	0	frameshift_variant	NONE	c.137dupT	p.Leu46fs	222
NC_045512.2	26654	G	GT	ORF6	gene-GU280_gp06	MODIFIER	upstream_gene_variant	transcript	TRANSCRIPT_gene-GU280_gp06	protein_coding	-1	c.-548_-547insT	.	-1	-1	-1	-1	-1	-1	547	upstream_gene_variant	NONE	c.-548_-547insT	.	-1
NC_045512.2	26654	G	GT	ORF7a	gene-GU280_gp07	MODIFIER	upstream_gene_variant	transcript	TRANSCRIPT_gene-GU280_gp07	protein_coding	-1	c.-740_-739insT	.	-1	-1	-1	-1	-1	-1	739	upstream_gene_variant	NONE	c.-740_-739insT	.	-1
NC_045512.2	26654	G	GT	ORF7b	gene-GU280_gp08	MODIFIER	upstream_gene_variant	transcript	TRANSCRIPT_gene-GU280_gp08	protein_coding	-1	c.-1102_-1101insT	.	-1	-1	-1	-1	-1	-1	1101	upstream_gene_variant	NONE	c.-1102_-1101insT	.	-1
NC_045512.2	26654	G	GT	ORF8	gene-GU280_gp09	MODIFIER	upstream_gene_variant	transcript	TRANSCRIPT_gene-GU280_gp09	protein_coding	-1	c.-1240_-1239insT	.	-1	-1	-1	-1	-1	-1	1239	upstream_gene_variant	NONE	c.-1240_-1239insT	.	-1
NC_045512.2	26654	G	GT	N	gene-GU280_gp10	MODIFIER	upstream_gene_variant	transcript	TRANSCRIPT_gene-GU280_gp10	protein_coding	-1	c.-1620_-1619insT	.	-1	-1	-1	-1	-1	-1	1619	upstream_gene_variant	NONE	c.-1620_-1619insT	.	-1
NC_045512.2	26654	G	GT	ORF10	gene-GU280_gp11	MODIFIER	upstream_gene_variant	transcript	TRANSCRIPT_gene-GU280_gp11	protein_coding	-1	c.-2904_-2903insT	.	-1	-1	-1	-1	-1	-1	2903	upstream_gene_variant	NONE	c.-2904_-2903insT	.	-1
NC_045512.2	26654	G	GT	S	gene-GU280_gp02	MODIFIER	downstream_gene_variant	transcript	TRANSCRIPT_gene-GU280_gp02	protein_coding	-1	c.*1270_*1271insT	.	-1	-1	-1	-1	-1	-1	1271	downstream_gene_variant	NONE	c.*1270_*1271insT	.	-1
NC_045512.2	26654	G	GT	ORF3a	gene-GU280_gp03	MODIFIER	downstream_gene_variant	transcript	TRANSCRIPT_gene-GU280_gp03	protein_coding	-1	c.*434_*435insT	.	-1	-1	-1	-1	-1	-1	435	downstream_gene_variant	NONE	c.*434_*435insT	.	-1
NC_045512.2	26654	G	GT	E	gene-GU280_gp04	MODIFIER	downstream_gene_variant	transcript	TRANSCRIPT_gene-GU280_gp04	protein_coding	-1	c.*182_*183insT	.	-1	-1	-1	-1	-1	-1	183	downstream_gene_variant	NONE	c.*182_*183insT	.	-1
NC_045512.2	27250	A	T	ORF6	gene-GU280_gp06	MODERATE	missense_variant	transcript	TRANSCRIPT_gene-GU280_gp06	protein_coding	1	c.49A>T	p.Ile17Phe	49	186	49	186	17	61	0	missense_variant	NONE	c.49A>T	p.Ile17Phe	61
NC_045512.2	27250	A	T	ORF7a	gene-GU280_gp07	MODIFIER	upstream_gene_variant	transcript	TRANSCRIPT_gene-GU280_gp07	protein_coding	-1	c.-144A>T	.	-1	-1	-1	-1	-1	-1	144	upstream_gene_variant	NONE	c.-144A>T	.	-1
NC_045512.2	27250	A	T	ORF7b	gene-GU280_gp08	MODIFIER	upstream_gene_variant	transcript	TRANSCRIPT_gene-GU280_gp08	protein_coding	-1	c.-506A>T	.	-1	-1	-1	-1	-1	-1	506	upstream_gene_variant	NONE	c.-506A>T	.	-1
NC_045512.2	27250	A	T	ORF8	gene-GU280_gp09	MODIFIER	upstream_gene_variant	transcript	TRANSCRIPT_gene-GU280_gp09	protein_coding	-1	c.-644A>T	.	-1	-1	-1	-1	-1	-1	644	upstream_gene_variant	NONE	c.-644A>T	.	-1
NC_045512.2	27250	A	T	N	gene-GU280_gp10	MODIFIER	upstream_gene_variant	transcript	TRANSCRIPT_gene-GU280_gp10	protein_coding	-1	c.-1024A>T	.	-1	-1	-1	-1	-1	-1	1024	upstream_gene_variant	NONE	c.-1024A>T	.	-1
NC_045512.2	27250	A	T	ORF10	gene-GU280_gp11	MODIFIER	upstream_gene_variant	transcript	TRANSCRIPT_gene-GU280_gp11	protein_coding	-1	c.-2308A>T	.	-1	-1	-1	-1	-1	-1	2308	upstream_gene_variant	NONE	c.-2308A>T	.	-1
NC_045512.2	27250	A	T	S	gene-GU280_gp02	MODIFIER	downstream_gene_variant	transcript	TRANSCRIPT_gene-GU280_gp02	protein_coding	-1	c.*1866A>T	.	-1	-1	-1	-1	-1	-1	1866	downstream_gene_variant	NONE	c.*1866A>T	.	-1
NC_045512.2	27250	A	T	ORF3a	gene-GU280_gp03	MODIFIER	downstream_gene_variant	transcript	TRANSCRIPT_gene-GU280_gp03	protein_coding	-1	c.*1030A>T	.	-1	-1	-1	-1	-1	-1	1030	downstream_gene_variant	NONE	c.*1030A>T	.	-1
NC_045512.2	27250	A	T	E	gene-GU280_gp04	MODIFIER	downstream_gene_variant	transcript	TRANSCRIPT_gene-GU280_gp04	protein_coding	-1	c.*778A>T	.	-1	-1	-1	-1	-1	-1	778	downstream_gene_variant	NONE	c.*778A>T	.	-1
NC_045512.2	27250	A	T	M	gene-GU280_gp05	MODIFIER	downstream_gene_variant	transcript	TRANSCRIPT_gene-GU280_gp05	protein_coding	-1	c.*59A>T	.	-1	-1	-1	-1	-1	-1	59	downstream_gene_variant	NONE	c.*59A>T	.	-1
NC_045512.2	27267	TA	T	ORF6	gene-GU280_gp06	HIGH	frameshift_variant	transcript	TRANSCRIPT_gene-GU280_gp06	protein_coding	1	c.69delA	p.Val24fs	69	186	69	186	23	61	0	frameshift_variant	NONE	c.69delA	p.Val24fs	61
NC_045512.2	27267	TA	T	ORF7a	gene-GU280_gp07	MODIFIER	upstream_gene_variant	transcript	TRANSCRIPT_gene-GU280_gp07	protein_coding	-1	c.-126delA	.	-1	-1	-1	-1	-1	-1	126	upstream_gene_variant	NONE	c.-126delA	.	-1
NC_045512.2	27267	TA	T	ORF7b	gene-GU280_gp08	MODIFIER	upstream_gene_variant	transcript	TRANSCRIPT_gene-GU280_gp08	protein_coding	-1	c.-488delA	.	-1	-1	-1	-1	-1	-1	488	upstream_gene_variant	NONE	c.-488delA	.	-1
NC_045512.2	27267	TA	T	ORF8	gene-GU280_gp09	MODIFIER	upstream_gene_variant	transcript	TRANSCRIPT_gene-GU280_gp09	protein_coding	-1	c.-626delA	.	-1	-1	-1	-1	-1	-1	626	upstream_gene_variant	NONE	c.-626delA	.	-1
NC_045512.2	27267	TA	T	N	gene-GU280_gp10	MODIFIER	upstream_gene_variant	transcript	TRANSCRIPT_gene-GU280_gp10	protein_coding	-1	c.-1006delA	.	-1	-1	-1	-1	-1	-1	1006	upstream_gene_variant	NONE	c.-1006delA	.	-1
NC_045512.2	27267	TA	T	ORF10	gene-GU280_gp11	MODIFIER	upstream_gene_variant	transcript	TRANSCRIPT_gene-GU280_gp11	protein_coding	-1	c.-2290delA	.	-1	-1	-1	-1	-1	-1	2290	upstream_gene_variant	NONE	c.-2290delA	.	-1
NC_045512.2	27267	TA	T	S	gene-GU280_gp02	MODIFIER	downstream_gene_variant	transcript	TRANSCRIPT_gene-GU280_gp02	protein_coding	-1	c.*1884delA	.	-1	-1	-1	-1	-1	-1	1884	downstream_gene_variant	NONE	c.*1884delA	.	-1
NC_045512.2	27267	TA	T	ORF3a	gene-GU280_gp03	MODIFIER	downstream_gene_variant	transcript	TRANSCRIPT_gene-GU280_gp03	protein_coding	-1	c.*1048delA	.	-1	-1	-1	-1	-1	-1	1048	downstream_gene_variant	NONE	c.*1048delA	.	-1
NC_045512.2	27267	TA	T	E	gene-GU280_gp04	MODIFIER	downstream_gene_variant	transcript	TRANSCRIPT_gene-GU280_gp04	protein_coding	-1	c.*796delA	.	-1	-1	-1	-1	-1	-1	796	downstream_gene_variant	NONE	c.*796delA	.	-1
NC_045512.2	27267	TA	T	M	gene-GU280_gp05	MODIFIER	downstream_gene_variant	transcript	TRANSCRIPT_gene-GU280_gp05	protein_coding	-1	c.*77delA	.	-1	-1	-1	-1	-1	-1	77	downstream_gene_variant	NONE	c.*77delA	.	-1
NC_045512.2	27271	G	T	ORF6	gene-GU280_gp06	MODERATE	missense_variant	transcript	TRANSCRIPT_gene-GU280_gp06	protein_coding	1	c.70G>T	p.Val24Phe	70	186	70	186	24	61	0	missense_variant	NONE	c.70G>T	p.Val24Phe	61
NC_045512.2	27271	G	T	ORF7a	gene-GU280_gp07	MODIFIER	upstream_gene_variant	transcript	TRANSCRIPT_gene-GU280_gp07	protein_coding	-1	c.-123G>T	.	-1	-1	-1	-1	-1	-1	123	upstream_gene_variant	NONE	c.-123G>T	.	-1
NC_045512.2	27271	G	T	ORF7b	gene-GU280_gp08	MODIFIER	upstream_gene_variant	transcript	TRANSCRIPT_gene-GU280_gp08	protein_coding	-1	c.-485G>T	.	-1	-1	-1	-1	-1	-1	485	upstream_gene_variant	NONE	c.-485G>T	.	-1
NC_045512.2	27271	G	T	ORF8	gene-GU280_gp09	MODIFIER	upstream_gene_variant	transcript	TRANSCRIPT_gene-GU280_gp09	protein_coding	-1	c.-623G>T	.	-1	-1	-1	-1	-1	-1	623	upstream_gene_variant	NONE	c.-623G>T	.	-1
NC_045512.2	27271	G	T	N	gene-GU280_gp10	MODIFIER	upstream_gene_variant	transcript	TRANSCRIPT_gene-GU280_gp10	protein_coding	-1	c.-1003G>T	.	-1	-1	-1	-1	-1	-1	1003	upstream_gene_variant	NONE	c.-1003G>T	.	-1
NC_045512.2	27271	G	T	ORF10	gene-GU280_gp11	MODIFIER	upstream_gene_variant	transcript	TRANSCRIPT_gene-GU280_gp11	protein_coding	-1	c.-2287G>T	.	-1	-1	-1	-1	-1	-1	2287	upstream_gene_variant	NONE	c.-2287G>T	.	-1
NC_045512.2	27271	G	T	S	gene-GU280_gp02	MODIFIER	downstream_gene_variant	transcript	TRANSCRIPT_gene-GU280_gp02	protein_coding	-1	c.*1887G>T	.	-1	-1	-1	-1	-1	-1	1887	downstream_gene_variant	NONE	c.*1887G>T	.	-1
NC_045512.2	27271	G	T	ORF3a	gene-GU280_gp03	MODIFIER	downstream_gene_variant	transcript	TRANSCRIPT_gene-GU280_gp03	protein_coding	-1	c.*1051G>T	.	-1	-1	-1	-1	-1	-1	1051	downstream_gene_variant	NONE	c.*1051G>T	.	-1
NC_045512.2	27271	G	T	E	gene-GU280_gp04	MODIFIER	downstream_gene_variant	transcript	TRANSCRIPT_gene-GU280_gp04	protein_coding	-1	c.*799G>T	.	-1	-1	-1	-1	-1	-1	799	downstream_gene_variant	NONE	c.*799G>T	.	-1
NC_045512.2	27271	G	T	M	gene-GU280_gp05	MODIFIER	downstream_gene_variant	transcript	TRANSCRIPT_gene-GU280_gp05	protein_coding	-1	c.*80G>T	.	-1	-1	-1	-1	-1	-1	80	downstream_gene_variant	NONE	c.*80G>T	.	-1
NC_045512.2	27282	G	C	ORF6	gene-GU280_gp06	MODERATE	missense_variant	transcript	TRANSCRIPT_gene-GU280_gp06	protein_coding	1	c.81G>C	p.Trp27Cys	81	186	81	186	27	61	0	missense_variant	NONE	c.81G>C	p.Trp27Cys	61
NC_045512.2	27282	G	C	ORF7a	gene-GU280_gp07	MODIFIER	upstream_gene_variant	transcript	TRANSCRIPT_gene-GU280_gp07	protein_coding	-1	c.-112G>C	.	-1	-1	-1	-1	-1	-1	112	upstream_gene_variant	NONE	c.-112G>C	.	-1
NC_045512.2	27282	G	C	ORF7b	gene-GU280_gp08	MODIFIER	upstream_gene_variant	transcript	TRANSCRIPT_gene-GU280_gp08	protein_coding	-1	c.-474G>C	.	-1	-1	-1	-1	-1	-1	474	upstream_gene_variant	NONE	c.-474G>C	.	-1
NC_045512.2	27282	G	C	ORF8	gene-GU280_gp09	MODIFIER	upstream_gene_variant	transcript	TRANSCRIPT_gene-GU280_gp09	protein_coding	-1	c.-612G>C	.	-1	-1	-1	-1	-1	-1	612	upstream_gene_variant	NONE	c.-612G>C	.	-1
NC_045512.2	27282	G	C	N	gene-GU280_gp10	MODIFIER	upstream_gene_variant	transcript	TRANSCRIPT_gene-GU280_gp10	protein_coding	-1	c.-992G>C	.	-1	-1	-1	-1	-1	-1	992	upstream_gene_variant	NONE	c.-992G>C	.	-1
NC_045512.2	27282	G	C	ORF10	gene-GU280_gp11	MODIFIER	upstream_gene_variant	transcript	TRANSCRIPT_gene-GU280_gp11	protein_coding	-1	c.-2276G>C	.	-1	-1	-1	-1	-1	-1	2276	upstream_gene_variant	NONE	c.-2276G>C	.	-1
NC_045512.2	27282	G	C	S	gene-GU280_gp02	MODIFIER	downstream_gene_variant	transcript	TRANSCRIPT_gene-GU280_gp02	protein_coding	-1	c.*1898G>C	.	-1	-1	-1	-1	-1	-1	1898	downstream_gene_variant	NONE	c.*1898G>C	.	-1
NC_045512.2	27282	G	C	ORF3a	gene-GU280_gp03	MODIFIER	downstream_gene_variant	transcript	TRANSCRIPT_gene-GU280_gp03	protein_coding	-1	c.*1062G>C	.	-1	-1	-1	-1	-1	-1	1062	downstream_gene_variant	NONE	c.*1062G>C	.	-1
NC_045512.2	27282	G	C	E	gene-GU280_gp04	MODIFIER	downstream_gene_variant	transcript	TRANSCRIPT_gene-GU280_gp04	protein_coding	-1	c.*810G>C	.	-1	-1	-1	-1	-1	-1	810	downstream_gene_variant	NONE	c.*810G>C	.	-1
NC_045512.2	27282	G	C	M	gene-GU280_gp05	MODIFIER	downstream_gene_variant	transcript	TRANSCRIPT_gene-GU280_gp05	protein_coding	-1	c.*91G>C	.	-1	-1	-1	-1	-1	-1	91	downstream_gene_variant	NONE	c.*91G>C	.	-1
NC_045512.2	27282	GA	G	ORF6	gene-GU280_gp06	HIGH	frameshift_variant	transcript	TRANSCRIPT_gene-GU280_gp06	protein_coding	1	c.83delA	p.Asn28fs	83	186	83	186	28	61	0	frameshift_variant	NONE	c.83delA	p.Asn28fs	61
NC_045512.2	27282	GA	G	ORF7a	gene-GU280_gp07	MODIFIER	upstream_gene_variant	transcript	TRANSCRIPT_gene-GU280_gp07	protein_coding	-1	c.-111delA	.	-1	-1	-1	-1	-1	-1	111	upstream_gene_variant	NONE	c.-111delA	.	-1
NC_045512.2	27282	GA	G	ORF7b	gene-GU280_gp08	MODIFIER	upstream_gene_variant	transcript	TRANSCRIPT_gene-GU280_gp08	protein_coding	-1	c.-473delA	.	-1	-1	-1	-1	-1	-1	473	upstream_gene_variant	NONE	c.-473delA	.	-1
NC_045512.2	27282	GA	G	ORF8	gene-GU280_gp09	MODIFIER	upstream_gene_variant	transcript	TRANSCRIPT_gene-GU280_gp09	protein_coding	-1	c.-611delA	.	-1	-1	-1	-1	-1	-1	611	upstream_gene_variant	NONE	c.-611delA	.	-1
NC_045512.2	27282	GA	G	N	gene-GU280_gp10	MODIFIER	upstream_gene_variant	transcript	TRANSCRIPT_gene-GU280_gp10	protein_coding	-1	c.-991delA	.	-1	-1	-1	-1	-1	-1	991	upstream_gene_variant	NONE	c.-991delA	.	-1
NC_045512.2	27282	GA	G	ORF10	gene-GU280_gp11	MODIFIER	upstream_gene_variant	transcript	TRANSCRIPT_gene-GU280_gp11	protein_coding	-1	c.-2275delA	.	-1	-1	-1	-1	-1	-1	2275	upstream_gene_variant	NONE	c.-2275delA	.	-1
NC_045512.2	27282	GA	G	S	gene-GU280_gp02	MODIFIER	downstream_gene_variant	transcript	TRANSCRIPT_gene-GU280_gp02	protein_coding	-1	c.*1899delA	.	-1	-1	-1	-1	-1	-1	1899	downstream_gene_variant	NONE	c.*1899delA	.	-1
NC_045512.2	27282	GA	G	ORF3a	gene-GU280_gp03	MODIFIER	downstream_gene_variant	transcript	TRANSCRIPT_gene-GU280_gp03	protein_coding	-1	c.*1063delA	.	-1	-1	-1	-1	-1	-1	1063	downstream_gene_variant	NONE	c.*1063delA	.	-1
NC_045512.2	27282	GA	G	E	gene-GU280_gp04	MODIFIER	downstream_gene_variant	transcript	TRANSCRIPT_gene-GU280_gp04	protein_coding	-1	c.*811delA	.	-1	-1	-1	-1	-1	-1	811	downstream_gene_variant	NONE	c.*811delA	.	-1
NC_045512.2	27282	GA	G	M	gene-GU280_gp05	MODIFIER	downstream_gene_variant	transcript	TRANSCRIPT_gene-GU280_gp05	protein_coding	-1	c.*92delA	.	-1	-1	-1	-1	-1	-1	92	downstream_gene_variant	NONE	c.*92delA	.	-1
NC_045512.2	27312	T	A	ORF6	gene-GU280_gp06	LOW	synonymous_variant	transcript	TRANSCRIPT_gene-GU280_gp06	protein_coding	1	c.111T>A	p.Ile37Ile	111	186	111	186	37	61	0	synonymous_variant	NONE	c.111T>A	p.Ile37Ile	61
NC_045512.2	27312	T	A	ORF7a	gene-GU280_gp07	MODIFIER	upstream_gene_variant	transcript	TRANSCRIPT_gene-GU280_gp07	protein_coding	-1	c.-82T>A	.	-1	-1	-1	-1	-1	-1	82	upstream_gene_variant	NONE	c.-82T>A	.	-1
NC_045512.2	27312	T	A	ORF7b	gene-GU280_gp08	MODIFIER	upstream_gene_variant	transcript	TRANSCRIPT_gene-GU280_gp08	protein_coding	-1	c.-444T>A	.	-1	-1	-1	-1	-1	-1	444	upstream_gene_variant	NONE	c.-444T>A	.	-1
NC_045512.2	27312	T	A	ORF8	gene-GU280_gp09	MODIFIER	upstream_gene_variant	transcript	TRANSCRIPT_gene-GU280_gp09	protein_coding	-1	c.-582T>A	.	-1	-1	-1	-1	-1	-1	582	upstream_gene_variant	NONE	c.-582T>A	.	-1
NC_045512.2	27312	T	A	N	gene-GU280_gp10	MODIFIER	upstream_gene_variant	transcript	TRANSCRIPT_gene-GU280_gp10	protein_coding	-1	c.-962T>A	.	-1	-1	-1	-1	-1	-1	962	upstream_gene_variant	NONE	c.-962T>A	.	-1
NC_045512.2	27312	T	A	ORF10	gene-GU280_gp11	MODIFIER	upstream_gene_variant	transcript	TRANSCRIPT_gene-GU280_gp11	protein_coding	-1	c.-2246T>A	.	-1	-1	-1	-1	-1	-1	2246	upstream_gene_variant	NONE	c.-2246T>A	.	-1
NC_045512.2	27312	T	A	S	gene-GU280_gp02	MODIFIER	downstream_gene_variant	transcript	TRANSCRIPT_gene-GU280_gp02	protein_coding	-1	c.*1928T>A	.	-1	-1	-1	-1	-1	-1	1928	downstream_gene_variant	NONE	c.*1928T>A	.	-1
NC_045512.2	27312	T	A	ORF3a	gene-GU280_gp03	MODIFIER	downstream_gene_variant	transcript	TRANSCRIPT_gene-GU280_gp03	protein_coding	-1	c.*1092T>A	.	-1	-1	-1	-1	-1	-1	1092	downstream_gene_variant	NONE	c.*1092T>A	.	-1
NC_045512.2	27312	T	A	E	gene-GU280_gp04	MODIFIER	downstream_gene_variant	transcript	TRANSCRIPT_gene-GU280_gp04	protein_coding	-1	c.*840T>A	.	-1	-1	-1	-1	-1	-1	840	downstream_gene_variant	NONE	c.*840T>A	.	-1
NC_045512.2	27312	T	A	M	gene-GU280_gp05	MODIFIER	downstream_gene_variant	transcript	TRANSCRIPT_gene-GU280_gp05	protein_coding	-1	c.*121T>A	.	-1	-1	-1	-1	-1	-1	121	downstream_gene_variant	NONE	c.*121T>A	.	-1
NC_045512.2	27342	TAA	T	ORF6	gene-GU280_gp06	HIGH	frameshift_variant	transcript	TRANSCRIPT_gene-GU280_gp06	protein_coding	1	c.143_144delAA	p.Lys48fs	143	186	143	186	48	61	0	frameshift_variant	NONE	c.143_144delAA	p.Lys48fs	61
NC_045512.2	27342	TAA	T	ORF7a	gene-GU280_gp07	MODIFIER	upstream_gene_variant	transcript	TRANSCRIPT_gene-GU280_gp07	protein_coding	-1	c.-51_-50delAA	.	-1	-1	-1	-1	-1	-1	51	upstream_gene_variant	NONE	c.-51_-50delAA	.	-1
NC_045512.2	27342	TAA	T	ORF7b	gene-GU280_gp08	MODIFIER	upstream_gene_variant	transcript	TRANSCRIPT_gene-GU280_gp08	protein_coding	-1	c.-413_-412delAA	.	-1	-1	-1	-1	-1	-1	413	upstream_gene_variant	NONE	c.-413_-412delAA	.	-1
NC_045512.2	27342	TAA	T	ORF8	gene-GU280_gp09	MODIFIER	upstream_gene_variant	transcript	TRANSCRIPT_gene-GU280_gp09	protein_coding	-1	c.-551_-550delAA	.	-1	-1	-1	-1	-1	-1	551	upstream_gene_variant	NONE	c.-551_-550delAA	.	-1
NC_045512.2	27342	TAA	T	N	gene-GU280_gp10	MODIFIER	upstream_gene_variant	transcript	TRANSCRIPT_gene-GU280_gp10	protein_coding	-1	c.-931_-930delAA	.	-1	-1	-1	-1	-1	-1	931	upstream_gene_variant	NONE	c.-931_-930delAA	.	-1
NC_045512.2	27342	TAA	T	ORF10	gene-GU280_gp11	MODIFIER	upstream_gene_variant	transcript	TRANSCRIPT_gene-GU280_gp11	protein_coding	-1	c.-2215_-2214delAA	.	-1	-1	-1	-1	-1	-1	2215	upstream_gene_variant	NONE	c.-2215_-2214delAA	.	-1
NC_045512.2	27342	TAA	T	S	gene-GU280_gp02	MODIFIER	downstream_gene_variant	transcript	TRANSCRIPT_gene-GU280_gp02	protein_coding	-1	c.*1959_*1960delAA	.	-1	-1	-1	-1	-1	-1	1959	downstream_gene_variant	NONE	c.*1959_*1960delAA	.	-1
NC_045512.2	27342	TAA	T	ORF3a	gene-GU280_gp03	MODIFIER	downstream_gene_variant	transcript	TRANSCRIPT_gene-GU280_gp03	protein_coding	-1	c.*1123_*1124delAA	.	-1	-1	-1	-1	-1	-1	1123	downstream_gene_variant	NONE	c.*1123_*1124delAA	.	-1
NC_045512.2	27342	TAA	T	E	gene-GU280_gp04	MODIFIER	downstream_gene_variant	transcript	TRANSCRIPT_gene-GU280_gp04	protein_coding	-1	c.*871_*872delAA	.	-1	-1	-1	-1	-1	-1	871	downstream_gene_variant	NONE	c.*871_*872delAA	.	-1
NC_045512.2	27342	TAA	T	M	gene-GU280_gp05	MODIFIER	downstream_gene_variant	transcript	TRANSCRIPT_gene-GU280_gp05	protein_coding	-1	c.*152_*153delAA	.	-1	-1	-1	-1	-1	-1	152	downstream_gene_variant	NONE	c.*152_*153delAA	.	-1
NC_045512.2	27342	TA	T	ORF6	gene-GU280_gp06	HIGH	frameshift_variant	transcript	TRANSCRIPT_gene-GU280_gp06	protein_coding	1	c.144delA	p.Lys48fs	144	186	144	186	48	61	0	frameshift_variant	NONE	c.144delA	p.Lys48fs	61
NC_045512.2	27342	TA	T	ORF7a	gene-GU280_gp07	MODIFIER	upstream_gene_variant	transcript	TRANSCRIPT_gene-GU280_gp07	protein_coding	-1	c.-51delA	.	-1	-1	-1	-1	-1	-1	51	upstream_gene_variant	NONE	c.-51delA	.	-1
NC_045512.2	27342	TA	T	ORF7b	gene-GU280_gp08	MODIFIER	upstream_gene_variant	transcript	TRANSCRIPT_gene-GU280_gp08	protein_coding	-1	c.-413delA	.	-1	-1	-1	-1	-1	-1	413	upstream_gene_variant	NONE	c.-413delA	.	-1
NC_045512.2	27342	TA	T	ORF8	gene-GU280_gp09	MODIFIER	upstream_gene_variant	transcript	TRANSCRIPT_gene-GU280_gp09	protein_coding	-1	c.-551delA	.	-1	-1	-1	-1	-1	-1	551	upstream_gene_variant	NONE	c.-551delA	.	-1
NC_045512.2	27342	TA	T	N	gene-GU280_gp10	MODIFIER	upstream_gene_variant	transcript	TRANSCRIPT_gene-GU280_gp10	protein_coding	-1	c.-931delA	.	-1	-1	-1	-1	-1	-1	931	upstream_gene_variant	NONE	c.-931delA	.	-1
NC_045512.2	27342	TA	T	ORF10	gene-GU280_gp11	MODIFIER	upstream_gene_variant	transcript	TRANSCRIPT_gene-GU280_gp11	protein_coding	-1	c.-2215delA	.	-1	-1	-1	-1	-1	-1	2215	upstream_gene_variant	NONE	c.-2215delA	.	-1
NC_045512.2	27342	TA	T	S	gene-GU280_gp02	MODIFIER	downstream_gene_variant	transcript	TRANSCRIPT_gene-GU280_gp02	protein_coding	-1	c.*1959delA	.	-1	-1	-1	-1	-1	-1	1959	downstream_gene_variant	NONE	c.*1959delA	.	-1
NC_045512.2	27342	TA	T	ORF3a	gene-GU280_gp03	MODIFIER	downstream_gene_variant	transcript	TRANSCRIPT_gene-GU280_gp03	protein_coding	-1	c.*1123delA	.	-1	-1	-1	-1	-1	-1	1123	downstream_gene_variant	NONE	c.*1123delA	.	-1
NC_045512.2	27342	TA	T	E	gene-GU280_gp04	MODIFIER	downstream_gene_variant	transcript	TRANSCRIPT_gene-GU280_gp04	protein_coding	-1	c.*871delA	.	-1	-1	-1	-1	-1	-1	871	downstream_gene_variant	NONE	c.*871delA	.	-1
NC_045512.2	27342	TA	T	M	gene-GU280_gp05	MODIFIER	downstream_gene_variant	transcript	TRANSCRIPT_gene-GU280_gp05	protein_coding	-1	c.*152delA	.	-1	-1	-1	-1	-1	-1	152	downstream_gene_variant	NONE	c.*152delA	.	-1
NC_045512.2	27385	T	C	ORF6	gene-GU280_gp06	HIGH	stop_lost&splice_region_variant	transcript	TRANSCRIPT_gene-GU280_gp06	protein_coding	1	c.184T>C	p.Ter62Glnext*?	184	186	184	186	62	61	0	stop_lost&splice_region_variant	NONE	c.184T>C	p.Ter62Glnext*?	61
NC_045512.2	27385	T	C	ORF7a	gene-GU280_gp07	MODIFIER	upstream_gene_variant	transcript	TRANSCRIPT_gene-GU280_gp07	protein_coding	-1	c.-9T>C	.	-1	-1	-1	-1	-1	-1	9	upstream_gene_variant	NONE	c.-9T>C	.	-1
NC_045512.2	27385	T	C	ORF7b	gene-GU280_gp08	MODIFIER	upstream_gene_variant	transcript	TRANSCRIPT_gene-GU280_gp08	protein_coding	-1	c.-371T>C	.	-1	-1	-1	-1	-1	-1	371	upstream_gene_variant	NONE	c.-371T>C	.	-1
NC_045512.2	27385	T	C	ORF8	gene-GU280_gp09	MODIFIER	upstream_gene_variant	transcript	TRANSCRIPT_gene-GU280_gp09	protein_coding	-1	c.-509T>C	.	-1	-1	-1	-1	-1	-1	509	upstream_gene_variant	NONE	c.-509T>C	.	-1
NC_045512.2	27385	T	C	N	gene-GU280_gp10	MODIFIER	upstream_gene_variant	transcript	TRANSCRIPT_gene-GU280_gp10	protein_coding	-1	c.-889T>C	.	-1	-1	-1	-1	-1	-1	889	upstream_gene_variant	NONE	c.-889T>C	.	-1
NC_045512.2	27385	T	C	ORF10	gene-GU280_gp11	MODIFIER	upstream_gene_variant	transcript	TRANSCRIPT_gene-GU280_gp11	protein_coding	-1	c.-2173T>C	.	-1	-1	-1	-1	-1	-1	2173	upstream_gene_variant	NONE	c.-2173T>C	.	-1
NC_045512.2	27385	T	C	S	gene-GU280_gp02	MODIFIER	downstream_gene_variant	transcript	TRANSCRIPT_gene-GU280_gp02	protein_coding	-1	c.*2001T>C	.	-1	-1	-1	-1	-1	-1	2001	downstream_gene_variant	NONE	c.*2001T>C	.	-1
NC_045512.2	27385	T	C	ORF3a	gene-GU280_gp03	MODIFIER	downstream_gene_variant	transcript	TRANSCRIPT_gene-GU280_gp03	protein_coding	-1	c.*1165T>C	.	-1	-1	-1	-1	-1	-1	1165	downstream_gene_variant	NONE	c.*1165T>C	.	-1
NC_045512.2	27385	T	C	E	gene-GU280_gp04	MODIFIER	downstream_gene_variant	transcript	TRANSCRIPT_gene-GU280_gp04	protein_coding	-1	c.*913T>C	.	-1	-1	-1	-1	-1	-1	913	downstream_gene_variant	NONE	c.*913T>C	.	-1
NC_045512.2	27385	T	C	M	gene-GU280_gp05	MODIFIER	downstream_gene_variant	transcript	TRANSCRIPT_gene-GU280_gp05	protein_coding	-1	c.*194T>C	.	-1	-1	-1	-1	-1	-1	194	downstream_gene_variant	NONE	c.*194T>C	.	-1
NC_045512.2	27964	C	T	ORF8	gene-GU280_gp09	MODERATE	missense_variant	transcript	TRANSCRIPT_gene-GU280_gp09	protein_coding	1	c.71C>T	p.Ser24Leu	71	366	71	366	24	121	0	missense_variant	NONE	c.71C>T	p.Ser24Leu	121
NC_045512.2	27964	C	T	N	gene-GU280_gp10	MODIFIER	upstream_gene_variant	transcript	TRANSCRIPT_gene-GU280_gp10	protein_coding	-1	c.-310C>T	.	-1	-1	-1	-1	-1	-1	310	upstream_gene_variant	NONE	c.-310C>T	.	-1
NC_045512.2	27964	C	T	ORF10	gene-GU280_gp11	MODIFIER	upstream_gene_variant	transcript	TRANSCRIPT_gene-GU280_gp11	protein_coding	-1	c.-1594C>T	.	-1	-1	-1	-1	-1	-1	1594	upstream_gene_variant	NONE	c.-1594C>T	.	-1
NC_045512.2	27964	C	T	S	gene-GU280_gp02	MODIFIER	downstream_gene_variant	transcript	TRANSCRIPT_gene-GU280_gp02	protein_coding	-1	c.*2580C>T	.	-1	-1	-1	-1	-1	-1	2580	downstream_gene_variant	NONE	c.*2580C>T	.	-1
NC_045512.2	27964	C	T	ORF3a	gene-GU280_gp03	MODIFIER	downstream_gene_variant	transcript	TRANSCRIPT_gene-GU280_gp03	protein_coding	-1	c.*1744C>T	.	-1	-1	-1	-1	-1	-1	1744	downstream_gene_variant	NONE	c.*1744C>T	.	-1
NC_045512.2	27964	C	T	E	gene-GU280_gp04	MODIFIER	downstream_gene_variant	transcript	TRANSCRIPT_gene-GU280_gp04	protein_coding	-1	c.*1492C>T	.	-1	-1	-1	-1	-1	-1	1492	downstream_gene_variant	NONE	c.*1492C>T	.	-1
NC_045512.2	27964	C	T	M	gene-GU280_gp05	MODIFIER	downstream_gene_variant	transcript	TRANSCRIPT_gene-GU280_gp05	protein_coding	-1	c.*773C>T	.	-1	-1	-1	-1	-1	-1	773	downstream_gene_variant	NONE	c.*773C>T	.	-1
NC_045512.2	27964	C	T	ORF6	gene-GU280_gp06	MODIFIER	downstream_gene_variant	transcript	TRANSCRIPT_gene-GU280_gp06	protein_coding	-1	c.*577C>T	.	-1	-1	-1	-1	-1	-1	577	downstream_gene_variant	NONE	c.*577C>T	.	-1
NC_045512.2	27964	C	T	ORF7a	gene-GU280_gp07	MODIFIER	downstream_gene_variant	transcript	TRANSCRIPT_gene-GU280_gp07	protein_coding	-1	c.*205C>T	.	-1	-1	-1	-1	-1	-1	205	downstream_gene_variant	NONE	c.*205C>T	.	-1
NC_045512.2	27964	C	T	ORF7b	gene-GU280_gp08	MODIFIER	downstream_gene_variant	transcript	TRANSCRIPT_gene-GU280_gp08	protein_coding	-1	c.*77C>T	.	-1	-1	-1	-1	-1	-1	77	downstream_gene_variant	NONE	c.*77C>T	.	-1
NC_045512.2	28214	C	CT	ORF8	gene-GU280_gp09	HIGH	frameshift_variant	transcript	TRANSCRIPT_gene-GU280_gp09	protein_coding	1	c.326dupT	p.Leu109fs	327	366	327	366	109	121	0	frameshift_variant	NONE	c.326dupT	p.Leu109fs	121
NC_045512.2	28214	C	CT	N	gene-GU280_gp10	MODIFIER	upstream_gene_variant	transcript	TRANSCRIPT_gene-GU280_gp10	protein_coding	-1	c.-60_-59insT	.	-1	-1	-1	-1	-1	-1	59	upstream_gene_variant	NONE	c.-60_-59insT	.	-1
NC_045512.2	28214	C	CT	ORF10	gene-GU280_gp11	MODIFIER	upstream_gene_variant	transcript	TRANSCRIPT_gene-GU280_gp11	protein_coding	-1	c.-1344_-1343insT	.	-1	-1	-1	-1	-1	-1	1343	upstream_gene_variant	NONE	c.-1344_-1343insT	.	-1
NC_045512.2	28214	C	CT	S	gene-GU280_gp02	MODIFIER	downstream_gene_variant	transcript	TRANSCRIPT_gene-GU280_gp02	protein_coding	-1	c.*2830_*2831insT	.	-1	-1	-1	-1	-1	-1	2831	downstream_gene_variant	NONE	c.*2830_*2831insT	.	-1
NC_045512.2	28214	C	CT	ORF3a	gene-GU280_gp03	MODIFIER	downstream_gene_variant	transcript	TRANSCRIPT_gene-GU280_gp03	protein_coding	-1	c.*1994_*1995insT	.	-1	-1	-1	-1	-1	-1	1995	downstream_gene_variant	NONE	c.*1994_*1995insT	.	-1
NC_045512.2	28214	C	CT	E	gene-GU280_gp04	MODIFIER	downstream_gene_variant	transcript	TRANSCRIPT_gene-GU280_gp04	protein_coding	-1	c.*1742_*1743insT	.	-1	-1	-1	-1	-1	-1	1743	downstream_gene_variant	NONE	c.*1742_*1743insT	.	-1
NC_045512.2	28214	C	CT	M	gene-GU280_gp05	MODIFIER	downstream_gene_variant	transcript	TRANSCRIPT_gene-GU280_gp05	protein_coding	-1	c.*1023_*1024insT	.	-1	-1	-1	-1	-1	-1	1024	downstream_gene_variant	NONE	c.*1023_*1024insT	.	-1
NC_045512.2	28214	C	CT	ORF6	gene-GU280_gp06	MODIFIER	downstream_gene_variant	transcript	TRANSCRIPT_gene-GU280_gp06	protein_coding	-1	c.*827_*828insT	.	-1	-1	-1	-1	-1	-1	828	downstream_gene_variant	NONE	c.*827_*828insT	.	-1
NC_045512.2	28214	C	CT	ORF7a	gene-GU280_gp07	MODIFIER	downstream_gene_variant	transcript	TRANSCRIPT_gene-GU280_gp07	protein_coding	-1	c.*455_*456insT	.	-1	-1	-1	-1	-1	-1	456	downstream_gene_variant	NONE	c.*455_*456insT	.	-1
NC_045512.2	28214	C	CT	ORF7b	gene-GU280_gp08	MODIFIER	downstream_gene_variant	transcript	TRANSCRIPT_gene-GU280_gp08	protein_coding	-1	c.*327_*328insT	.	-1	-1	-1	-1	-1	-1	328	downstream_gene_variant	NONE	c.*327_*328insT	.	-1
NC_045512.2	28472	C	T	N	gene-GU280_gp10	MODERATE	missense_variant	transcript	TRANSCRIPT_gene-GU280_gp10	protein_coding	1	c.199C>T	p.Pro67Ser	199	1260	199	1260	67	419	0	missense_variant	NONE	c.199C>T	p.Pro67Ser	419
NC_045512.2	28472	C	T	ORF10	gene-GU280_gp11	MODIFIER	upstream_gene_variant	transcript	TRANSCRIPT_gene-GU280_gp11	protein_coding	-1	c.-1086C>T	.	-1	-1	-1	-1	-1	-1	1086	upstream_gene_variant	NONE	c.-1086C>T	.	-1
NC_045512.2	28472	C	T	S	gene-GU280_gp02	MODIFIER	downstream_gene_variant	transcript	TRANSCRIPT_gene-GU280_gp02	protein_coding	-1	c.*3088C>T	.	-1	-1	-1	-1	-1	-1	3088	downstream_gene_variant	NONE	c.*3088C>T	.	-1
NC_045512.2	28472	C	T	ORF3a	gene-GU280_gp03	MODIFIER	downstream_gene_variant	transcript	TRANSCRIPT_gene-GU280_gp03	protein_coding	-1	c.*2252C>T	.	-1	-1	-1	-1	-1	-1	2252	downstream_gene_variant	NONE	c.*2252C>T	.	-1
NC_045512.2	28472	C	T	E	gene-GU280_gp04	MODIFIER	downstream_gene_variant	transcript	TRANSCRIPT_gene-GU280_gp04	protein_coding	-1	c.*2000C>T	.	-1	-1	-1	-1	-1	-1	2000	downstream_gene_variant	NONE	c.*2000C>T	.	-1
NC_045512.2	28472	C	T	M	gene-GU280_gp05	MODIFIER	downstream_gene_variant	transcript	TRANSCRIPT_gene-GU280_gp05	protein_coding	-1	c.*1281C>T	.	-1	-1	-1	-1	-1	-1	1281	downstream_gene_variant	NONE	c.*1281C>T	.	-1
NC_045512.2	28472	C	T	ORF6	gene-GU280_gp06	MODIFIER	downstream_gene_variant	transcript	TRANSCRIPT_gene-GU280_gp06	protein_coding	-1	c.*1085C>T	.	-1	-1	-1	-1	-1	-1	1085	downstream_gene_variant	NONE	c.*1085C>T	.	-1
NC_045512.2	28472	C	T	ORF7a	gene-GU280_gp07	MODIFIER	downstream_gene_variant	transcript	TRANSCRIPT_gene-GU280_gp07	protein_coding	-1	c.*713C>T	.	-1	-1	-1	-1	-1	-1	713	downstream_gene_variant	NONE	c.*713C>T	.	-1
NC_045512.2	28472	C	T	ORF7b	gene-GU280_gp08	MODIFIER	downstream_gene_variant	transcript	TRANSCRIPT_gene-GU280_gp08	protein_coding	-1	c.*585C>T	.	-1	-1	-1	-1	-1	-1	585	downstream_gene_variant	NONE	c.*585C>T	.	-1
NC_045512.2	28472	C	T	ORF8	gene-GU280_gp09	MODIFIER	downstream_gene_variant	transcript	TRANSCRIPT_gene-GU280_gp09	protein_coding	-1	c.*213C>T	.	-1	-1	-1	-1	-1	-1	213	downstream_gene_variant	NONE	c.*213C>T	.	-1
NC_045512.2	28869	C	T	N	gene-GU280_gp10	MODERATE	missense_variant	transcript	TRANSCRIPT_gene-GU280_gp10	protein_coding	1	c.596C>T	p.Pro199Leu	596	1260	596	1260	199	419	0	missense_variant	NONE	c.596C>T	p.Pro199Leu	419
NC_045512.2	28869	C	T	ORF10	gene-GU280_gp11	MODIFIER	upstream_gene_variant	transcript	TRANSCRIPT_gene-GU280_gp11	protein_coding	-1	c.-689C>T	.	-1	-1	-1	-1	-1	-1	689	upstream_gene_variant	NONE	c.-689C>T	.	-1
NC_045512.2	28869	C	T	S	gene-GU280_gp02	MODIFIER	downstream_gene_variant	transcript	TRANSCRIPT_gene-GU280_gp02	protein_coding	-1	c.*3485C>T	.	-1	-1	-1	-1	-1	-1	3485	downstream_gene_variant	NONE	c.*3485C>T	.	-1
NC_045512.2	28869	C	T	ORF3a	gene-GU280_gp03	MODIFIER	downstream_gene_variant	transcript	TRANSCRIPT_gene-GU280_gp03	protein_coding	-1	c.*2649C>T	.	-1	-1	-1	-1	-1	-1	2649	downstream_gene_variant	NONE	c.*2649C>T	.	-1
NC_045512.2	28869	C	T	E	gene-GU280_gp04	MODIFIER	downstream_gene_variant	transcript	TRANSCRIPT_gene-GU280_gp04	protein_coding	-1	c.*2397C>T	.	-1	-1	-1	-1	-1	-1	2397	downstream_gene_variant	NONE	c.*2397C>T	.	-1
NC_045512.2	28869	C	T	M	gene-GU280_gp05	MODIFIER	downstream_gene_variant	transcript	TRANSCRIPT_gene-GU280_gp05	protein_coding	-1	c.*1678C>T	.	-1	-1	-1	-1	-1	-1	1678	downstream_gene_variant	NONE	c.*1678C>T	.	-1
NC_045512.2	28869	C	T	ORF6	gene-GU280_gp06	MODIFIER	downstream_gene_variant	transcript	TRANSCRIPT_gene-GU280_gp06	protein_coding	-1	c.*1482C>T	.	-1	-1	-1	-1	-1	-1	1482	downstream_gene_variant	NONE	c.*1482C>T	.	-1
NC_045512.2	28869	C	T	ORF7a	gene-GU280_gp07	MODIFIER	downstream_gene_variant	transcript	TRANSCRIPT_gene-GU280_gp07	protein_coding	-1	c.*1110C>T	.	-1	-1	-1	-1	-1	-1	1110	downstream_gene_variant	NONE	c.*1110C>T	.	-1
NC_045512.2	28869	C	T	ORF7b	gene-GU280_gp08	MODIFIER	downstream_gene_variant	transcript	TRANSCRIPT_gene-GU280_gp08	protein_coding	-1	c.*982C>T	.	-1	-1	-1	-1	-1	-1	982	downstream_gene_variant	NONE	c.*982C>T	.	-1
NC_045512.2	28869	C	T	ORF8	gene-GU280_gp09	MODIFIER	downstream_gene_variant	transcript	TRANSCRIPT_gene-GU280_gp09	protein_coding	-1	c.*610C>T	.	-1	-1	-1	-1	-1	-1	610	downstream_gene_variant	NONE	c.*610C>T	.	-1
NC_045512.2	28881	G	A	N	gene-GU280_gp10	MODERATE	missense_variant	transcript	TRANSCRIPT_gene-GU280_gp10	protein_coding	1	c.608G>A	p.Arg203Lys	608	1260	608	1260	203	419	0	missense_variant	NONE	c.608G>A	p.Arg203Lys	419
NC_045512.2	28881	G	A	ORF10	gene-GU280_gp11	MODIFIER	upstream_gene_variant	transcript	TRANSCRIPT_gene-GU280_gp11	protein_coding	-1	c.-677G>A	.	-1	-1	-1	-1	-1	-1	677	upstream_gene_variant	NONE	c.-677G>A	.	-1
NC_045512.2	28881	G	A	S	gene-GU280_gp02	MODIFIER	downstream_gene_variant	transcript	TRANSCRIPT_gene-GU280_gp02	protein_coding	-1	c.*3497G>A	.	-1	-1	-1	-1	-1	-1	3497	downstream_gene_variant	NONE	c.*3497G>A	.	-1
NC_045512.2	28881	G	A	ORF3a	gene-GU280_gp03	MODIFIER	downstream_gene_variant	transcript	TRANSCRIPT_gene-GU280_gp03	protein_coding	-1	c.*2661G>A	.	-1	-1	-1	-1	-1	-1	2661	downstream_gene_variant	NONE	c.*2661G>A	.	-1
NC_045512.2	28881	G	A	E	gene-GU280_gp04	MODIFIER	downstream_gene_variant	transcript	TRANSCRIPT_gene-GU280_gp04	protein_coding	-1	c.*2409G>A	.	-1	-1	-1	-1	-1	-1	2409	downstream_gene_variant	NONE	c.*2409G>A	.	-1
NC_045512.2	28881	G	A	M	gene-GU280_gp05	MODIFIER	downstream_gene_variant	transcript	TRANSCRIPT_gene-GU280_gp05	protein_coding	-1	c.*1690G>A	.	-1	-1	-1	-1	-1	-1	1690	downstream_gene_variant	NONE	c.*1690G>A	.	-1
NC_045512.2	28881	G	A	ORF6	gene-GU280_gp06	MODIFIER	downstream_gene_variant	transcript	TRANSCRIPT_gene-GU280_gp06	protein_coding	-1	c.*1494G>A	.	-1	-1	-1	-1	-1	-1	1494	downstream_gene_variant	NONE	c.*1494G>A	.	-1
NC_045512.2	28881	G	A	ORF7a	gene-GU280_gp07	MODIFIER	downstream_gene_variant	transcript	TRANSCRIPT_gene-GU280_gp07	protein_coding	-1	c.*1122G>A	.	-1	-1	-1	-1	-1	-1	1122	downstream_gene_variant	NONE	c.*1122G>A	.	-1
NC_045512.2	28881	G	A	ORF7b	gene-GU280_gp08	MODIFIER	downstream_gene_variant	transcript	TRANSCRIPT_gene-GU280_gp08	protein_coding	-1	c.*994G>A	.	-1	-1	-1	-1	-1	-1	994	downstream_gene_variant	NONE	c.*994G>A	.	-1
NC_045512.2	28881	G	A	ORF8	gene-GU280_gp09	MODIFIER	downstream_gene_variant	transcript	TRANSCRIPT_gene-GU280_gp09	protein_coding	-1	c.*622G>A	.	-1	-1	-1	-1	-1	-1	622	downstream_gene_variant	NONE	c.*622G>A	.	-1
NC_045512.2	28882	G	A	N	gene-GU280_gp10	LOW	synonymous_variant	transcript	TRANSCRIPT_gene-GU280_gp10	protein_coding	1	c.609G>A	p.Arg203Arg	609	1260	609	1260	203	419	0	synonymous_variant	NONE	c.609G>A	p.Arg203Arg	419
NC_045512.2	28882	G	A	ORF10	gene-GU280_gp11	MODIFIER	upstream_gene_variant	transcript	TRANSCRIPT_gene-GU280_gp11	protein_coding	-1	c.-676G>A	.	-1	-1	-1	-1	-1	-1	676	upstream_gene_variant	NONE	c.-676G>A	.	-1
NC_045512.2	28882	G	A	S	gene-GU280_gp02	MODIFIER	downstream_gene_variant	transcript	TRANSCRIPT_gene-GU280_gp02	protein_coding	-1	c.*3498G>A	.	-1	-1	-1	-1	-1	-1	3498	downstream_gene_variant	NONE	c.*3498G>A	.	-1
NC_045512.2	28882	G	A	ORF3a	gene-GU280_gp03	MODIFIER	downstream_gene_variant	transcript	TRANSCRIPT_gene-GU280_gp03	protein_coding	-1	c.*2662G>A	.	-1	-1	-1	-1	-1	-1	2662	downstream_gene_variant	NONE	c.*2662G>A	.	-1
NC_045512.2	28882	G	A	E	gene-GU280_gp04	MODIFIER	downstream_gene_variant	transcript	TRANSCRIPT_gene-GU280_gp04	protein_coding	-1	c.*2410G>A	.	-1	-1	-1	-1	-1	-1	2410	downstream_gene_variant	NONE	c.*2410G>A	.	-1
NC_045512.2	28882	G	A	M	gene-GU280_gp05	MODIFIER	downstream_gene_variant	transcript	TRANSCRIPT_gene-GU280_gp05	protein_coding	-1	c.*1691G>A	.	-1	-1	-1	-1	-1	-1	1691	downstream_gene_variant	NONE	c.*1691G>A	.	-1
NC_045512.2	28882	G	A	ORF6	gene-GU280_gp06	MODIFIER	downstream_gene_variant	transcript	TRANSCRIPT_gene-GU280_gp06	protein_coding	-1	c.*1495G>A	.	-1	-1	-1	-1	-1	-1	1495	downstream_gene_variant	NONE	c.*1495G>A	.	-1
NC_045512.2	28882	G	A	ORF7a	gene-GU280_gp07	MODIFIER	downstream_gene_variant	transcript	TRANSCRIPT_gene-GU280_gp07	protein_coding	-1	c.*1123G>A	.	-1	-1	-1	-1	-1	-1	1123	downstream_gene_variant	NONE	c.*1123G>A	.	-1
NC_045512.2	28882	G	A	ORF7b	gene-GU280_gp08	MODIFIER	downstream_gene_variant	transcript	TRANSCRIPT_gene-GU280_gp08	protein_coding	-1	c.*995G>A	.	-1	-1	-1	-1	-1	-1	995	downstream_gene_variant	NONE	c.*995G>A	.	-1
NC_045512.2	28882	G	A	ORF8	gene-GU280_gp09	MODIFIER	downstream_gene_variant	transcript	TRANSCRIPT_gene-GU280_gp09	protein_coding	-1	c.*623G>A	.	-1	-1	-1	-1	-1	-1	623	downstream_gene_variant	NONE	c.*623G>A	.	-1
NC_045512.2	28883	G	C	N	gene-GU280_gp10	MODERATE	missense_variant	transcript	TRANSCRIPT_gene-GU280_gp10	protein_coding	1	c.610G>C	p.Gly204Arg	610	1260	610	1260	204	419	0	missense_variant	NONE	c.610G>C	p.Gly204Arg	419
NC_045512.2	28883	G	C	ORF10	gene-GU280_gp11	MODIFIER	upstream_gene_variant	transcript	TRANSCRIPT_gene-GU280_gp11	protein_coding	-1	c.-675G>C	.	-1	-1	-1	-1	-1	-1	675	upstream_gene_variant	NONE	c.-675G>C	.	-1
NC_045512.2	28883	G	C	S	gene-GU280_gp02	MODIFIER	downstream_gene_variant	transcript	TRANSCRIPT_gene-GU280_gp02	protein_coding	-1	c.*3499G>C	.	-1	-1	-1	-1	-1	-1	3499	downstream_gene_variant	NONE	c.*3499G>C	.	-1
NC_045512.2	28883	G	C	ORF3a	gene-GU280_gp03	MODIFIER	downstream_gene_variant	transcript	TRANSCRIPT_gene-GU280_gp03	protein_coding	-1	c.*2663G>C	.	-1	-1	-1	-1	-1	-1	2663	downstream_gene_variant	NONE	c.*2663G>C	.	-1
NC_045512.2	28883	G	C	E	gene-GU280_gp04	MODIFIER	downstream_gene_variant	transcript	TRANSCRIPT_gene-GU280_gp04	protein_coding	-1	c.*2411G>C	.	-1	-1	-1	-1	-1	-1	2411	downstream_gene_variant	NONE	c.*2411G>C	.	-1
NC_045512.2	28883	G	C	M	gene-GU280_gp05	MODIFIER	downstream_gene_variant	transcript	TRANSCRIPT_gene-GU280_gp05	protein_coding	-1	c.*1692G>C	.	-1	-1	-1	-1	-1	-1	1692	downstream_gene_variant	NONE	c.*1692G>C	.	-1
NC_045512.2	28883	G	C	ORF6	gene-GU280_gp06	MODIFIER	downstream_gene_variant	transcript	TRANSCRIPT_gene-GU280_gp06	protein_coding	-1	c.*1496G>C	.	-1	-1	-1	-1	-1	-1	1496	downstream_gene_variant	NONE	c.*1496G>C	.	-1
NC_045512.2	28883	G	C	ORF7a	gene-GU280_gp07	MODIFIER	downstream_gene_variant	transcript	TRANSCRIPT_gene-GU280_gp07	protein_coding	-1	c.*1124G>C	.	-1	-1	-1	-1	-1	-1	1124	downstream_gene_variant	NONE	c.*1124G>C	.	-1
NC_045512.2	28883	G	C	ORF7b	gene-GU280_gp08	MODIFIER	downstream_gene_variant	transcript	TRANSCRIPT_gene-GU280_gp08	protein_coding	-1	c.*996G>C	.	-1	-1	-1	-1	-1	-1	996	downstream_gene_variant	NONE	c.*996G>C	.	-1
NC_045512.2	28883	G	C	ORF8	gene-GU280_gp09	MODIFIER	downstream_gene_variant	transcript	TRANSCRIPT_gene-GU280_gp09	protein_coding	-1	c.*624G>C	.	-1	-1	-1	-1	-1	-1	624	downstream_gene_variant	NONE	c.*624G>C	.	-1
NC_045512.2	29051	C	CA	N	gene-GU280_gp10	HIGH	frameshift_variant	transcript	TRANSCRIPT_gene-GU280_gp10	protein_coding	1	c.783dupA	p.Arg262fs	784	1260	784	1260	262	419	0	frameshift_variant	NONE	c.783dupA	p.Arg262fs	419
NC_045512.2	29051	C	CA	ORF10	gene-GU280_gp11	MODIFIER	upstream_gene_variant	transcript	TRANSCRIPT_gene-GU280_gp11	protein_coding	-1	c.-507_-506insA	.	-1	-1	-1	-1	-1	-1	506	upstream_gene_variant	NONE	c.-507_-506insA	.	-1
NC_045512.2	29051	C	CA	S	gene-GU280_gp02	MODIFIER	downstream_gene_variant	transcript	TRANSCRIPT_gene-GU280_gp02	protein_coding	-1	c.*3667_*3668insA	.	-1	-1	-1	-1	-1	-1	3668	downstream_gene_variant	NONE	c.*3667_*3668insA	.	-1
NC_045512.2	29051	C	CA	ORF3a	gene-GU280_gp03	MODIFIER	downstream_gene_variant	transcript	TRANSCRIPT_gene-GU280_gp03	protein_coding	-1	c.*2831_*2832insA	.	-1	-1	-1	-1	-1	-1	2832	downstream_gene_variant	NONE	c.*2831_*2832insA	.	-1
NC_045512.2	29051	C	CA	E	gene-GU280_gp04	MODIFIER	downstream_gene_variant	transcript	TRANSCRIPT_gene-GU280_gp04	protein_coding	-1	c.*2579_*2580insA	.	-1	-1	-1	-1	-1	-1	2580	downstream_gene_variant	NONE	c.*2579_*2580insA	.	-1
NC_045512.2	29051	C	CA	M	gene-GU280_gp05	MODIFIER	downstream_gene_variant	transcript	TRANSCRIPT_gene-GU280_gp05	protein_coding	-1	c.*1860_*1861insA	.	-1	-1	-1	-1	-1	-1	1861	downstream_gene_variant	NONE	c.*1860_*1861insA	.	-1
NC_045512.2	29051	C	CA	ORF6	gene-GU280_gp06	MODIFIER	downstream_gene_variant	transcript	TRANSCRIPT_gene-GU280_gp06	protein_coding	-1	c.*1664_*1665insA	.	-1	-1	-1	-1	-1	-1	1665	downstream_gene_variant	NONE	c.*1664_*1665insA	.	-1
NC_045512.2	29051	C	CA	ORF7a	gene-GU280_gp07	MODIFIER	downstream_gene_variant	transcript	TRANSCRIPT_gene-GU280_gp07	protein_coding	-1	c.*1292_*1293insA	.	-1	-1	-1	-1	-1	-1	1293	downstream_gene_variant	NONE	c.*1292_*1293insA	.	-1
NC_045512.2	29051	C	CA	ORF7b	gene-GU280_gp08	MODIFIER	downstream_gene_variant	transcript	TRANSCRIPT_gene-GU280_gp08	protein_coding	-1	c.*1164_*1165insA	.	-1	-1	-1	-1	-1	-1	1165	downstream_gene_variant	NONE	c.*1164_*1165insA	.	-1
NC_045512.2	29051	C	CA	ORF8	gene-GU280_gp09	MODIFIER	downstream_gene_variant	transcript	TRANSCRIPT_gene-GU280_gp09	protein_coding	-1	c.*792_*793insA	.	-1	-1	-1	-1	-1	-1	793	downstream_gene_variant	NONE	c.*792_*793insA	.	-1
NC_045512.2	29402	G	T	N	gene-GU280_gp10	MODERATE	missense_variant	transcript	TRANSCRIPT_gene-GU280_gp10	protein_coding	1	c.1129G>T	p.Asp377Tyr	1129	1260	1129	1260	377	419	0	missense_variant	NONE	c.1129G>T	p.Asp377Tyr	419
NC_045512.2	29402	G	T	ORF10	gene-GU280_gp11	MODIFIER	upstream_gene_variant	transcript	TRANSCRIPT_gene-GU280_gp11	protein_coding	-1	c.-156G>T	.	-1	-1	-1	-1	-1	-1	156	upstream_gene_variant	NONE	c.-156G>T	.	-1
NC_045512.2	29402	G	T	S	gene-GU280_gp02	MODIFIER	downstream_gene_variant	transcript	TRANSCRIPT_gene-GU280_gp02	protein_coding	-1	c.*4018G>T	.	-1	-1	-1	-1	-1	-1	4018	downstream_gene_variant	NONE	c.*4018G>T	.	-1
NC_045512.2	29402	G	T	ORF3a	gene-GU280_gp03	MODIFIER	downstream_gene_variant	transcript	TRANSCRIPT_gene-GU280_gp03	protein_coding	-1	c.*3182G>T	.	-1	-1	-1	-1	-1	-1	3182	downstream_gene_variant	NONE	c.*3182G>T	.	-1
NC_045512.2	29402	G	T	E	gene-GU280_gp04	MODIFIER	downstream_gene_variant	transcript	TRANSCRIPT_gene-GU280_gp04	protein_coding	-1	c.*2930G>T	.	-1	-1	-1	-1	-1	-1	2930	downstream_gene_variant	NONE	c.*2930G>T	.	-1
NC_045512.2	29402	G	T	M	gene-GU280_gp05	MODIFIER	downstream_gene_variant	transcript	TRANSCRIPT_gene-GU280_gp05	protein_coding	-1	c.*2211G>T	.	-1	-1	-1	-1	-1	-1	2211	downstream_gene_variant	NONE	c.*2211G>T	.	-1
NC_045512.2	29402	G	T	ORF6	gene-GU280_gp06	MODIFIER	downstream_gene_variant	transcript	TRANSCRIPT_gene-GU280_gp06	protein_coding	-1	c.*2015G>T	.	-1	-1	-1	-1	-1	-1	2015	downstream_gene_variant	NONE	c.*2015G>T	.	-1
NC_045512.2	29402	G	T	ORF7a	gene-GU280_gp07	MODIFIER	downstream_gene_variant	transcript	TRANSCRIPT_gene-GU280_gp07	protein_coding	-1	c.*1643G>T	.	-1	-1	-1	-1	-1	-1	1643	downstream_gene_variant	NONE	c.*1643G>T	.	-1
NC_045512.2	29402	G	T	ORF7b	gene-GU280_gp08	MODIFIER	downstream_gene_variant	transcript	TRANSCRIPT_gene-GU280_gp08	protein_coding	-1	c.*1515G>T	.	-1	-1	-1	-1	-1	-1	1515	downstream_gene_variant	NONE	c.*1515G>T	.	-1
NC_045512.2	29402	G	T	ORF8	gene-GU280_gp09	MODIFIER	downstream_gene_variant	transcript	TRANSCRIPT_gene-GU280_gp09	protein_coding	-1	c.*1143G>T	.	-1	-1	-1	-1	-1	-1	1143	downstream_gene_variant	NONE	c.*1143G>T	.	-1
NC_045512.2	29669	A	T	ORF10	gene-GU280_gp11	MODERATE	missense_variant	transcript	TRANSCRIPT_gene-GU280_gp11	protein_coding	1	c.112A>T	p.Thr38Ser	112	117	112	117	38	38	0	missense_variant	NONE	c.112A>T	p.Thr38Ser	38
NC_045512.2	29669	A	T	S	gene-GU280_gp02	MODIFIER	downstream_gene_variant	transcript	TRANSCRIPT_gene-GU280_gp02	protein_coding	-1	c.*4285A>T	.	-1	-1	-1	-1	-1	-1	4285	downstream_gene_variant	NONE	c.*4285A>T	.	-1
NC_045512.2	29669	A	T	ORF3a	gene-GU280_gp03	MODIFIER	downstream_gene_variant	transcript	TRANSCRIPT_gene-GU280_gp03	protein_coding	-1	c.*3449A>T	.	-1	-1	-1	-1	-1	-1	3449	downstream_gene_variant	NONE	c.*3449A>T	.	-1
NC_045512.2	29669	A	T	E	gene-GU280_gp04	MODIFIER	downstream_gene_variant	transcript	TRANSCRIPT_gene-GU280_gp04	protein_coding	-1	c.*3197A>T	.	-1	-1	-1	-1	-1	-1	3197	downstream_gene_variant	NONE	c.*3197A>T	.	-1
NC_045512.2	29669	A	T	M	gene-GU280_gp05	MODIFIER	downstream_gene_variant	transcript	TRANSCRIPT_gene-GU280_gp05	protein_coding	-1	c.*2478A>T	.	-1	-1	-1	-1	-1	-1	2478	downstream_gene_variant	NONE	c.*2478A>T	.	-1
NC_045512.2	29669	A	T	ORF6	gene-GU280_gp06	MODIFIER	downstream_gene_variant	transcript	TRANSCRIPT_gene-GU280_gp06	protein_coding	-1	c.*2282A>T	.	-1	-1	-1	-1	-1	-1	2282	downstream_gene_variant	NONE	c.*2282A>T	.	-1
NC_045512.2	29669	A	T	ORF7a	gene-GU280_gp07	MODIFIER	downstream_gene_variant	transcript	TRANSCRIPT_gene-GU280_gp07	protein_coding	-1	c.*1910A>T	.	-1	-1	-1	-1	-1	-1	1910	downstream_gene_variant	NONE	c.*1910A>T	.	-1
NC_045512.2	29669	A	T	ORF7b	gene-GU280_gp08	MODIFIER	downstream_gene_variant	transcript	TRANSCRIPT_gene-GU280_gp08	protein_coding	-1	c.*1782A>T	.	-1	-1	-1	-1	-1	-1	1782	downstream_gene_variant	NONE	c.*1782A>T	.	-1
NC_045512.2	29669	A	T	ORF8	gene-GU280_gp09	MODIFIER	downstream_gene_variant	transcript	TRANSCRIPT_gene-GU280_gp09	protein_coding	-1	c.*1410A>T	.	-1	-1	-1	-1	-1	-1	1410	downstream_gene_variant	NONE	c.*1410A>T	.	-1
NC_045512.2	29669	A	T	N	gene-GU280_gp10	MODIFIER	downstream_gene_variant	transcript	TRANSCRIPT_gene-GU280_gp10	protein_coding	-1	c.*136A>T	.	-1	-1	-1	-1	-1	-1	136	downstream_gene_variant	NONE	c.*136A>T	.	-1
NC_045512.2	29749	ACGATCGAGTGTACAGTG	A	S	gene-GU280_gp02	MODIFIER	downstream_gene_variant	transcript	TRANSCRIPT_gene-GU280_gp02	protein_coding	-1	c.*4366_*4382delCGATCGAGTGTACAGTG	.	-1	-1	-1	-1	-1	-1	4366	downstream_gene_variant	NONE	c.*4366_*4382delCGATCGAGTGTACAGTG	.	-1
NC_045512.2	29749	ACGATCGAGTGTACAGTG	A	ORF3a	gene-GU280_gp03	MODIFIER	downstream_gene_variant	transcript	TRANSCRIPT_gene-GU280_gp03	protein_coding	-1	c.*3530_*3546delCGATCGAGTGTACAGTG	.	-1	-1	-1	-1	-1	-1	3530	downstream_gene_variant	NONE	c.*3530_*3546delCGATCGAGTGTACAGTG	.	-1
NC_045512.2	29749	ACGATCGAGTGTACAGTG	A	E	gene-GU280_gp04	MODIFIER	downstream_gene_variant	transcript	TRANSCRIPT_gene-GU280_gp04	protein_coding	-1	c.*3278_*3294delCGATCGAGTGTACAGTG	.	-1	-1	-1	-1	-1	-1	3278	downstream_gene_variant	NONE	c.*3278_*3294delCGATCGAGTGTACAGTG	.	-1
NC_045512.2	29749	ACGATCGAGTGTACAGTG	A	M	gene-GU280_gp05	MODIFIER	downstream_gene_variant	transcript	TRANSCRIPT_gene-GU280_gp05	protein_coding	-1	c.*2559_*2575delCGATCGAGTGTACAGTG	.	-1	-1	-1	-1	-1	-1	2559	downstream_gene_variant	NONE	c.*2559_*2575delCGATCGAGTGTACAGTG	.	-1
NC_045512.2	29749	ACGATCGAGTGTACAGTG	A	ORF6	gene-GU280_gp06	MODIFIER	downstream_gene_variant	transcript	TRANSCRIPT_gene-GU280_gp06	protein_coding	-1	c.*2363_*2379delCGATCGAGTGTACAGTG	.	-1	-1	-1	-1	-1	-1	2363	downstream_gene_variant	NONE	c.*2363_*2379delCGATCGAGTGTACAGTG	.	-1
NC_045512.2	29749	ACGATCGAGTGTACAGTG	A	ORF7a	gene-GU280_gp07	MODIFIER	downstream_gene_variant	transcript	TRANSCRIPT_gene-GU280_gp07	protein_coding	-1	c.*1991_*2007delCGATCGAGTGTACAGTG	.	-1	-1	-1	-1	-1	-1	1991	downstream_gene_variant	NONE	c.*1991_*2007delCGATCGAGTGTACAGTG	.	-1
NC_045512.2	29749	ACGATCGAGTGTACAGTG	A	ORF7b	gene-GU280_gp08	MODIFIER	downstream_gene_variant	transcript	TRANSCRIPT_gene-GU280_gp08	protein_coding	-1	c.*1863_*1879delCGATCGAGTGTACAGTG	.	-1	-1	-1	-1	-1	-1	1863	downstream_gene_variant	NONE	c.*1863_*1879delCGATCGAGTGTACAGTG	.	-1
NC_045512.2	29749	ACGATCGAGTGTACAGTG	A	ORF8	gene-GU280_gp09	MODIFIER	downstream_gene_variant	transcript	TRANSCRIPT_gene-GU280_gp09	protein_coding	-1	c.*1491_*1507delCGATCGAGTGTACAGTG	.	-1	-1	-1	-1	-1	-1	1491	downstream_gene_variant	NONE	c.*1491_*1507delCGATCGAGTGTACAGTG	.	-1
NC_045512.2	29749	ACGATCGAGTGTACAGTG	A	N	gene-GU280_gp10	MODIFIER	downstream_gene_variant	transcript	TRANSCRIPT_gene-GU280_gp10	protein_coding	-1	c.*217_*233delCGATCGAGTGTACAGTG	.	-1	-1	-1	-1	-1	-1	217	downstream_gene_variant	NONE	c.*217_*233delCGATCGAGTGTACAGTG	.	-1
NC_045512.2	29749	ACGATCGAGTGTACAGTG	A	ORF10	gene-GU280_gp11	MODIFIER	downstream_gene_variant	transcript	TRANSCRIPT_gene-GU280_gp11	protein_coding	-1	c.*76_*92delCGATCGAGTGTACAGTG	.	-1	-1	-1	-1	-1	-1	76	downstream_gene_variant	NONE	c.*76_*92delCGATCGAGTGTACAGTG	.	-1
NC_045512.2	29749	ACGATCGAGTGTACAGTG	A	ORF10-CHR_END	gene-GU280_gp11-CHR_END	MODIFIER	intergenic_region	intergenic_region	gene-GU280_gp11-CHR_END	.	-1	n.29750_29766delCGATCGAGTGTACAGTG	.	-1	-1	-1	-1	-1	-1	0	intergenic_region	NONE	n.29750_29766delCGATCGAGTGTACAGTG	.	-1
NC_045512.2	29766	G	A	S	gene-GU280_gp02	MODIFIER	downstream_gene_variant	transcript	TRANSCRIPT_gene-GU280_gp02	protein_coding	-1	c.*4382G>A	.	-1	-1	-1	-1	-1	-1	4382	downstream_gene_variant	NONE	c.*4382G>A	.	-1
NC_045512.2	29766	G	A	ORF3a	gene-GU280_gp03	MODIFIER	downstream_gene_variant	transcript	TRANSCRIPT_gene-GU280_gp03	protein_coding	-1	c.*3546G>A	.	-1	-1	-1	-1	-1	-1	3546	downstream_gene_variant	NONE	c.*3546G>A	.	-1
NC_045512.2	29766	G	A	E	gene-GU280_gp04	MODIFIER	downstream_gene_variant	transcript	TRANSCRIPT_gene-GU280_gp04	protein_coding	-1	c.*3294G>A	.	-1	-1	-1	-1	-1	-1	3294	downstream_gene_variant	NONE	c.*3294G>A	.	-1
NC_045512.2	29766	G	A	M	gene-GU280_gp05	MODIFIER	downstream_gene_variant	transcript	TRANSCRIPT_gene-GU280_gp05	protein_coding	-1	c.*2575G>A	.	-1	-1	-1	-1	-1	-1	2575	downstream_gene_variant	NONE	c.*2575G>A	.	-1
NC_045512.2	29766	G	A	ORF6	gene-GU280_gp06	MODIFIER	downstream_gene_variant	transcript	TRANSCRIPT_gene-GU280_gp06	protein_coding	-1	c.*2379G>A	.	-1	-1	-1	-1	-1	-1	2379	downstream_gene_variant	NONE	c.*2379G>A	.	-1
NC_045512.2	29766	G	A	ORF7a	gene-GU280_gp07	MODIFIER	downstream_gene_variant	transcript	TRANSCRIPT_gene-GU280_gp07	protein_coding	-1	c.*2007G>A	.	-1	-1	-1	-1	-1	-1	2007	downstream_gene_variant	NONE	c.*2007G>A	.	-1
NC_045512.2	29766	G	A	ORF7b	gene-GU280_gp08	MODIFIER	downstream_gene_variant	transcript	TRANSCRIPT_gene-GU280_gp08	protein_coding	-1	c.*1879G>A	.	-1	-1	-1	-1	-1	-1	1879	downstream_gene_variant	NONE	c.*1879G>A	.	-1
NC_045512.2	29766	G	A	ORF8	gene-GU280_gp09	MODIFIER	downstream_gene_variant	transcript	TRANSCRIPT_gene-GU280_gp09	protein_coding	-1	c.*1507G>A	.	-1	-1	-1	-1	-1	-1	1507	downstream_gene_variant	NONE	c.*1507G>A	.	-1
NC_045512.2	29766	G	A	N	gene-GU280_gp10	MODIFIER	downstream_gene_variant	transcript	TRANSCRIPT_gene-GU280_gp10	protein_coding	-1	c.*233G>A	.	-1	-1	-1	-1	-1	-1	233	downstream_gene_variant	NONE	c.*233G>A	.	-1
NC_045512.2	29766	G	A	ORF10	gene-GU280_gp11	MODIFIER	downstream_gene_variant	transcript	TRANSCRIPT_gene-GU280_gp11	protein_coding	-1	c.*92G>A	.	-1	-1	-1	-1	-1	-1	92	downstream_gene_variant	NONE	c.*92G>A	.	-1
NC_045512.2	29766	G	A	ORF10-CHR_END	gene-GU280_gp11-CHR_END	MODIFIER	intergenic_region	intergenic_region	gene-GU280_gp11-CHR_END	.	-1	n.29766G>A	.	-1	-1	-1	-1	-1	-1	0	intergenic_region	NONE	n.29766G>A	.	-1
