"","T733C","C2110T","C3267T","C5388A","T6954C","T7984C","C8832T","C10156T","C14120T","C14408T","T16176C","G17259T","C17436T","C19390T","C21855T","TTTA21990T","C23525T","G23593T","C23604A","C23709T","T24506G","G24914C","G26268T","G26268C","C27972T","G28048T","A28095T","A28111G","C28472T","C28869T","G28881A","G28882A","G28883C","C29095T","TA29377T","G29402T","G29422T","G29440T","CA29441C"
"SNP","T733C","C2110T","C3267T","C5388A","T6954C","T7984C","C8832T","C10156T","C14120T","C14408T","T16176C","G17259T","C17436T","C19390T","C21855T","TTTA21990T","C23525T","G23593T","C23604A","C23709T","T24506G","G24914C","G26268T","G26268C","C27972T","G28048T","A28095T","A28111G","C28472T","C28869T","G28881A","G28882A","G28883C","C29095T","TA29377T","G29402T","G29422T","G29440T","CA29441C"
"freq_1","0.0100000","1.0000000","0.9986390","0.9994930","1.0000000","0.9999370","0.9995760","0.9997590","1.0000000","0.9871260","0.9984860","0.0100000","0.0100000","0.9994340","1.0000000","0.9962720","0.0100000","0.0100000","0.9998140","0.9960090","0.9882730","1.0000000","0.5854550","0.4126810","0.9996480","0.9991800","0.9992940","0.9992940","0.0115342","0.0100000","0.9998790","0.9982940","0.9981690","0.0100000","0.0100000","0.0100000","0.0100000","0.9997170","0.0100000"
"freq_2","1","0.01","0.01","0.01","0.01","0.01","0.01","0.01","0.01","1 (low dp)","0.01","0.702113","0.015253","0.01","0.01","0.01","0.998924","0.01","0.990374 (low dp)","0.01","0.01","0.01","0.01","0.01","0.01","0.01","0.01","0.01","0.359418","0.01","1 (low dp)","1 (low dp)","1 (low dp)","0.0678733","0.01","0.01","0.01","0.01","0.01"
"freq_3","0.010000","0.998588","0.996744","0.999272","0.998998","0.999859","0.999452","0.999784","0.999787","0.999713","0.998524","0.010000","0.010000","1.000000","0.999704","0.991566","0.010000","0.010000","0.998875","0.999022","0.999707","0.999872","0.754742","0.244712","0.999291","0.997918","0.999030","0.999739","0.010000","0.010000","0.999834","0.999792","0.999300","0.010000","0.010000","0.010000","0.010000","0.999610","0.010000"
"freq_4","0.0100000","0.9997950","1.0000000","0.9991000","0.9993320","1.0000000","1.0000000","1.0000000","1.0000000","0.9994940","0.9999440","0.0100000","0.0100000","0.9988710","0.9994790","0.9794390","0.0100000","0.0100000","0.9982230","0.9998330","0.9996310","0.9998390","0.9826720","0.0173276","0.9991040","0.9997260","0.9995320","0.9995310","0.0100000","0.0100000","0.9997330","0.9998680","0.9997370","0.0100000","0.0100000","0.0100000","0.0100000","0.9990530","0.0100000"
"freq_5","0.0387297","0.01","0.01","0.01","0.01","0.01","0.01","0.0930233 (low dp)","0.01","0.01","0.01","0.01","0.0341515","0.01","0.01","0.01","0.581707 (low dp)","0.565357","0.419872","0.01","0.01","0.01","0.01","0.01","0.993814","1","0.01","0.01","0.0577605","0.147059","0.849656","0.848156","0.851127","0.01","0.01","0.140907","0.01","0.01","0.15162"
"freq_6","0.01","0.177778 (low dp)","0.013986 (low dp)","0.01","1 (low dp)","0.01","1 (low dp)","0.173998","0.01","0.01","0.527491","0.172036","0.602189","0.01","0.01","1 (low dp)","0.595634","0.0478834","0.61179","0.948681","1 (low dp)","1 (low dp)","0.130208 (low dp)","0.01","0.749015","0.74286","0.01","0.01","0.251307","0.395759","0.600867","0.597991","0.603022","0.373601","0.0349223","0.200491","0.0444172","0.0740402","0.01"
"freq_7","0.01","1 (low dp)","1 (low dp)","1 (low dp)","1 (low dp)","1","1 (low dp)","1","1 (low dp)","1 (low dp)","1","0.01","0.01","1 (low dp)","1 (low dp)","0.989599 (low dp)","0.01","0.01","0.999417","1","1 (low dp)","0.917832 (low dp)","0.956088","0.0436001","1","1","1","0.996226","0.01","0.01","0.999793","1","0.999592","0.01","0.01","0.01","0.01","0.934318","0.01"
"freq_8","0.01","1 (low dp)","1 (low dp)","1 (low dp)","1 (low dp)","1 (low dp)","1 (low dp)","1 (low dp)","1 (low dp)","1 (low dp)","0.968109","0.01","0.0174825","1 (low dp)","1 (low dp)","1 (low dp)","0.01","0.01","0.903181","0.817126 (low dp)","1 (low dp)","1 (low dp)","0.465226","0.0880157","0.999231","0.998621 (low dp)","1 (low dp)","1 (low dp)","0.01","0.01","1","1","1","0.01","0.0309832","0.01","0.143632","0.64487","0.0328836"
